[21:43:54] —— 准备从 QMT 拉取数据 —— 5分钟
  日期区间: 20250101 ~ 20260101
[21:43:59] 开始下载 5分钟: 20250101 ~ 20260101，板块=沪深A股，共 5205 只（请保持 miniQMT 已登录）。
[21:44:05] 
========== 正在下载 5分钟 ==========
[21:44:11] [5分钟] 第 1/5205 只: 600051.SH
[21:44:42] [5分钟] 1/5205: 600051.SH OK
[21:45:00] [5分钟 1/5205] 成功1，失败0，当前 600051.SH
[21:45:09] [5分钟] 第 2/5205 只: 605090.SH
[21:45:14] [5分钟] 2/5205: 605090.SH OK
[21:45:14] [5分钟] 第 3/5205 只: 600025.SH
[21:45:19] [5分钟] 3/5205: 600025.SH OK
[21:45:35] [5分钟] 第 4/5205 只: 601222.SH
[21:45:35] [5分钟] 4/5205: 601222.SH OK
[21:45:41] [5分钟] 第 5/5205 只: 688031.SH
[21:45:57] [5分钟] 5/5205: 688031.SH OK
[21:46:05] [5分钟] 第 6/5205 只: 603335.SH
[21:46:10] [5分钟] 6/5205: 603335.SH OK
[21:46:14] [5分钟] 第 7/5205 只: 688045.SH
[21:46:14] [5分钟] 7/5205: 688045.SH OK
[21:46:22] [5分钟] 第 8/5205 只: 603341.SH
[21:46:29] [5分钟] 8/5205: 603341.SH OK
[21:46:37] [5分钟] 第 9/5205 只: 600967.SH
[21:46:43] [5分钟] 9/5205: 600967.SH OK
[21:46:48] [5分钟] 第 10/5205 只: 603237.SH
[21:46:59] [5分钟] 10/5205: 603237.SH OK
[21:47:04] [5分钟] 第 11/5205 只: 688528.SH
[21:47:08] [5分钟] 11/5205: 688528.SH OK
[21:47:22] [5分钟] 第 12/5205 只: 688133.SH
[21:47:22] [5分钟] 12/5205: 688133.SH OK
[21:47:24] [5分钟] 第 13/5205 只: 603658.SH
[21:47:31] [5分钟] 13/5205: 603658.SH OK
[21:47:34] [5分钟] 第 14/5205 只: 600865.SH
[21:47:37] [5分钟] 14/5205: 600865.SH OK
[21:47:39] [5分钟] 第 15/5205 只: 688147.SH
[21:48:38] [5分钟] 15/5205: 688147.SH OK
[21:48:44] [5分钟] 第 16/5205 只: 605589.SH
[21:48:49] [5分钟] 16/5205: 605589.SH OK
[21:48:54] [5分钟] 第 17/5205 只: 600153.SH
[21:48:59] [5分钟] 17/5205: 600153.SH OK
[21:49:07] [5分钟] 第 18/5205 只: 600548.SH
[21:49:11] [5分钟] 18/5205: 600548.SH OK
[21:49:17] [5分钟] 第 19/5205 只: 688805.SH
[21:49:23] [5分钟] 19/5205: 688805.SH OK
[21:49:27] [5分钟] 第 20/5205 只: 600127.SH
[21:49:37] [5分钟] 20/5205: 600127.SH OK
[21:49:42] [5分钟] 第 21/5205 只: 688343.SH
[21:49:50] [5分钟] 21/5205: 688343.SH OK
[21:50:04] [5分钟] 第 22/5205 只: 688758.SH
[21:50:08] [5分钟] 22/5205: 688758.SH OK
[21:50:09] [5分钟] 第 23/5205 只: 603033.SH
[21:50:19] [5分钟] 23/5205: 603033.SH OK
[21:50:29] [5分钟] 第 24/5205 只: 603999.SH
[21:50:49] [5分钟] 24/5205: 603999.SH OK
[21:50:59] [5分钟] 第 25/5205 只: 688337.SH
[21:51:09] [5分钟] 25/5205: 688337.SH OK
[21:51:19] [5分钟] 第 26/5205 只: 600738.SH
[21:51:34] [5分钟] 26/5205: 600738.SH OK
[21:51:37] [5分钟] 第 27/5205 只: 600323.SH
[21:51:50] [5分钟] 27/5205: 600323.SH OK
[21:51:56] [5分钟] 第 28/5205 只: 601866.SH
[21:52:06] [5分钟] 28/5205: 601866.SH OK
[21:52:06] [5分钟] 第 29/5205 只: 600221.SH
[21:52:14] [5分钟] 29/5205: 600221.SH OK
[21:52:20] [5分钟] 第 30/5205 只: 600255.SH
[21:52:28] [5分钟] 30/5205: 600255.SH OK
[21:52:29] [5分钟] 第 31/5205 只: 605208.SH
[21:52:33] [5分钟] 31/5205: 605208.SH OK
[21:52:37] [5分钟] 第 32/5205 只: 601026.SH
[21:52:44] [5分钟] 32/5205: 601026.SH OK
[21:52:50] [5分钟] 第 33/5205 只: 688235.SH
[21:52:50] [5分钟] 33/5205: 688235.SH OK
[21:52:56] [5分钟] 第 34/5205 只: 603131.SH
[21:53:02] [5分钟] 34/5205: 603131.SH OK
[21:53:16] [5分钟] 第 35/5205 只: 601801.SH
[21:53:21] [5分钟] 35/5205: 601801.SH OK
[21:53:21] [5分钟] 第 36/5205 只: 603916.SH
[21:53:31] [5分钟] 36/5205: 603916.SH OK
[21:53:31] [5分钟] 第 37/5205 只: 600330.SH
[21:54:19] [5分钟] 37/5205: 600330.SH OK
[21:54:34] [5分钟] 第 38/5205 只: 605319.SH
[21:54:34] [5分钟] 38/5205: 605319.SH OK
[21:54:45] [5分钟] 第 39/5205 只: 688350.SH
[21:54:54] [5分钟] 39/5205: 688350.SH OK
[21:54:54] [5分钟] 第 40/5205 只: 603020.SH
[21:55:03] [5分钟] 40/5205: 603020.SH OK
[21:55:08] [5分钟] 第 41/5205 只: 601137.SH
[21:55:14] [5分钟] 41/5205: 601137.SH OK
[21:55:17] [5分钟] 第 42/5205 只: 688252.SH
[21:55:23] [5分钟] 42/5205: 688252.SH OK
[21:55:26] [5分钟] 第 43/5205 只: 603156.SH
[21:55:30] [5分钟] 43/5205: 603156.SH OK
[21:55:35] [5分钟] 第 44/5205 只: 603888.SH
[21:55:39] [5分钟] 44/5205: 603888.SH OK
[21:55:51] [5分钟] 第 45/5205 只: 688226.SH
[21:55:57] [5分钟] 45/5205: 688226.SH OK
[21:56:01] [5分钟] 第 46/5205 只: 603122.SH
[21:56:07] [5分钟] 46/5205: 603122.SH OK
[21:56:11] [5分钟] 第 47/5205 只: 600629.SH
[21:56:20] [5分钟] 47/5205: 600629.SH OK
[21:56:27] [5分钟] 第 48/5205 只: 600232.SH
[21:56:36] [5分钟] 48/5205: 600232.SH OK
[21:56:41] [5分钟] 第 49/5205 只: 603860.SH
[21:56:49] [5分钟] 49/5205: 603860.SH OK
[21:56:54] [5分钟] 第 50/5205 只: 600246.SH
[21:57:00] [5分钟] 50/5205: 600246.SH OK
[21:57:13] [5分钟 50/5205] 成功50，失败0，当前 600246.SH
[21:57:23] [5分钟] 第 51/5205 只: 605287.SH
[21:57:27] [5分钟] 51/5205: 605287.SH OK
[21:57:39] [5分钟] 第 52/5205 只: 688439.SH
[21:57:48] [5分钟] 52/5205: 688439.SH OK
[21:58:02] [5分钟] 第 53/5205 只: 601231.SH
[21:58:07] [5分钟] 53/5205: 601231.SH OK
[21:58:11] [5分钟] 第 54/5205 只: 688022.SH
[21:58:28] [5分钟] 54/5205: 688022.SH OK
[21:58:32] [5分钟] 第 55/5205 只: 603326.SH
[21:58:39] [5分钟] 55/5205: 603326.SH OK
[21:58:49] [5分钟] 第 56/5205 只: 600900.SH
[21:58:56] [5分钟] 56/5205: 600900.SH OK
[21:59:04] [5分钟] 第 57/5205 只: 688056.SH
[21:59:09] [5分钟] 57/5205: 688056.SH OK
[21:59:13] [5分钟] 第 58/5205 只: 603352.SH
[21:59:18] [5分钟] 58/5205: 603352.SH OK
[21:59:22] [5分钟] 第 59/5205 只: 600459.SH
[21:59:27] [5分钟] 59/5205: 600459.SH OK
[21:59:31] [5分钟] 第 60/5205 只: 600036.SH
[21:59:35] [5分钟] 60/5205: 600036.SH OK
[21:59:41] [5分钟] 第 61/5205 只: 688816.SH
[21:59:45] [5分钟] 61/5205: 688816.SH OK
[21:59:48] [5分钟] 第 62/5205 只: 605169.SH
[21:59:48] [5分钟] 62/5205: 605169.SH OK
[21:59:50] [5分钟] 第 63/5205 只: 600802.SH
[21:59:53] [5分钟] 63/5205: 600802.SH OK
[21:59:56] [5分钟] 第 64/5205 只: 601333.SH
[21:59:58] [5分钟] 64/5205: 601333.SH OK
[22:00:01] [5分钟] 第 65/5205 只: 688120.SH
[22:00:05] [5分钟] 65/5205: 688120.SH OK
[22:00:06] [5分钟] 第 66/5205 只: 601728.SH
[22:00:06] [5分钟] 66/5205: 601728.SH OK
[22:00:06] [5分钟] 第 67/5205 只: 600876.SH
[22:00:06] [5分钟] 67/5205: 600876.SH OK
[22:00:06] [5分钟] 第 68/5205 只: 603170.SH
[22:00:06] [5分钟] 68/5205: 603170.SH OK
[22:00:06] [5分钟] 第 69/5205 只: 600693.SH
[22:00:06] [5分钟] 69/5205: 600693.SH OK
[22:00:06] [5分钟] 第 70/5205 只: 600288.SH
[22:00:06] [5分钟] 70/5205: 600288.SH OK
[22:00:06] [5分钟] 第 71/5205 只: 688200.SH
[22:00:06] [5分钟] 71/5205: 688200.SH OK
[22:00:06] [5分钟] 第 72/5205 只: 688687.SH
[22:00:06] [5分钟] 72/5205: 688687.SH OK
[22:00:06] [5分钟] 第 73/5205 只: 603198.SH
[22:00:06] [5分钟] 73/5205: 603198.SH OK
[22:00:06] [5分钟] 第 74/5205 只: 603583.SH
[22:00:06] [5分钟] 74/5205: 603583.SH OK
[22:00:06] [5分钟] 第 75/5205 只: 601827.SH
[22:00:06] [5分钟] 75/5205: 601827.SH OK
[22:00:06] [5分钟] 第 76/5205 只: 688785.SH
[22:00:06] [5分钟] 76/5205: 688785.SH OK
[22:00:06] [5分钟] 第 77/5205 只: 600316.SH
[22:00:06] [5分钟] 77/5205: 600316.SH OK
[22:00:06] [5分钟] 第 78/5205 只: 600362.SH
[22:00:06] [5分钟] 78/5205: 600362.SH OK
[22:00:06] [5分钟] 第 79/5205 只: 600779.SH
[22:00:06] [5分钟] 79/5205: 600779.SH OK
[22:00:06] [5分钟] 第 80/5205 只: 603072.SH
[22:00:06] [5分钟] 80/5205: 603072.SH OK
[22:00:06] [5分钟] 第 81/5205 只: 688376.SH
[22:00:06] [5分钟] 81/5205: 688376.SH OK
[22:00:06] [5分钟] 第 82/5205 只: 603006.SH
[22:00:06] [5分钟] 82/5205: 603006.SH OK
[22:00:06] [5分钟] 第 83/5205 只: 600791.SH
[22:00:06] [5分钟] 83/5205: 600791.SH OK
[22:00:06] [5分钟] 第 84/5205 只: 601111.SH
[22:00:06] [5分钟] 84/5205: 601111.SH OK
[22:00:06] [5分钟] 第 85/5205 只: 688719.SH
[22:00:06] [5分钟] 85/5205: 688719.SH OK
[22:00:06] [5分钟] 第 86/5205 只: 688302.SH
[22:00:06] [5分钟] 86/5205: 688302.SH OK
[22:00:06] [5分钟] 第 87/5205 只: 600166.SH
[22:00:06] [5分钟] 87/5205: 600166.SH OK
[22:00:06] [5分钟] 第 88/5205 只: 603685.SH
[22:00:06] [5分钟] 88/5205: 603685.SH OK
[22:00:06] [5分钟] 第 89/5205 只: 688581.SH
[22:00:06] [5分钟] 89/5205: 688581.SH OK
[22:00:06] [5分钟] 第 90/5205 只: 600509.SH
[22:00:06] [5分钟] 90/5205: 600509.SH OK
[22:00:06] [5分钟] 第 91/5205 只: 603202.SH
[22:00:06] [5分钟] 91/5205: 603202.SH OK
[22:00:06] [5分钟] 第 92/5205 只: 603619.SH
[22:00:06] [5分钟] 92/5205: 603619.SH OK
[22:00:06] [5分钟] 第 93/5205 只: 600824.SH
[22:00:06] [5分钟] 93/5205: 600824.SH OK
[22:00:06] [5分钟] 第 94/5205 只: 600595.SH
[22:00:06] [5分钟] 94/5205: 600595.SH OK
[22:00:06] [5分钟] 第 95/5205 只: 688106.SH
[22:00:06] [5分钟] 95/5205: 688106.SH OK
[22:00:06] [5分钟] 第 96/5205 只: 603276.SH
[22:00:06] [5分钟] 96/5205: 603276.SH OK
[22:00:06] [5分钟] 第 97/5205 只: 600850.SH
[22:00:06] [5分钟] 97/5205: 600850.SH OK
[22:00:06] [5分钟] 第 98/5205 只: 688172.SH
[22:00:06] [5分钟] 98/5205: 688172.SH OK
[22:00:06] [5分钟] 第 99/5205 只: 688569.SH
[22:00:06] [5分钟] 99/5205: 688569.SH OK
[22:00:06] [5分钟] 第 100/5205 只: 600497.SH
[22:00:06] [5分钟] 100/5205: 600497.SH OK
[22:00:06] [5分钟 100/5205] 成功100，失败0，当前 600497.SH
[22:00:06] [5分钟] 第 101/5205 只: 688004.SH
[22:00:06] [5分钟] 101/5205: 688004.SH OK
[22:00:06] [5分钟] 第 102/5205 只: 603300.SH
[22:00:06] [5分钟] 102/5205: 603300.SH OK
[22:00:06] [5分钟] 第 103/5205 只: 600926.SH
[22:00:06] [5分钟] 103/5205: 600926.SH OK
[22:00:06] [5分钟] 第 104/5205 只: 601678.SH
[22:00:06] [5分钟] 104/5205: 601678.SH OK
[22:00:06] [5分钟] 第 105/5205 只: 688070.SH
[22:00:06] [5分钟] 105/5205: 688070.SH OK
[22:00:06] [5分钟] 第 106/5205 只: 600064.SH
[22:00:06] [5分钟] 106/5205: 600064.SH OK
[22:00:06] [5分钟] 第 107/5205 只: 688098.SH
[22:00:06] [5分钟] 107/5205: 688098.SH OK
[22:00:06] [5分钟] 第 108/5205 只: 600010.SH
[22:00:06] [5分钟] 108/5205: 600010.SH OK
[22:00:06] [5分钟] 第 109/5205 只: 603787.SH
[22:00:06] [5分钟] 109/5205: 603787.SH OK
[22:00:06] [5分钟] 第 110/5205 只: 603211.SH
[22:00:06] [5分钟] 110/5205: 603211.SH OK
[22:00:06] [5分钟] 第 111/5205 只: 600586.SH
[22:00:06] [5分钟] 111/5205: 600586.SH OK
[22:00:06] [5分钟] 第 112/5205 只: 688115.SH
[22:00:06] [5分钟] 112/5205: 688115.SH OK
[22:00:06] [5分钟] 第 113/5205 只: 600843.SH
[22:00:06] [5分钟] 113/5205: 600843.SH OK
[22:00:06] [5分钟] 第 114/5205 只: 605128.SH
[22:00:06] [5分钟] 114/5205: 605128.SH OK
[22:00:06] [5分钟] 第 115/5205 只: 688161.SH
[22:00:06] [5分钟] 115/5205: 688161.SH OK
[22:00:06] [5分钟] 第 116/5205 只: 603696.SH
[22:00:06] [5分钟] 116/5205: 603696.SH OK
[22:00:06] [5分钟] 第 117/5205 只: 688592.SH
[22:00:06] [5分钟] 117/5205: 688592.SH OK
[22:00:06] [5分钟] 第 118/5205 只: 688189.SH
[22:00:06] [5分钟] 118/5205: 688189.SH OK
[22:00:06] [5分钟] 第 119/5205 只: 600101.SH
[22:00:06] [5分钟] 119/5205: 600101.SH OK
[22:00:06] [5分钟] 第 120/5205 只: 601298.SH
[22:00:06] [5分钟] 120/5205: 601298.SH OK
[22:00:06] [5分钟] 第 121/5205 只: 600418.SH
[22:00:06] [5分钟] 121/5205: 600418.SH OK
[22:00:06] [5分钟] 第 122/5205 只: 688017.SH
[22:00:06] [5分钟] 122/5205: 688017.SH OK
[22:00:06] [5分钟] 第 123/5205 只: 603313.SH
[22:00:06] [5分钟] 123/5205: 603313.SH OK
[22:00:06] [5分钟] 第 124/5205 只: 603708.SH
[22:00:06] [5分钟] 124/5205: 603708.SH OK
[22:00:06] [5分钟] 第 125/5205 只: 600935.SH
[22:00:06] [5分钟] 125/5205: 600935.SH OK
[22:00:06] [5分钟] 第 126/5205 只: 688063.SH
[22:00:06] [5分钟] 126/5205: 688063.SH OK
[22:00:06] [5分钟] 第 127/5205 只: 688478.SH
[22:00:06] [5分钟] 127/5205: 688478.SH OK
[22:00:06] [5分钟] 第 128/5205 只: 603367.SH
[22:00:06] [5分钟] 128/5205: 603367.SH OK
[22:00:06] [5分钟] 第 129/5205 只: 600941.SH
[22:00:06] [5分钟] 129/5205: 600941.SH OK
[22:00:06] [5分钟] 第 130/5205 只: 600207.SH
[22:00:06] [5分钟] 130/5205: 600207.SH OK
[22:00:06] [5分钟] 第 131/5205 只: 603590.SH
[22:00:06] [5分钟] 131/5205: 603590.SH OK
[22:00:06] [5分钟] 第 132/5205 只: 603855.SH
[22:00:06] [5分钟] 132/5205: 603855.SH OK
[22:00:06] [5分钟] 第 133/5205 只: 600273.SH
[22:00:06] [5分钟] 133/5205: 600273.SH OK
[22:00:06] [5分钟] 第 134/5205 只: 600668.SH
[22:00:06] [5分钟] 134/5205: 600668.SH OK
[22:00:06] [5分钟] 第 135/5205 只: 688267.SH
[22:00:06] [5分钟] 135/5205: 688267.SH OK
[22:00:06] [5分钟] 第 136/5205 只: 603578.SH
[22:00:06] [5分钟] 136/5205: 603578.SH OK
[22:00:06] [5分钟] 第 137/5205 只: 603163.SH
[22:00:06] [5分钟] 137/5205: 603163.SH OK
[22:00:06] [5分钟] 第 138/5205 只: 601000.SH
[22:00:06] [5分钟] 138/5205: 601000.SH OK
[22:00:06] [5分钟] 第 139/5205 只: 688608.SH
[22:00:06] [5分钟] 139/5205: 688608.SH OK
[22:00:06] [5分钟] 第 140/5205 只: 688213.SH
[22:00:06] [5分钟] 140/5205: 688213.SH OK
[22:00:06] [5分钟] 第 141/5205 只: 603117.SH
[22:00:06] [5分钟] 141/5205: 603117.SH OK
[22:00:06] [5分钟] 第 142/5205 只: 603061.SH
[22:00:06] [5分钟] 142/5205: 603061.SH OK
[22:00:06] [5分钟] 第 143/5205 只: 688365.SH
[22:00:06] [5分钟] 143/5205: 688365.SH OK
[22:00:06] [5分钟] 第 144/5205 只: 603015.SH
[22:00:06] [5分钟] 144/5205: 603015.SH OK
[22:00:06] [5分钟] 第 145/5205 只: 605358.SH
[22:00:06] [5分钟] 145/5205: 605358.SH OK
[22:00:06] [5分钟] 第 146/5205 只: 600782.SH
[22:00:06] [5分钟] 146/5205: 600782.SH OK
[22:00:06] [5分钟] 第 147/5205 只: 600399.SH
[22:00:06] [5分钟] 147/5205: 600399.SH OK
[22:00:06] [5分钟] 第 148/5205 只: 601519.SH
[22:00:06] [5分钟] 148/5205: 601519.SH OK
[22:00:06] [5分钟] 第 149/5205 只: 688311.SH
[22:00:06] [5分钟] 149/5205: 688311.SH OK
[22:00:06] [5分钟] 第 150/5205 只: 603089.SH
[22:00:06] [5分钟] 150/5205: 603089.SH OK
[22:00:06] [5分钟 150/5205] 成功150，失败0，当前 603089.SH
[22:00:06] [5分钟] 第 151/5205 只: 688796.SH
[22:00:06] [5分钟] 151/5205: 688796.SH OK
[22:00:06] [5分钟] 第 152/5205 只: 600305.SH
[22:00:06] [5分钟] 152/5205: 600305.SH OK
[22:00:06] [5分钟] 第 153/5205 只: 600371.SH
[22:00:06] [5分钟] 153/5205: 600371.SH OK
[22:00:06] [5分钟] 第 154/5205 只: 600880.SH
[22:00:06] [5分钟] 154/5205: 600880.SH OK
[22:00:06] [5分钟] 第 155/5205 只: 688808.SH
[22:00:06] [5分钟] 155/5205: 688808.SH OK
[22:00:06] [5分钟] 第 156/5205 只: 600531.SH
[22:00:06] [5分钟] 156/5205: 600531.SH OK
[22:00:06] [5分钟] 第 157/5205 只: 600545.SH
[22:00:06] [5分钟] 157/5205: 600545.SH OK
[22:00:06] [5分钟] 第 158/5205 只: 603655.SH
[22:00:06] [5分钟] 158/5205: 603655.SH OK
[22:00:06] [5分钟] 第 159/5205 只: 600868.SH
[22:00:06] [5分钟] 159/5205: 600868.SH OK
[22:00:06] [5分钟] 第 160/5205 只: 688551.SH
[22:00:06] [5分钟] 160/5205: 688551.SH OK
[22:00:06] [5分钟] 第 161/5205 只: 605177.SH
[22:00:06] [5分钟] 161/5205: 605177.SH OK
[22:00:06] [5分钟] 第 162/5205 只: 688525.SH
[22:00:06] [5分钟] 162/5205: 688525.SH OK
[22:00:06] [5分钟] 第 163/5205 只: 688048.SH
[22:00:06] [5分钟] 163/5205: 688048.SH OK
[22:00:06] [5分钟] 第 164/5205 只: 603757.SH
[22:00:06] [5分钟] 164/5205: 603757.SH OK
[22:00:06] [5分钟] 第 165/5205 只: 605001.SH
[22:00:06] [5分钟] 165/5205: 605001.SH OK
[22:00:06] [5分钟] 第 166/5205 只: 603338.SH
[22:00:06] [5分钟] 166/5205: 603338.SH OK
[22:00:06] [5分钟] 第 167/5205 只: 600028.SH
[22:00:06] [5分钟] 167/5205: 600028.SH OK
[22:00:06] [5分钟] 第 168/5205 只: 600433.SH
[22:00:06] [5分钟] 168/5205: 600433.SH OK
[22:00:06] [5分钟] 第 169/5205 只: 600982.SH
[22:00:06] [5分钟] 169/5205: 600982.SH OK
[22:00:06] [5分钟] 第 170/5205 只: 688238.SH
[22:00:06] [5分钟] 170/5205: 688238.SH OK
[22:00:06] [5分钟] 第 171/5205 只: 688623.SH
[22:00:06] [5分钟] 171/5205: 688623.SH OK
[22:00:06] [5分钟] 第 172/5205 只: 603896.SH
[22:00:06] [5分钟] 172/5205: 603896.SH OK
[22:00:06] [5分钟] 第 173/5205 只: 603527.SH
[22:00:06] [5分钟] 173/5205: 603527.SH OK
[22:00:06] [5分钟] 第 174/5205 只: 688657.SH
[22:00:06] [5分钟] 174/5205: 688657.SH OK
[22:00:06] [5分钟] 第 175/5205 只: 600643.SH
[22:00:06] [5分钟] 175/5205: 600643.SH OK
[22:00:06] [5分钟] 第 176/5205 只: 600258.SH
[22:00:06] [5分钟] 176/5205: 600258.SH OK
[22:00:06] [5分钟] 第 177/5205 只: 605299.SH
[22:00:06] [5分钟] 177/5205: 605299.SH OK
[22:00:06] [5分钟] 第 178/5205 只: 601969.SH
[22:00:06] [5分钟] 178/5205: 601969.SH OK
[22:00:06] [5分钟] 第 179/5205 只: 600637.SH
[22:00:06] [5分钟] 179/5205: 600637.SH OK
[22:00:06] [5分钟] 第 180/5205 只: 600741.SH
[22:00:06] [5分钟] 180/5205: 600741.SH OK
[22:00:06] [5分钟] 第 181/5205 只: 603908.SH
[22:00:06] [5分钟] 181/5205: 603908.SH OK
[22:00:06] [5分钟] 第 182/5205 只: 600735.SH
[22:00:06] [5分钟] 182/5205: 600735.SH OK
[22:00:06] [5分钟] 第 183/5205 只: 688721.SH
[22:00:06] [5分钟] 183/5205: 688721.SH OK
[22:00:06] [5分钟] 第 184/5205 只: 688755.SH
[22:00:06] [5分钟] 184/5205: 688755.SH OK
[22:00:06] [5分钟] 第 185/5205 只: 600650.SH
[22:00:06] [5分钟] 185/5205: 600650.SH OK
[22:00:06] [5分钟] 第 186/5205 只: 603819.SH
[22:00:06] [5分钟] 186/5205: 603819.SH OK
[22:00:06] [5分钟] 第 187/5205 只: 600624.SH
[22:00:06] [5分钟] 187/5205: 600624.SH OK
[22:00:06] [5分钟] 第 188/5205 只: 601038.SH
[22:00:06] [5分钟] 188/5205: 601038.SH OK
[22:00:06] [5分钟] 第 189/5205 只: 688630.SH
[22:00:06] [5分钟] 189/5205: 688630.SH OK
[22:00:06] [5分钟] 第 190/5205 只: 603885.SH
[22:00:06] [5分钟] 190/5205: 603885.SH OK
[22:00:06] [5分钟] 第 191/5205 只: 601992.SH
[22:00:06] [5分钟] 191/5205: 601992.SH OK
[22:00:06] [5分钟] 第 192/5205 只: 601890.SH
[22:00:06] [5分钟] 192/5205: 601890.SH OK
[22:00:06] [5分钟] 第 193/5205 只: 688329.SH
[22:00:06] [5分钟] 193/5205: 688329.SH OK
[22:00:06] [5分钟] 第 194/5205 只: 603987.SH
[22:00:06] [5分钟] 194/5205: 603987.SH OK
[22:00:06] [5分钟] 第 195/5205 只: 603059.SH
[22:00:06] [5分钟] 195/5205: 603059.SH OK
[22:00:06] [5分钟] 第 196/5205 只: 601555.SH
[22:00:06] [5分钟] 196/5205: 601555.SH OK
[22:00:06] [5分钟] 第 197/5205 只: 605388.SH
[22:00:06] [5分钟] 197/5205: 605388.SH OK
[22:00:06] [5分钟] 第 198/5205 只: 601878.SH
[22:00:06] [5分钟] 198/5205: 601878.SH OK
[22:00:06] [5分钟] 第 199/5205 只: 600726.SH
[22:00:06] [5分钟] 199/5205: 600726.SH OK
[22:00:06] [5分钟] 第 200/5205 只: 688159.SH
[22:00:06] [5分钟] 200/5205: 688159.SH OK
[22:00:06] [5分钟 200/5205] 成功200，失败0，当前 688159.SH
[22:00:06] [5分钟] 第 201/5205 只: 603229.SH
[22:00:06] [5分钟] 201/5205: 603229.SH OK
[22:00:06] [5分钟] 第 202/5205 只: 688536.SH
[22:00:06] [5分钟] 202/5205: 688536.SH OK
[22:00:06] [5分钟] 第 203/5205 只: 600893.SH
[22:00:06] [5分钟] 203/5205: 600893.SH OK
[22:00:06] [5分钟] 第 204/5205 只: 600522.SH
[22:00:06] [5分钟] 204/5205: 600522.SH OK
[22:00:06] [5分钟] 第 205/5205 只: 600556.SH
[22:00:06] [5分钟] 205/5205: 600556.SH OK
[22:00:06] [5分钟] 第 206/5205 只: 600420.SH
[22:00:06] [5分钟] 206/5205: 600420.SH OK
[22:00:06] [5分钟] 第 207/5205 只: 600979.SH
[22:00:06] [5分钟] 207/5205: 600979.SH OK
[22:00:06] [5分钟] 第 208/5205 只: 603730.SH
[22:00:06] [5分钟] 208/5205: 603730.SH OK
[22:00:06] [5分钟] 第 209/5205 只: 605066.SH
[22:00:06] [5分钟] 209/5205: 605066.SH OK
[22:00:06] [5分钟] 第 210/5205 只: 601168.SH
[22:00:06] [5分钟] 210/5205: 601168.SH OK
[22:00:06] [5分钟] 第 211/5205 只: 603949.SH
[22:00:06] [5分钟] 211/5205: 603949.SH OK
[22:00:06] [5分钟] 第 212/5205 只: 600774.SH
[22:00:06] [5分钟] 212/5205: 600774.SH OK
[22:00:06] [5分钟] 第 213/5205 只: 603097.SH
[22:00:06] [5分钟] 213/5205: 603097.SH OK
[22:00:06] [5分钟] 第 214/5205 只: 688393.SH
[22:00:06] [5分钟] 214/5205: 688393.SH OK
[22:00:06] [5分钟] 第 215/5205 只: 688788.SH
[22:00:06] [5分钟] 215/5205: 688788.SH OK
[22:00:06] [5分钟] 第 216/5205 只: 600676.SH
[22:00:06] [5分钟] 216/5205: 600676.SH OK
[22:00:06] [5分钟] 第 217/5205 只: 688291.SH
[22:00:06] [5分钟] 217/5205: 688291.SH OK
[22:00:06] [5分钟] 第 218/5205 只: 600219.SH
[22:00:06] [5分钟] 218/5205: 600219.SH OK
[22:00:06] [5分钟] 第 219/5205 只: 600602.SH
[22:00:06] [5分钟] 219/5205: 600602.SH OK
[22:00:06] [5分钟] 第 220/5205 只: 603195.SH
[22:00:06] [5分钟] 220/5205: 603195.SH OK
[22:00:06] [5分钟] 第 221/5205 只: 601928.SH
[22:00:06] [5分钟] 221/5205: 601928.SH OK
[22:00:06] [5分钟] 第 222/5205 只: 600285.SH
[22:00:06] [5分钟] 222/5205: 600285.SH OK
[22:00:06] [5分钟] 第 223/5205 只: 688616.SH
[22:00:06] [5分钟] 223/5205: 688616.SH OK
[22:00:06] [5分钟] 第 224/5205 只: 603109.SH
[22:00:06] [5分钟] 224/5205: 603109.SH OK
[22:00:06] [5分钟] 第 225/5205 只: 688662.SH
[22:00:06] [5分钟] 225/5205: 688662.SH OK
[22:00:06] [5分钟] 第 226/5205 只: 688279.SH
[22:00:06] [5分钟] 226/5205: 688279.SH OK
[22:00:06] [5分钟] 第 227/5205 只: 603566.SH
[22:00:06] [5分钟] 227/5205: 603566.SH OK
[22:00:06] [5分钟] 第 228/5205 只: 688095.SH
[22:00:06] [5分钟] 228/5205: 688095.SH OK
[22:00:06] [5分钟] 第 229/5205 只: 600406.SH
[22:00:06] [5分钟] 229/5205: 600406.SH OK
[22:00:06] [5分钟] 第 230/5205 只: 603391.SH
[22:00:06] [5分钟] 230/5205: 603391.SH OK
[22:00:06] [5分钟] 第 231/5205 只: 688466.SH
[22:00:06] [5分钟] 231/5205: 688466.SH OK
[22:00:06] [5分钟] 第 232/5205 只: 603379.SH
[22:00:06] [5分钟] 232/5205: 603379.SH OK
[22:00:06] [5分钟] 第 233/5205 只: 600081.SH
[22:00:06] [5分钟] 233/5205: 600081.SH OK
[22:00:06] [5分钟] 第 234/5205 只: 688009.SH
[22:00:06] [5分钟] 234/5205: 688009.SH OK
[22:00:06] [5分钟] 第 235/5205 只: 601601.SH
[22:00:06] [5分钟] 235/5205: 601601.SH OK
[22:00:06] [5分钟] 第 236/5205 只: 603716.SH
[22:00:06] [5分钟] 236/5205: 603716.SH OK
[22:00:06] [5分钟] 第 237/5205 只: 603660.SH
[22:00:06] [5分钟] 237/5205: 603660.SH OK
[22:00:06] [5分钟] 第 238/5205 只: 605136.SH
[22:00:06] [5分钟] 238/5205: 605136.SH OK
[22:00:06] [5分钟] 第 239/5205 只: 601777.SH
[22:00:06] [5分钟] 239/5205: 601777.SH OK
[22:00:06] [5分钟] 第 240/5205 只: 600829.SH
[22:00:06] [5分钟] 240/5205: 600829.SH OK
[22:00:06] [5分钟] 第 241/5205 只: 600183.SH
[22:00:06] [5分钟] 241/5205: 600183.SH OK
[22:00:06] [5分钟] 第 242/5205 只: 600598.SH
[22:00:06] [5分钟] 242/5205: 600598.SH OK
[22:00:06] [5分钟] 第 243/5205 只: 688510.SH
[22:00:06] [5分钟] 243/5205: 688510.SH OK
[22:00:06] [5分钟] 第 244/5205 只: 601318.SH
[22:00:06] [5分钟] 244/5205: 601318.SH OK
[22:00:06] [5分钟] 第 245/5205 只: 603688.SH
[22:00:06] [5分钟] 245/5205: 603688.SH OK
[22:00:06] [5分钟] 第 246/5205 只: 603293.SH
[22:00:06] [5分钟] 246/5205: 603293.SH OK
[22:00:06] [5分钟] 第 247/5205 只: 688197.SH
[22:00:06] [5分钟] 247/5205: 688197.SH OK
[22:00:06] [5分钟] 第 248/5205 只: 600570.SH
[22:00:06] [5分钟] 248/5205: 600570.SH OK
[22:00:06] [5分钟] 第 249/5205 只: 688475.SH
[22:00:06] [5分钟] 249/5205: 688475.SH OK
[22:00:06] [5分钟] 第 250/5205 只: 601666.SH
[22:00:06] [5分钟] 250/5205: 601666.SH OK
[22:00:06] [5分钟 250/5205] 成功250，失败0，当前 601666.SH
[22:00:06] [5分钟] 第 251/5205 只: 600489.SH
[22:00:06] [5分钟] 251/5205: 600489.SH OK
[22:00:06] [5分钟] 第 252/5205 只: 688401.SH
[22:00:06] [5分钟] 252/5205: 688401.SH OK
[22:00:06] [5分钟] 第 253/5205 只: 600938.SH
[22:00:06] [5分钟] 253/5205: 600938.SH OK
[22:00:06] [5分钟] 第 254/5205 只: 600415.SH
[22:00:06] [5分钟] 254/5205: 600415.SH OK
[22:00:06] [5分钟] 第 255/5205 只: 603799.SH
[22:00:06] [5分钟] 255/5205: 603799.SH OK
[22:00:06] [5分钟] 第 256/5205 只: 603382.SH
[22:00:06] [5分钟] 256/5205: 603382.SH OK
[22:00:06] [5分钟] 第 257/5205 只: 600461.SH
[22:00:06] [5分钟] 257/5205: 600461.SH OK
[22:00:06] [5分钟] 第 258/5205 只: 603280.SH
[22:00:06] [5分钟] 258/5205: 603280.SH OK
[22:00:06] [5分钟] 第 259/5205 只: 688184.SH
[22:00:06] [5分钟] 259/5205: 688184.SH OK
[22:00:06] [5分钟] 第 260/5205 只: 600517.SH
[22:00:06] [5分钟] 260/5205: 600517.SH OK
[22:00:06] [5分钟] 第 261/5205 只: 600563.SH
[22:00:06] [5分钟] 261/5205: 600563.SH OK
[22:00:06] [5分钟] 第 262/5205 只: 600178.SH
[22:00:06] [5分钟] 262/5205: 600178.SH OK
[22:00:06] [5分钟] 第 263/5205 只: 603268.SH
[22:00:06] [5分钟] 263/5205: 603268.SH OK
[22:00:06] [5分钟] 第 264/5205 只: 688577.SH
[22:00:06] [5分钟] 264/5205: 688577.SH OK
[22:00:06] [5分钟] 第 265/5205 只: 603607.SH
[22:00:06] [5分钟] 265/5205: 603607.SH OK
[22:00:06] [5分钟] 第 266/5205 只: 605151.SH
[22:00:06] [5分钟] 266/5205: 605151.SH OK
[22:00:06] [5分钟] 第 267/5205 只: 688118.SH
[22:00:06] [5分钟] 267/5205: 688118.SH OK
[22:00:06] [5分钟] 第 268/5205 只: 688503.SH
[22:00:06] [5分钟] 268/5205: 688503.SH OK
[22:00:06] [5分钟] 第 269/5205 只: 601588.SH
[22:00:06] [5分钟] 269/5205: 601588.SH OK
[22:00:06] [5分钟] 第 270/5205 只: 688380.SH
[22:00:06] [5分钟] 270/5205: 688380.SH OK
[22:00:06] [5分钟] 第 271/5205 只: 600308.SH
[22:00:06] [5分钟] 271/5205: 600308.SH OK
[22:00:06] [5分钟] 第 272/5205 只: 600713.SH
[22:00:06] [5分钟] 272/5205: 600713.SH OK
[22:00:06] [5分钟] 第 273/5205 只: 603018.SH
[22:00:06] [5分钟] 273/5205: 603018.SH OK
[22:00:06] [5分钟] 第 274/5205 只: 688707.SH
[22:00:06] [5分钟] 274/5205: 688707.SH OK
[22:00:06] [5分钟] 第 275/5205 只: 603477.SH
[22:00:06] [5分钟] 275/5205: 603477.SH OK
[22:00:06] [5分钟] 第 276/5205 只: 688368.SH
[22:00:06] [5分钟] 276/5205: 688368.SH OK
[22:00:06] [5分钟] 第 277/5205 只: 688605.SH
[22:00:06] [5分钟] 277/5205: 688605.SH OK
[22:00:06] [5分钟] 第 278/5205 只: 603501.SH
[22:00:06] [5分钟] 278/5205: 603501.SH OK
[22:00:06] [5分钟] 第 279/5205 只: 688671.SH
[22:00:06] [5分钟] 279/5205: 688671.SH OK
[22:00:06] [5分钟] 第 280/5205 只: 603858.SH
[22:00:06] [5分钟] 280/5205: 603858.SH OK
[22:00:06] [5分钟] 第 281/5205 只: 600665.SH
[22:00:06] [5分钟] 281/5205: 600665.SH OK
[22:00:06] [5分钟] 第 282/5205 只: 688282.SH
[22:00:06] [5分钟] 282/5205: 688282.SH OK
[22:00:06] [5分钟] 第 283/5205 只: 688699.SH
[22:00:06] [5分钟] 283/5205: 688699.SH OK
[22:00:06] [5分钟] 第 284/5205 只: 600611.SH
[22:00:06] [5分钟] 284/5205: 600611.SH OK
[22:00:06] [5分钟] 第 285/5205 只: 603186.SH
[22:00:06] [5分钟] 285/5205: 603186.SH OK
[22:00:06] [5分钟] 第 286/5205 只: 603969.SH
[22:00:06] [5分钟] 286/5205: 603969.SH OK
[22:00:06] [5分钟] 第 287/5205 只: 600754.SH
[22:00:06] [5分钟] 287/5205: 600754.SH OK
[22:00:06] [5分钟] 第 288/5205 只: 600720.SH
[22:00:06] [5分钟] 288/5205: 600720.SH OK
[22:00:06] [5分钟] 第 289/5205 只: 605366.SH
[22:00:06] [5分钟] 289/5205: 605366.SH OK
[22:00:06] [5分钟] 第 290/5205 只: 603444.SH
[22:00:06] [5分钟] 290/5205: 603444.SH OK
[22:00:06] [5分钟] 第 291/5205 只: 688636.SH
[22:00:06] [5分钟] 291/5205: 688636.SH OK
[22:00:06] [5分钟] 第 292/5205 只: 603883.SH
[22:00:06] [5分钟] 292/5205: 603883.SH OK
[22:00:06] [5分钟] 第 293/5205 只: 603129.SH
[22:00:06] [5分钟] 293/5205: 603129.SH OK
[22:00:06] [5分钟] 第 294/5205 只: 688259.SH
[22:00:06] [5分钟] 294/5205: 688259.SH OK
[22:00:06] [5分钟] 第 295/5205 只: 600622.SH
[22:00:06] [5分钟] 295/5205: 600622.SH OK
[22:00:06] [5分钟] 第 296/5205 只: 600239.SH
[22:00:06] [5分钟] 296/5205: 600239.SH OK
[22:00:06] [5分钟] 第 297/5205 只: 601908.SH
[22:00:06] [5分钟] 297/5205: 601908.SH OK
[22:00:06] [5分钟] 第 298/5205 只: 603359.SH
[22:00:06] [5分钟] 298/5205: 603359.SH OK
[22:00:06] [5分钟] 第 299/5205 只: 688432.SH
[22:00:06] [5分钟] 299/5205: 688432.SH OK
[22:00:06] [5分钟] 第 300/5205 只: 688029.SH
[22:00:06] [5分钟] 300/5205: 688029.SH OK
[22:00:06] [5分钟 300/5205] 成功300，失败0，当前 688029.SH
[22:00:06] [5分钟] 第 301/5205 只: 605060.SH
[22:00:06] [5分钟] 301/5205: 605060.SH OK
[22:00:06] [5分钟] 第 302/5205 只: 600426.SH
[22:00:06] [5分钟] 302/5205: 600426.SH OK
[22:00:06] [5分钟] 第 303/5205 只: 600997.SH
[22:00:06] [5分钟] 303/5205: 600997.SH OK
[22:00:06] [5分钟] 第 304/5205 只: 600452.SH
[22:00:06] [5分钟] 304/5205: 600452.SH OK
[22:00:06] [5分钟] 第 305/5205 只: 605088.SH
[22:00:06] [5分钟] 305/5205: 605088.SH OK
[22:00:06] [5分钟] 第 306/5205 只: 600895.SH
[22:00:06] [5分钟] 306/5205: 600895.SH OK
[22:00:06] [5分钟] 第 307/5205 只: 600550.SH
[22:00:06] [5分钟] 307/5205: 600550.SH OK
[22:00:06] [5分钟] 第 308/5205 只: 605116.SH
[22:00:06] [5分钟] 308/5205: 605116.SH OK
[22:00:06] [5分钟] 第 309/5205 只: 605162.SH
[22:00:06] [5分钟] 309/5205: 605162.SH OK
[22:00:06] [5分钟] 第 310/5205 只: 600809.SH
[22:00:06] [5分钟] 310/5205: 600809.SH OK
[22:00:06] [5分钟] 第 311/5205 只: 688530.SH
[22:00:08] [5分钟] 311/5205: 688530.SH OK
[22:00:13] [5分钟] 第 312/5205 只: 600435.SH
[22:00:20] [5分钟] 312/5205: 600435.SH OK
[22:00:25] [5分钟] 第 313/5205 只: 600984.SH
[22:00:43] [5分钟] 313/5205: 600984.SH OK
[22:00:52] [5分钟] 第 314/5205 只: 688455.SH
[22:00:57] [5分钟] 314/5205: 688455.SH OK
[22:01:00] [5分钟] 第 315/5205 只: 605007.SH
[22:01:05] [5分钟] 315/5205: 605007.SH OK
[22:01:08] [5分钟] 第 316/5205 只: 601229.SH
[22:01:13] [5分钟] 316/5205: 601229.SH OK
[22:01:21] [5分钟] 第 317/5205 只: 603725.SH
[22:01:25] [5分钟] 317/5205: 603725.SH OK
[22:01:29] [5分钟] 第 318/5205 只: 600918.SH
[22:01:37] [5分钟] 318/5205: 600918.SH OK
[22:01:39] [5分钟] 第 319/5205 只: 603248.SH
[22:01:39] [5分钟] 319/5205: 603248.SH OK
[22:01:43] [5分钟] 第 320/5205 只: 688557.SH
[22:01:52] [5分钟] 320/5205: 688557.SH OK
[22:01:57] [5分钟] 第 321/5205 只: 688523.SH
[22:02:02] [5分钟] 321/5205: 688523.SH OK
[22:02:05] [5分钟] 第 322/5205 只: 688138.SH
[22:02:09] [5分钟] 322/5205: 688138.SH OK
[22:02:16] [5分钟] 第 323/5205 只: 600886.SH
[22:02:19] [5分钟] 323/5205: 600886.SH OK
[22:02:23] [5分钟] 第 324/5205 只: 600537.SH
[22:02:26] [5分钟] 324/5205: 600537.SH OK
[22:02:29] [5分钟] 第 325/5205 只: 605199.SH
[22:02:33] [5分钟] 325/5205: 605199.SH OK
[22:02:37] [5分钟] 第 326/5205 只: 600158.SH
[22:02:41] [5分钟] 326/5205: 600158.SH OK
[22:02:50] [5分钟] 第 327/5205 只: 600543.SH
[22:02:55] [5分钟] 327/5205: 600543.SH OK
[22:03:02] [5分钟] 第 328/5205 只: 603038.SH
[22:03:04] [5分钟] 328/5205: 603038.SH OK
[22:03:08] [5分钟] 第 329/5205 只: 603992.SH
[22:03:16] [5分钟] 329/5205: 603992.SH OK
[22:03:19] [5分钟] 第 330/5205 只: 688727.SH
[22:03:22] [5分钟] 330/5205: 688727.SH OK
[22:03:23] [5分钟] 第 331/5205 只: 688348.SH
[22:03:27] [5分钟] 331/5205: 688348.SH OK
[22:03:28] [5分钟] 第 332/5205 只: 600733.SH
[22:03:30] [5分钟] 332/5205: 600733.SH OK
[22:03:36] [5分钟] 第 333/5205 只: 600328.SH
[22:03:39] [5分钟] 333/5205: 600328.SH OK
[22:03:42] [5分钟] 第 334/5205 只: 603878.SH
[22:03:47] [5分钟] 334/5205: 603878.SH OK
[22:03:51] [5分钟] 第 335/5205 只: 600645.SH
[22:03:53] [5分钟] 335/5205: 600645.SH OK
[22:03:55] [5分钟] 第 336/5205 只: 688625.SH
[22:03:58] [5分钟] 336/5205: 688625.SH OK
[22:04:00] [5分钟] 第 337/5205 只: 603890.SH
[22:04:03] [5分钟] 337/5205: 603890.SH OK
[22:04:10] [5分钟] 第 338/5205 只: 605277.SH
[22:04:14] [5分钟] 338/5205: 605277.SH OK
[22:04:17] [5分钟] 第 339/5205 只: 688651.SH
[22:04:22] [5分钟] 339/5205: 688651.SH OK
[22:04:24] [5分钟] 第 340/5205 只: 601059.SH
[22:04:26] [5分钟] 340/5205: 601059.SH OK
[22:04:30] [5分钟] 第 341/5205 只: 600848.SH
[22:04:31] [5分钟] 341/5205: 600848.SH OK
[22:04:34] [5分钟] 第 342/5205 只: 605123.SH
[22:04:37] [5分钟] 342/5205: 605123.SH OK
[22:04:39] [5分钟] 第 343/5205 只: 688571.SH
[22:04:43] [5分钟] 343/5205: 688571.SH OK
[22:04:45] [5分钟] 第 344/5205 只: 603601.SH
[22:04:47] [5分钟] 344/5205: 603601.SH OK
[22:04:49] [5分钟] 第 345/5205 只: 600196.SH
[22:04:52] [5分钟] 345/5205: 600196.SH OK
[22:04:54] [5分钟] 第 346/5205 只: 688505.SH
[22:04:58] [5分钟] 346/5205: 688505.SH OK
[22:05:01] [5分钟] 第 347/5205 只: 603286.SH
[22:05:02] [5分钟] 347/5205: 603286.SH OK
[22:05:04] [5分钟] 第 348/5205 只: 688599.SH
[22:05:07] [5分钟] 348/5205: 688599.SH OK
[22:05:09] [5分钟] 第 349/5205 只: 688182.SH
[22:05:12] [5分钟] 349/5205: 688182.SH OK
[22:05:16] [5分钟] 第 350/5205 只: 600511.SH
[22:05:17] [5分钟] 350/5205: 600511.SH OK
[22:05:20] [5分钟 350/5205] 成功350，失败0，当前 600511.SH
[22:05:22] [5分钟] 第 351/5205 只: 688080.SH
[22:05:23] [5分钟] 351/5205: 688080.SH OK
[22:05:26] [5分钟] 第 352/5205 只: 601688.SH
[22:05:28] [5分钟] 352/5205: 601688.SH OK
[22:05:30] [5分钟] 第 353/5205 只: 600008.SH
[22:05:31] [5分钟] 353/5205: 600008.SH OK
[22:05:35] [5分钟] 第 354/5205 只: 600467.SH
[22:05:42] [5分钟] 354/5205: 600467.SH OK
[22:05:43] [5分钟] 第 355/5205 只: 688068.SH
[22:05:46] [5分钟] 355/5205: 688068.SH OK
[22:05:48] [5分钟] 第 356/5205 只: 603777.SH
[22:05:51] [5分钟] 356/5205: 603777.SH OK
[22:05:53] [5分钟] 第 357/5205 只: 600094.SH
[22:05:55] [5分钟] 357/5205: 600094.SH OK
[22:05:59] [5分钟] 第 358/5205 只: 603318.SH
[22:06:01] [5分钟] 358/5205: 603318.SH OK
[22:06:05] [5分钟] 第 359/5205 只: 603703.SH
[22:06:05] [5分钟] 359/5205: 603703.SH OK
[22:06:09] [5分钟] 第 360/5205 只: 605055.SH
[22:06:11] [5分钟] 360/5205: 605055.SH OK
[22:06:14] [5分钟] 第 361/5205 只: 600278.SH
[22:06:14] [5分钟] 361/5205: 600278.SH OK
[22:06:14] [5分钟] 第 362/5205 只: 600663.SH
[22:06:17] [5分钟] 362/5205: 600663.SH OK
[22:06:19] [5分钟] 第 363/5205 只: 601949.SH
[22:06:20] [5分钟] 363/5205: 601949.SH OK
[22:06:21] [5分钟] 第 364/5205 只: 600617.SH
[22:06:23] [5分钟] 364/5205: 600617.SH OK
[22:06:25] [5分钟] 第 365/5205 只: 603180.SH
[22:06:26] [5分钟] 365/5205: 603180.SH OK
[22:06:30] [5分钟] 第 366/5205 只: 688603.SH
[22:06:34] [5分钟] 366/5205: 688603.SH OK
[22:06:36] [5分钟] 第 367/5205 只: 688218.SH
[22:06:37] [5分钟] 367/5205: 688218.SH OK
[22:06:40] [5分钟] 第 368/5205 只: 603507.SH
[22:06:42] [5分钟] 368/5205: 603507.SH OK
[22:06:44] [5分钟] 第 369/5205 只: 688677.SH
[22:06:45] [5分钟] 369/5205: 688677.SH OK
[22:06:47] [5分钟] 第 370/5205 只: 603168.SH
[22:06:48] [5分钟] 370/5205: 603168.SH OK
[22:06:51] [5分钟] 第 371/5205 只: 600789.SH
[22:06:52] [5分钟] 371/5205: 600789.SH OK
[22:06:54] [5分钟] 第 372/5205 只: 600392.SH
[22:06:55] [5分钟] 372/5205: 600392.SH OK
[22:06:57] [5分钟] 第 373/5205 只: 688701.SH
[22:07:00] [5分钟] 373/5205: 688701.SH OK
[22:07:02] [5分钟] 第 374/5205 只: 601512.SH
[22:07:04] [5分钟] 374/5205: 601512.SH OK
[22:07:07] [5分钟] 第 375/5205 只: 601566.SH
[22:07:11] [5分钟] 375/5205: 601566.SH OK
[22:07:13] [5分钟] 第 376/5205 只: 688775.SH
[22:07:14] [5分钟] 376/5205: 688775.SH OK
[22:07:16] [5分钟] 第 377/5205 只: 600761.SH
[22:07:18] [5分钟] 377/5205: 600761.SH OK
[22:07:20] [5分钟] 第 378/5205 只: 603082.SH
[22:07:23] [5分钟] 378/5205: 603082.SH OK
[22:07:23] [5分钟] 第 379/5205 只: 603499.SH
[22:07:27] [5分钟] 379/5205: 603499.SH OK
[22:07:29] [5分钟] 第 380/5205 只: 603928.SH
[22:07:32] [5分钟] 380/5205: 603928.SH OK
[22:07:33] [5分钟] 第 381/5205 只: 688386.SH
[22:07:35] [5分钟] 381/5205: 688386.SH OK
[22:07:36] [5分钟] 第 382/5205 只: 600715.SH
[22:07:38] [5分钟] 382/5205: 600715.SH OK
[22:07:40] [5分钟] 第 383/5205 只: 600698.SH
[22:07:43] [5分钟] 383/5205: 600698.SH OK
[22:07:45] [5分钟] 第 384/5205 只: 600283.SH
[22:07:46] [5分钟] 384/5205: 600283.SH OK
[22:07:48] [5分钟] 第 385/5205 只: 601018.SH
[22:07:50] [5分钟] 385/5205: 601018.SH OK
[22:07:52] [5分钟] 第 386/5205 只: 688610.SH
[22:07:54] [5分钟] 386/5205: 688610.SH OK
[22:07:56] [5分钟] 第 387/5205 只: 603839.SH
[22:08:00] [5分钟] 387/5205: 603839.SH OK
[22:08:02] [5分钟] 第 388/5205 只: 688297.SH
[22:08:05] [5分钟] 388/5205: 688297.SH OK
[22:08:08] [5分钟] 第 389/5205 只: 600604.SH
[22:08:11] [5分钟] 389/5205: 600604.SH OK
[22:08:15] [5分钟] 第 390/5205 只: 603193.SH
[22:08:18] [5分钟] 390/5205: 603193.SH OK
[22:08:20] [5分钟] 第 391/5205 只: 603588.SH
[22:08:22] [5分钟] 391/5205: 603588.SH OK
[22:08:23] [5分钟] 第 392/5205 只: 601858.SH
[22:08:25] [5分钟] 392/5205: 601858.SH OK
[22:08:29] [5分钟] 第 393/5205 只: 600369.SH
[22:08:30] [5分钟] 393/5205: 600369.SH OK
[22:08:34] [5分钟] 第 394/5205 只: 603091.SH
[22:08:36] [5分钟] 394/5205: 603091.SH OK
[22:08:36] [5分钟] 第 395/5205 只: 601186.SH
[22:08:38] [5分钟] 395/5205: 601186.SH OK
[22:08:43] [5分钟] 第 396/5205 只: 688395.SH
[22:08:45] [5分钟] 396/5205: 688395.SH OK
[22:08:47] [5分钟] 第 397/5205 只: 600706.SH
[22:08:49] [5分钟] 397/5205: 600706.SH OK
[22:08:52] [5分钟] 第 398/5205 只: 603416.SH
[22:08:55] [5分钟] 398/5205: 603416.SH OK
[22:08:56] [5分钟] 第 399/5205 只: 600381.SH
[22:09:00] [5分钟] 399/5205: 600381.SH OK
[22:09:01] [5分钟] 第 400/5205 只: 688712.SH
[22:09:02] [5分钟] 400/5205: 688712.SH OK
[22:09:04] [5分钟 400/5205] 成功400，失败0，当前 688712.SH
[22:09:06] [5分钟] 第 401/5205 只: 688309.SH
[22:09:08] [5分钟] 401/5205: 688309.SH OK
[22:09:10] [5分钟] 第 402/5205 只: 603079.SH
[22:09:14] [5分钟] 402/5205: 603079.SH OK
[22:09:15] [5分钟] 第 403/5205 只: 688766.SH
[22:09:18] [5分钟] 403/5205: 688766.SH OK
[22:09:22] [5分钟] 第 404/5205 只: 688191.SH
[22:09:25] [5分钟] 404/5205: 688191.SH OK
[22:09:27] [5分钟] 第 405/5205 只: 601799.SH
[22:09:29] [5分钟] 405/5205: 601799.SH OK
[22:09:31] [5分钟] 第 406/5205 只: 600502.SH
[22:09:32] [5分钟] 406/5205: 600502.SH OK
[22:09:33] [5分钟] 第 407/5205 只: 600119.SH
[22:09:34] [5分钟] 407/5205: 600119.SH OK
[22:09:37] [5分钟] 第 408/5205 只: 600576.SH
[22:09:37] [5分钟] 408/5205: 600576.SH OK
[22:09:38] [5分钟] 第 409/5205 只: 603666.SH
[22:09:39] [5分钟] 409/5205: 603666.SH OK
[22:09:39] [5分钟] 第 410/5205 只: 688179.SH
[22:09:41] [5分钟] 410/5205: 688179.SH OK
[22:09:44] [5分钟] 第 411/5205 只: 688562.SH
[22:09:46] [5分钟] 411/5205: 688562.SH OK
[22:09:48] [5分钟] 第 412/5205 只: 603209.SH
[22:09:49] [5分钟] 412/5205: 603209.SH OK
[22:09:50] [5分钟] 第 413/5205 只: 603612.SH
[22:09:52] [5分钟] 413/5205: 603612.SH OK
[22:09:55] [5分钟] 第 414/5205 只: 600185.SH
[22:09:57] [5分钟] 414/5205: 600185.SH OK
[22:09:57] [5分钟] 第 415/5205 只: 688516.SH
[22:10:00] [5分钟] 415/5205: 688516.SH OK
[22:10:01] [5分钟] 第 416/5205 只: 600959.SH
[22:10:02] [5分钟] 416/5205: 600959.SH OK
[22:10:03] [5分钟] 第 417/5205 只: 601607.SH
[22:10:05] [5分钟] 417/5205: 601607.SH OK
[22:10:06] [5分钟] 第 418/5205 只: 688488.SH
[22:10:09] [5分钟] 418/5205: 688488.SH OK
[22:10:10] [5分钟] 第 419/5205 只: 688093.SH
[22:10:12] [5分钟] 419/5205: 688093.SH OK
[22:10:13] [5分钟] 第 420/5205 只: 600400.SH
[22:10:14] [5分钟] 420/5205: 600400.SH OK
[22:10:16] [5分钟] 第 421/5205 只: 600234.SH
[22:10:17] [5分钟] 421/5205: 600234.SH OK
[22:10:18] [5分钟] 第 422/5205 只: 603866.SH
[22:10:19] [5分钟] 422/5205: 603866.SH OK
[22:10:22] [5分钟] 第 423/5205 只: 603150.SH
[22:10:23] [5分钟] 423/5205: 603150.SH OK
[22:10:25] [5分钟] 第 424/5205 只: 688220.SH
[22:10:29] [5分钟] 424/5205: 688220.SH OK
[22:10:30] [5分钟] 第 425/5205 只: 601033.SH
[22:10:31] [5分钟] 425/5205: 601033.SH OK
[22:10:32] [5分钟] 第 426/5205 只: 603124.SH
[22:10:34] [5分钟] 426/5205: 603124.SH OK
[22:10:37] [5分钟] 第 427/5205 只: 601999.SH
[22:10:39] [5分钟] 427/5205: 601999.SH OK
[22:10:39] [5分钟] 第 428/5205 只: 603052.SH
[22:10:41] [5分钟] 428/5205: 603052.SH OK
[22:10:43] [5分钟] 第 429/5205 只: 688356.SH
[22:10:45] [5分钟] 429/5205: 688356.SH OK
[22:10:45] [5分钟] 第 430/5205 只: 603026.SH
[22:10:46] [5分钟] 430/5205: 603026.SH OK
[22:10:47] [5分钟] 第 431/5205 只: 688322.SH
[22:10:48] [5分钟] 431/5205: 688322.SH OK
[22:10:49] [5分钟] 第 432/5205 只: 688739.SH
[22:10:51] [5分钟] 432/5205: 688739.SH OK
[22:10:52] [5分钟] 第 433/5205 只: 600336.SH
[22:10:53] [5分钟] 433/5205: 600336.SH OK
[22:10:55] [5分钟] 第 434/5205 只: 600759.SH
[22:10:59] [5分钟] 434/5205: 600759.SH OK
[22:11:01] [5分钟] 第 435/5205 只: 603639.SH
[22:11:02] [5分钟] 435/5205: 603639.SH OK
[22:11:03] [5分钟] 第 436/5205 只: 603222.SH
[22:11:04] [5分钟] 436/5205: 603222.SH OK
[22:11:05] [5分钟] 第 437/5205 只: 688126.SH
[22:11:08] [5分钟] 437/5205: 688126.SH OK
[22:11:09] [5分钟] 第 438/5205 只: 603256.SH
[22:11:11] [5分钟] 438/5205: 603256.SH OK
[22:11:12] [5分钟] 第 439/5205 只: 605500.SH
[22:11:13] [5分钟] 439/5205: 605500.SH OK
[22:11:14] [5分钟] 第 440/5205 只: 688549.SH
[22:11:15] [5分钟] 440/5205: 688549.SH OK
[22:11:17] [5分钟] 第 441/5205 只: 688152.SH
[22:11:18] [5分钟] 441/5205: 688152.SH OK
[22:11:18] [5分钟] 第 442/5205 只: 600132.SH
[22:11:20] [5分钟] 442/5205: 600132.SH OK
[22:11:22] [5分钟] 第 443/5205 只: 600529.SH
[22:11:23] [5分钟] 443/5205: 600529.SH OK
[22:11:24] [5分钟] 第 444/5205 只: 600030.SH
[22:11:25] [5分钟] 444/5205: 600030.SH OK
[22:11:27] [5分钟] 第 445/5205 只: 603320.SH
[22:11:28] [5分钟] 445/5205: 603320.SH OK
[22:11:29] [5分钟] 第 446/5205 只: 600906.SH
[22:11:32] [5分钟] 446/5205: 600906.SH OK
[22:11:33] [5分钟] 第 447/5205 只: 601658.SH
[22:11:34] [5分钟] 447/5205: 601658.SH OK
[22:11:34] [5分钟] 第 448/5205 只: 688050.SH
[22:11:35] [5分钟] 448/5205: 688050.SH OK
[22:11:37] [5分钟] 第 449/5205 只: 600155.SH
[22:11:39] [5分钟] 449/5205: 600155.SH OK
[22:11:41] [5分钟] 第 450/5205 只: 600121.SH
[22:11:42] [5分钟] 450/5205: 600121.SH OK
[22:11:43] [5分钟 450/5205] 成功450，失败0，当前 600121.SH
[22:11:43] [5分钟] 第 451/5205 只: 603231.SH
[22:11:44] [5分钟] 451/5205: 603231.SH OK
[22:11:45] [5分钟] 第 452/5205 只: 600817.SH
[22:11:46] [5分钟] 452/5205: 600817.SH OK
[22:11:47] [5分钟] 第 453/5205 只: 605567.SH
[22:11:47] [5分钟] 453/5205: 605567.SH OK
[22:11:48] [5分钟] 第 454/5205 只: 688135.SH
[22:11:50] [5分钟] 454/5205: 688135.SH OK
[22:11:51] [5分钟] 第 455/5205 只: 601326.SH
[22:11:52] [5分钟] 455/5205: 601326.SH OK
[22:11:52] [5分钟] 第 456/5205 只: 600863.SH
[22:11:53] [5分钟] 456/5205: 600863.SH OK
[22:11:53] [5分钟] 第 457/5205 只: 605108.SH
[22:11:54] [5分钟] 457/5205: 605108.SH OK
[22:11:54] [5分钟] 第 458/5205 只: 688141.SH
[22:11:56] [5分钟] 458/5205: 688141.SH OK
[22:11:58] [5分钟] 第 459/5205 只: 688037.SH
[22:11:59] [5分钟] 459/5205: 688037.SH OK
[22:12:01] [5分钟] 第 460/5205 只: 603728.SH
[22:12:02] [5分钟] 460/5205: 603728.SH OK
[22:12:03] [5分钟] 第 461/5205 只: 603333.SH
[22:12:05] [5分钟] 461/5205: 603333.SH OK
[22:12:06] [5分钟] 第 462/5205 只: 688458.SH
[22:12:07] [5分钟] 462/5205: 688458.SH OK
[22:12:09] [5分钟] 第 463/5205 只: 600961.SH
[22:12:11] [5分钟] 463/5205: 600961.SH OK
[22:12:12] [5分钟] 第 464/5205 只: 600057.SH
[22:12:14] [5分钟] 464/5205: 600057.SH OK
[22:12:15] [5分钟] 第 465/5205 只: 600023.SH
[22:12:17] [5分钟] 465/5205: 600023.SH OK
[22:12:18] [5分钟] 第 466/5205 只: 600438.SH
[22:12:20] [5分钟] 466/5205: 600438.SH OK
[22:12:21] [5分钟] 第 467/5205 只: 600989.SH
[22:12:22] [5分钟] 467/5205: 600989.SH OK
[22:12:23] [5分钟] 第 468/5205 只: 688247.SH
[22:12:24] [5分钟] 468/5205: 688247.SH OK
[22:12:24] [5分钟] 第 469/5205 只: 603558.SH
[22:12:25] [5分钟] 469/5205: 603558.SH OK
[22:12:25] [5分钟] 第 470/5205 只: 688233.SH
[22:12:27] [5分钟] 470/5205: 688233.SH OK
[22:12:28] [5分钟] 第 471/5205 只: 601020.SH
[22:12:28] [5分钟] 471/5205: 601020.SH OK
[22:12:30] [5分钟] 第 472/5205 只: 688628.SH
[22:12:31] [5分钟] 472/5205: 688628.SH OK
[22:12:32] [5分钟] 第 473/5205 只: 603137.SH
[22:12:33] [5分钟] 473/5205: 603137.SH OK
[22:12:35] [5分钟] 第 474/5205 只: 603801.SH
[22:12:35] [5分钟] 474/5205: 603801.SH OK
[22:12:37] [5分钟] 第 475/5205 只: 600227.SH
[22:12:37] [5分钟] 475/5205: 600227.SH OK
[22:12:38] [5分钟] 第 476/5205 只: 601916.SH
[22:12:38] [5分钟] 476/5205: 601916.SH OK
[22:12:39] [5分钟] 第 477/5205 只: 600648.SH
[22:12:40] [5分钟] 477/5205: 600648.SH OK
[22:12:41] [5分钟] 第 478/5205 只: 603903.SH
[22:12:42] [5分钟] 478/5205: 603903.SH OK
[22:12:42] [5分钟] 第 479/5205 只: 600325.SH
[22:12:43] [5分钟] 479/5205: 600325.SH OK
[22:12:44] [5分钟] 第 480/5205 只: 601860.SH
[22:12:44] [5分钟] 480/5205: 601860.SH OK
[22:12:46] [5分钟] 第 481/5205 只: 603977.SH
[22:12:46] [5分钟] 481/5205: 603977.SH OK
[22:12:47] [5分钟] 第 482/5205 只: 600351.SH
[22:12:47] [5分钟] 482/5205: 600351.SH OK
[22:12:48] [5分钟] 第 483/5205 只: 603041.SH
[22:12:49] [5分钟] 483/5205: 603041.SH OK
[22:12:50] [5分钟] 第 484/5205 只: 601156.SH
[22:12:50] [5分钟] 484/5205: 601156.SH OK
[22:12:51] [5分钟] 第 485/5205 只: 688345.SH
[22:12:52] [5分钟] 485/5205: 688345.SH OK
[22:12:54] [5分钟] 第 486/5205 只: 603035.SH
[22:12:54] [5分钟] 486/5205: 603035.SH OK
[22:12:55] [5分钟] 第 487/5205 只: 601888.SH
[22:12:56] [5分钟] 487/5205: 601888.SH OK
[22:12:57] [5分钟] 第 488/5205 只: 605378.SH
[22:12:58] [5分钟] 488/5205: 605378.SH OK
[22:12:59] [5分钟] 第 489/5205 只: 688331.SH
[22:13:00] [5分钟] 489/5205: 688331.SH OK
[22:13:00] [5分钟] 第 490/5205 只: 600099.SH
[22:13:01] [5分钟] 490/5205: 600099.SH OK
[22:13:02] [5分钟] 第 491/5205 只: 600482.SH
[22:13:02] [5分钟] 491/5205: 600482.SH OK
[22:13:03] [5分钟] 第 492/5205 只: 688011.SH
[22:13:05] [5分钟] 492/5205: 688011.SH OK
[22:13:06] [5分钟] 第 493/5205 只: 601619.SH
[22:13:06] [5分钟] 493/5205: 601619.SH OK
[22:13:07] [5分钟] 第 494/5205 只: 603315.SH
[22:13:07] [5分钟] 494/5205: 603315.SH OK
[22:13:08] [5分钟] 第 495/5205 只: 605058.SH
[22:13:10] [5分钟] 495/5205: 605058.SH OK
[22:13:11] [5分钟] 第 496/5205 只: 600933.SH
[22:13:11] [5分钟] 496/5205: 600933.SH OK
[22:13:12] [5分钟] 第 497/5205 只: 688065.SH
[22:13:13] [5分钟] 497/5205: 688065.SH OK
[22:13:14] [5分钟] 第 498/5205 只: 600071.SH
[22:13:16] [5分钟] 498/5205: 600071.SH OK
[22:13:18] [5分钟] 第 499/5205 只: 688496.SH
[22:13:18] [5分钟] 499/5205: 688496.SH OK
[22:13:20] [5分钟] 第 500/5205 只: 603389.SH
[22:13:20] [5分钟] 500/5205: 603389.SH OK
[22:13:21] [5分钟 500/5205] 成功500，失败0，当前 603389.SH
[22:13:22] [5分钟] 第 501/5205 只: 600568.SH
[22:13:22] [5分钟] 501/5205: 600568.SH OK
[22:13:23] [5分钟] 第 502/5205 只: 600173.SH
[22:13:24] [5分钟] 502/5205: 600173.SH OK
[22:13:25] [5分钟] 第 503/5205 只: 603690.SH
[22:13:26] [5分钟] 503/5205: 603690.SH OK
[22:13:26] [5分钟] 第 504/5205 只: 600107.SH
[22:13:27] [5分钟] 504/5205: 600107.SH OK
[22:13:29] [5分钟] 第 505/5205 只: 603217.SH
[22:13:30] [5分钟] 505/5205: 603217.SH OK
[22:13:30] [5分钟] 第 506/5205 只: 600831.SH
[22:13:30] [5分钟] 506/5205: 600831.SH OK
[22:13:32] [5分钟] 第 507/5205 只: 600580.SH
[22:13:33] [5分钟] 507/5205: 600580.SH OK
[22:13:33] [5分钟] 第 508/5205 只: 688113.SH
[22:13:34] [5分钟] 508/5205: 688113.SH OK
[22:13:35] [5分钟] 第 509/5205 只: 688508.SH
[22:13:35] [5分钟] 509/5205: 688508.SH OK
[22:13:35] [5分钟] 第 510/5205 只: 603678.SH
[22:13:36] [5分钟] 510/5205: 603678.SH OK
[22:13:36] [5分钟] 第 511/5205 只: 600845.SH
[22:13:37] [5分钟] 511/5205: 600845.SH OK
[22:13:38] [5分钟] 第 512/5205 只: 688167.SH
[22:13:38] [5分钟] 512/5205: 688167.SH OK
[22:13:39] [5分钟] 第 513/5205 只: 601198.SH
[22:13:39] [5分钟] 513/5205: 601198.SH OK
[22:13:40] [5分钟] 第 514/5205 只: 688790.SH
[22:13:41] [5分钟] 514/5205: 688790.SH OK
[22:13:42] [5分钟] 第 515/5205 只: 600303.SH
[22:13:43] [5分钟] 515/5205: 600303.SH OK
[22:13:44] [5分钟] 第 516/5205 只: 600718.SH
[22:13:45] [5分钟] 516/5205: 600718.SH OK
[22:13:46] [5分钟] 第 517/5205 只: 600377.SH
[22:13:47] [5分钟] 517/5205: 600377.SH OK
[22:13:47] [5分钟] 第 518/5205 只: 603067.SH
[22:13:48] [5分钟] 518/5205: 603067.SH OK
[22:13:49] [5分钟] 第 519/5205 只: 688778.SH
[22:13:49] [5分钟] 519/5205: 688778.SH OK
[22:13:49] [5分钟] 第 520/5205 只: 688363.SH
[22:13:50] [5分钟] 520/5205: 688363.SH OK
[22:13:50] [5分钟] 第 521/5205 只: 603408.SH
[22:13:51] [5分钟] 521/5205: 603408.SH OK
[22:13:51] [5分钟] 第 522/5205 只: 603013.SH
[22:13:52] [5分钟] 522/5205: 603013.SH OK
[22:13:52] [5分钟] 第 523/5205 只: 600784.SH
[22:13:52] [5分钟] 523/5205: 600784.SH OK
[22:13:53] [5分钟] 第 524/5205 只: 688317.SH
[22:13:53] [5分钟] 524/5205: 688317.SH OK
[22:13:54] [5分钟] 第 525/5205 只: 688261.SH
[22:13:54] [5分钟] 525/5205: 688261.SH OK
[22:13:55] [5分钟] 第 526/5205 只: 603165.SH
[22:13:56] [5分钟] 526/5205: 603165.SH OK
[22:13:56] [5分钟] 第 527/5205 只: 605228.SH
[22:13:56] [5分钟] 527/5205: 605228.SH OK
[22:13:57] [5分钟] 第 528/5205 只: 600686.SH
[22:13:57] [5分钟] 528/5205: 600686.SH OK
[22:13:58] [5分钟] 第 529/5205 只: 688215.SH
[22:13:58] [5分钟] 529/5205: 688215.SH OK
[22:13:59] [5分钟] 第 530/5205 只: 601006.SH
[22:14:00] [5分钟] 530/5205: 601006.SH OK
[22:14:01] [5分钟] 第 531/5205 只: 603111.SH
[22:14:02] [5分钟] 531/5205: 603111.SH OK
[22:14:03] [5分钟] 第 532/5205 只: 688289.SH
[22:14:03] [5分钟] 532/5205: 688289.SH OK
[22:14:04] [5分钟] 第 533/5205 只: 688692.SH
[22:14:06] [5分钟] 533/5205: 688692.SH OK
[22:14:07] [5分钟] 第 534/5205 只: 600201.SH
[22:14:08] [5分钟] 534/5205: 600201.SH OK
[22:14:09] [5分钟] 第 535/5205 只: 603596.SH
[22:14:09] [5分钟] 535/5205: 603596.SH OK
[22:14:10] [5分钟] 第 536/5205 只: 605339.SH
[22:14:10] [5分钟] 536/5205: 605339.SH OK
[22:14:11] [5分钟] 第 537/5205 只: 601163.SH
[22:14:12] [5分钟] 537/5205: 601163.SH OK
[22:14:13] [5分钟] 第 538/5205 只: 688370.SH
[22:14:14] [5分钟] 538/5205: 688370.SH OK
[22:14:14] [5分钟] 第 539/5205 只: 603000.SH
[22:14:15] [5分钟] 539/5205: 603000.SH OK
[22:14:15] [5分钟] 第 540/5205 只: 600797.SH
[22:14:16] [5分钟] 540/5205: 600797.SH OK
[22:14:17] [5分钟] 第 541/5205 只: 601117.SH
[22:14:18] [5分钟] 541/5205: 601117.SH OK
[22:14:19] [5分钟] 第 542/5205 只: 688398.SH
[22:14:20] [5分钟] 542/5205: 688398.SH OK
[22:14:21] [5分钟] 第 543/5205 只: 688783.SH
[22:14:23] [5分钟] 543/5205: 688783.SH OK
[22:14:24] [5分钟] 第 544/5205 只: 603936.SH
[22:14:25] [5分钟] 544/5205: 603936.SH OK
[22:14:25] [5分钟] 第 545/5205 只: 600310.SH
[22:14:26] [5分钟] 545/5205: 600310.SH OK
[22:14:28] [5分钟] 第 546/5205 只: 601089.SH
[22:14:29] [5分钟] 546/5205: 601089.SH OK
[22:14:32] [5分钟] 第 547/5205 只: 688681.SH
[22:14:32] [5分钟] 547/5205: 688681.SH OK
[22:14:32] [5分钟] 第 548/5205 只: 600212.SH
[22:14:33] [5分钟] 548/5205: 600212.SH OK
[22:14:33] [5分钟] 第 549/5205 只: 600609.SH
[22:14:33] [5分钟] 549/5205: 600609.SH OK
[22:14:34] [5分钟] 第 550/5205 只: 603585.SH
[22:14:34] [5分钟] 550/5205: 603585.SH OK
[22:14:35] [5分钟 550/5205] 成功550，失败0，当前 603585.SH
[22:14:35] [5分钟] 第 551/5205 只: 600266.SH
[22:14:36] [5分钟] 551/5205: 600266.SH OK
[22:14:36] [5分钟] 第 552/5205 只: 688669.SH
[22:14:37] [5分钟] 552/5205: 688669.SH OK
[22:14:37] [5分钟] 第 553/5205 只: 601061.SH
[22:14:38] [5分钟] 553/5205: 601061.SH OK
[22:14:38] [5分钟] 第 554/5205 只: 688272.SH
[22:14:38] [5分钟] 554/5205: 688272.SH OK
[22:14:39] [5分钟] 第 555/5205 只: 603176.SH
[22:14:39] [5分钟] 555/5205: 603176.SH OK
[22:14:40] [5分钟] 第 556/5205 只: 688206.SH
[22:14:40] [5分钟] 556/5205: 688206.SH OK
[22:14:40] [5分钟] 第 557/5205 只: 601015.SH
[22:14:41] [5分钟] 557/5205: 601015.SH OK
[22:14:41] [5分钟] 第 558/5205 只: 603519.SH
[22:14:42] [5分钟] 558/5205: 603519.SH OK
[22:14:42] [5分钟] 第 559/5205 只: 603102.SH
[22:14:43] [5分钟] 559/5205: 603102.SH OK
[22:14:43] [5分钟] 第 560/5205 只: 600479.SH
[22:14:43] [5分钟] 560/5205: 600479.SH OK
[22:14:43] [5分钟] 第 561/5205 只: 600062.SH
[22:14:44] [5分钟] 561/5205: 600062.SH OK
[22:14:44] [5分钟] 第 562/5205 只: 601696.SH
[22:14:45] [5分钟] 562/5205: 601696.SH OK
[22:14:45] [5分钟] 第 563/5205 只: 688485.SH
[22:14:46] [5分钟] 563/5205: 688485.SH OK
[22:14:46] [5分钟] 第 564/5205 只: 600016.SH
[22:14:46] [5分钟] 564/5205: 600016.SH OK
[22:14:47] [5分钟] 第 565/5205 只: 600491.SH
[22:14:47] [5分钟] 565/5205: 600491.SH OK
[22:14:48] [5分钟] 第 566/5205 只: 688002.SH
[22:14:48] [5分钟] 566/5205: 688002.SH OK
[22:14:49] [5分钟] 第 567/5205 只: 688419.SH
[22:14:50] [5分钟] 567/5205: 688419.SH OK
[22:14:50] [5分钟] 第 568/5205 只: 601211.SH
[22:14:51] [5分钟] 568/5205: 601211.SH OK
[22:14:52] [5分钟] 第 569/5205 只: 603306.SH
[22:14:52] [5分钟] 569/5205: 603306.SH OK
[22:14:53] [5分钟] 第 570/5205 只: 688076.SH
[22:14:53] [5分钟] 570/5205: 688076.SH OK
[22:14:54] [5分钟] 第 571/5205 只: 600822.SH
[22:14:54] [5分钟] 571/5205: 600822.SH OK
[22:14:55] [5分钟] 第 572/5205 只: 600188.SH
[22:14:55] [5分钟] 572/5205: 600188.SH OK
[22:14:55] [5分钟] 第 573/5205 只: 600593.SH
[22:14:56] [5分钟] 573/5205: 600593.SH OK
[22:14:56] [5分钟] 第 574/5205 只: 688100.SH
[22:14:57] [5分钟] 574/5205: 688100.SH OK
[22:14:57] [5分钟] 第 575/5205 只: 603270.SH
[22:14:58] [5分钟] 575/5205: 603270.SH OK
[22:14:58] [5分钟] 第 576/5205 只: 600160.SH
[22:14:59] [5分钟] 576/5205: 600160.SH OK
[22:14:59] [5分钟] 第 577/5205 只: 603683.SH
[22:14:59] [5分钟] 577/5205: 603683.SH OK
[22:15:00] [5分钟] 第 578/5205 只: 603298.SH
[22:15:00] [5分钟] 578/5205: 603298.SH OK
[22:15:00] [5分钟] 第 579/5205 只: 600114.SH
[22:15:00] [5分钟] 579/5205: 600114.SH OK
[22:15:00] [5分钟] 第 580/5205 只: 603012.SH
[22:15:01] [5分钟] 580/5205: 603012.SH OK
[22:15:01] [5分钟] 第 581/5205 只: 603409.SH
[22:15:01] [5分钟] 581/5205: 603409.SH OK
[22:15:01] [5分钟] 第 582/5205 只: 688316.SH
[22:15:01] [5分钟] 582/5205: 688316.SH OK
[22:15:01] [5分钟] 第 583/5205 只: 600785.SH
[22:15:01] [5分钟] 583/5205: 600785.SH OK
[22:15:01] [5分钟] 第 584/5205 只: 603066.SH
[22:15:02] [5分钟] 584/5205: 603066.SH OK
[22:15:02] [5分钟] 第 585/5205 只: 688362.SH
[22:15:02] [5分钟] 585/5205: 688362.SH OK
[22:15:03] [5分钟] 第 586/5205 只: 688779.SH
[22:15:03] [5分钟] 586/5205: 688779.SH OK
[22:15:03] [5分钟] 第 587/5205 只: 600376.SH
[22:15:03] [5分钟] 587/5205: 600376.SH OK
[22:15:04] [5分钟] 第 588/5205 只: 603950.SH
[22:15:04] [5分钟] 588/5205: 603950.SH OK
[22:15:04] [5分钟] 第 589/5205 只: 600719.SH
[22:15:04] [5分钟] 589/5205: 600719.SH OK
[22:15:04] [5分钟] 第 590/5205 只: 600302.SH
[22:15:05] [5分钟] 590/5205: 600302.SH OK
[22:15:05] [5分钟] 第 591/5205 只: 601199.SH
[22:15:05] [5分钟] 591/5205: 601199.SH OK
[22:15:06] [5分钟] 第 592/5205 只: 603826.SH
[22:15:06] [5分钟] 592/5205: 603826.SH OK
[22:15:06] [5分钟] 第 593/5205 只: 688693.SH
[22:15:07] [5分钟] 593/5205: 688693.SH OK
[22:15:07] [5分钟] 第 594/5205 只: 688288.SH
[22:15:07] [5分钟] 594/5205: 688288.SH OK
[22:15:08] [5分钟] 第 595/5205 只: 601007.SH
[22:15:09] [5分钟] 595/5205: 601007.SH OK
[22:15:09] [5分钟] 第 596/5205 只: 603110.SH
[22:15:09] [5分钟] 596/5205: 603110.SH OK
[22:15:09] [5分钟] 第 597/5205 只: 688260.SH
[22:15:10] [5分钟] 597/5205: 688260.SH OK
[22:15:10] [5分钟] 第 598/5205 只: 600004.SH
[22:15:10] [5分钟] 598/5205: 600004.SH OK
[22:15:10] [5分钟] 第 599/5205 只: 603360.SH
[22:15:11] [5分钟] 599/5205: 603360.SH OK
[22:15:11] [5分钟] 第 600/5205 只: 688010.SH
[22:15:11] [5分钟] 600/5205: 688010.SH OK
[22:15:12] [5分钟 600/5205] 成功600，失败0，当前 688010.SH
[22:15:12] [5分钟] 第 601/5205 只: 601618.SH
[22:15:13] [5分钟] 601/5205: 601618.SH OK
[22:15:13] [5分钟] 第 602/5205 只: 600483.SH
[22:15:13] [5分钟] 602/5205: 600483.SH OK
[22:15:14] [5分钟] 第 603/5205 只: 600098.SH
[22:15:14] [5分钟] 603/5205: 600098.SH OK
[22:15:14] [5分钟] 第 604/5205 只: 600844.SH
[22:15:14] [5分钟] 604/5205: 600844.SH OK
[22:15:15] [5分钟] 第 605/5205 只: 603679.SH
[22:15:15] [5分钟] 605/5205: 603679.SH OK
[22:15:15] [5分钟] 第 606/5205 只: 603262.SH
[22:15:15] [5分钟] 606/5205: 603262.SH OK
[22:15:15] [5分钟] 第 607/5205 只: 688166.SH
[22:15:16] [5分钟] 607/5205: 688166.SH OK
[22:15:17] [5分钟] 第 608/5205 只: 601375.SH
[22:15:17] [5分钟] 608/5205: 601375.SH OK
[22:15:17] [5分钟] 第 609/5205 只: 600830.SH
[22:15:18] [5分钟] 609/5205: 600830.SH OK
[22:15:18] [5分钟] 第 610/5205 只: 603216.SH
[22:15:18] [5分钟] 610/5205: 603216.SH OK
[22:15:19] [5分钟] 第 611/5205 只: 688509.SH
[22:15:19] [5分钟] 611/5205: 688509.SH OK
[22:15:19] [5分钟] 第 612/5205 只: 688112.SH
[22:15:20] [5分钟] 612/5205: 688112.SH OK
[22:15:20] [5分钟] 第 613/5205 只: 600581.SH
[22:15:20] [5分钟] 613/5205: 600581.SH OK
[22:15:21] [5分钟] 第 614/5205 只: 600106.SH
[22:15:21] [5分钟] 614/5205: 600106.SH OK
[22:15:21] [5分钟] 第 615/5205 只: 688595.SH
[22:15:21] [5分钟] 615/5205: 688595.SH OK
[22:15:22] [5分钟] 第 616/5205 只: 600172.SH
[22:15:22] [5分钟] 616/5205: 600172.SH OK
[22:15:22] [5分钟] 第 617/5205 只: 600569.SH
[22:15:22] [5分钟] 617/5205: 600569.SH OK
[22:15:23] [5分钟] 第 618/5205 只: 688077.SH
[22:15:23] [5分钟] 618/5205: 688077.SH OK
[22:15:23] [5分钟] 第 619/5205 只: 600955.SH
[22:15:23] [5分钟] 619/5205: 600955.SH OK
[22:15:23] [5分钟] 第 620/5205 只: 603768.SH
[22:15:24] [5分钟] 620/5205: 603768.SH OK
[22:15:24] [5分钟] 第 621/5205 只: 603373.SH
[22:15:24] [5分钟] 621/5205: 603373.SH OK
[22:15:25] [5分钟] 第 622/5205 只: 688418.SH
[22:15:25] [5分钟] 622/5205: 688418.SH OK
[22:15:26] [5分钟] 第 623/5205 只: 688003.SH
[22:15:26] [5分钟] 623/5205: 688003.SH OK
[22:15:27] [5分钟] 第 624/5205 只: 600490.SH
[22:15:28] [5分钟] 624/5205: 600490.SH OK
[22:15:28] [5分钟] 第 625/5205 只: 603307.SH
[22:15:28] [5分钟] 625/5205: 603307.SH OK
[22:15:29] [5分钟] 第 626/5205 只: 600017.SH
[22:15:29] [5分钟] 626/5205: 600017.SH OK
[22:15:29] [5分钟] 第 627/5205 只: 688484.SH
[22:15:29] [5分钟] 627/5205: 688484.SH OK
[22:15:29] [5分钟] 第 628/5205 只: 600063.SH
[22:15:29] [5分钟] 628/5205: 600063.SH OK
[22:15:30] [5分钟] 第 629/5205 只: 600478.SH
[22:15:30] [5分钟] 629/5205: 600478.SH OK
[22:15:30] [5分钟] 第 630/5205 只: 603299.SH
[22:15:31] [5分钟] 630/5205: 603299.SH OK
[22:15:31] [5分钟] 第 631/5205 只: 603682.SH
[22:15:31] [5分钟] 631/5205: 603682.SH OK
[22:15:31] [5分钟] 第 632/5205 只: 600115.SH
[22:15:31] [5分钟] 632/5205: 600115.SH OK
[22:15:32] [5分钟] 第 633/5205 只: 688586.SH
[22:15:32] [5分钟] 633/5205: 688586.SH OK
[22:15:32] [5分钟] 第 634/5205 只: 600161.SH
[22:15:32] [5分钟] 634/5205: 600161.SH OK
[22:15:32] [5分钟] 第 635/5205 只: 600857.SH
[22:15:32] [5分钟] 635/5205: 600857.SH OK
[22:15:33] [5分钟] 第 636/5205 只: 603271.SH
[22:15:33] [5分钟] 636/5205: 603271.SH OK
[22:15:33] [5分钟] 第 637/5205 只: 688175.SH
[22:15:33] [5分钟] 637/5205: 688175.SH OK
[22:15:33] [5分钟] 第 638/5205 只: 601366.SH
[22:15:33] [5分钟] 638/5205: 601366.SH OK
[22:15:34] [5分钟] 第 639/5205 只: 603205.SH
[22:15:34] [5分钟] 639/5205: 603205.SH OK
[22:15:34] [5分钟] 第 640/5205 只: 688101.SH
[22:15:34] [5分钟] 640/5205: 688101.SH OK
[22:15:34] [5分钟] 第 641/5205 只: 600592.SH
[22:15:35] [5分钟] 641/5205: 600592.SH OK
[22:15:35] [5分钟] 第 642/5205 只: 600189.SH
[22:15:35] [5分钟] 642/5205: 600189.SH OK
[22:15:35] [5分钟] 第 643/5205 只: 600365.SH
[22:15:36] [5分钟] 643/5205: 600365.SH OK
[22:15:36] [5分钟] 第 644/5205 只: 603486.SH
[22:15:36] [5分钟] 644/5205: 603486.SH OK
[22:15:36] [5分钟] 第 645/5205 只: 603937.SH
[22:15:36] [5分钟] 645/5205: 603937.SH OK
[22:15:37] [5分钟] 第 646/5205 只: 688399.SH
[22:15:37] [5分钟] 646/5205: 688399.SH OK
[22:15:37] [5分钟] 第 647/5205 只: 603001.SH
[22:15:37] [5分钟] 647/5205: 603001.SH OK
[22:15:37] [5分钟] 第 648/5205 只: 601116.SH
[22:15:38] [5分钟] 648/5205: 601116.SH OK
[22:15:38] [5分钟] 第 649/5205 只: 688305.SH
[22:15:38] [5分钟] 649/5205: 688305.SH OK
[22:15:38] [5分钟] 第 650/5205 只: 600796.SH
[22:15:39] [5分钟] 650/5205: 600796.SH OK
[22:15:39] [5分钟 650/5205] 成功650，失败0，当前 600796.SH
[22:15:39] [5分钟] 第 651/5205 只: 605338.SH
[22:15:40] [5分钟] 651/5205: 605338.SH OK
[22:15:40] [5分钟] 第 652/5205 只: 603075.SH
[22:15:40] [5分钟] 652/5205: 603075.SH OK
[22:15:41] [5分钟] 第 653/5205 只: 688371.SH
[22:15:41] [5分钟] 653/5205: 688371.SH OK
[22:15:42] [5分钟] 第 654/5205 只: 601579.SH
[22:15:42] [5分钟] 654/5205: 601579.SH OK
[22:15:42] [5分钟] 第 655/5205 只: 601162.SH
[22:15:42] [5分钟] 655/5205: 601162.SH OK
[22:15:43] [5分钟] 第 656/5205 只: 688207.SH
[22:15:43] [5分钟] 656/5205: 688207.SH OK
[22:15:43] [5分钟] 第 657/5205 只: 600694.SH
[22:15:43] [5分钟] 657/5205: 600694.SH OK
[22:15:43] [5分钟] 第 658/5205 只: 603103.SH
[22:15:44] [5分钟] 658/5205: 603103.SH OK
[22:15:44] [5分钟] 第 659/5205 只: 603518.SH
[22:15:44] [5分钟] 659/5205: 603518.SH OK
[22:15:44] [5分钟] 第 660/5205 只: 688273.SH
[22:15:45] [5分钟] 660/5205: 688273.SH OK
[22:15:45] [5分钟] 第 661/5205 只: 688668.SH
[22:15:45] [5分钟] 661/5205: 688668.SH OK
[22:15:45] [5分钟] 第 662/5205 只: 603177.SH
[22:15:45] [5分钟] 662/5205: 603177.SH OK
[22:15:46] [5分钟] 第 663/5205 只: 600267.SH
[22:15:46] [5分钟] 663/5205: 600267.SH OK
[22:15:46] [5分钟] 第 664/5205 只: 601956.SH
[22:15:46] [5分钟] 664/5205: 601956.SH OK
[22:15:46] [5分钟] 第 665/5205 只: 601088.SH
[22:15:46] [5分钟] 665/5205: 601088.SH OK
[22:15:47] [5分钟] 第 666/5205 只: 688680.SH
[22:15:47] [5分钟] 666/5205: 688680.SH OK
[22:15:47] [5分钟] 第 667/5205 只: 688811.SH
[22:15:48] [5分钟] 667/5205: 688811.SH OK
[22:15:48] [5分钟] 第 668/5205 只: 600528.SH
[22:15:48] [5分钟] 668/5205: 600528.SH OK
[22:15:48] [5分钟] 第 669/5205 只: 600133.SH
[22:15:49] [5分钟] 669/5205: 600133.SH OK
[22:15:49] [5分钟] 第 670/5205 只: 605186.SH
[22:15:50] [5分钟] 670/5205: 605186.SH OK
[22:15:50] [5分钟] 第 671/5205 只: 600871.SH
[22:15:50] [5分钟] 671/5205: 600871.SH OK
[22:15:51] [5分钟] 第 672/5205 只: 603257.SH
[22:15:51] [5分钟] 672/5205: 603257.SH OK
[22:15:52] [5分钟] 第 673/5205 只: 688153.SH
[22:15:52] [5分钟] 673/5205: 688153.SH OK
[22:15:53] [5分钟] 第 674/5205 只: 688548.SH
[22:15:53] [5分钟] 674/5205: 688548.SH OK
[22:15:53] [5分钟] 第 675/5205 只: 600805.SH
[22:15:53] [5分钟] 675/5205: 600805.SH OK
[22:15:54] [5分钟] 第 676/5205 只: 603223.SH
[22:15:54] [5分钟] 676/5205: 603223.SH OK
[22:15:54] [5分钟] 第 677/5205 只: 603638.SH
[22:15:54] [5分钟] 677/5205: 603638.SH OK
[22:15:54] [5分钟] 第 678/5205 只: 688127.SH
[22:15:55] [5分钟] 678/5205: 688127.SH OK
[22:15:55] [5分钟] 第 679/5205 只: 688051.SH
[22:15:55] [5分钟] 679/5205: 688051.SH OK
[22:15:55] [5分钟] 第 680/5205 只: 600973.SH
[22:15:55] [5分钟] 680/5205: 600973.SH OK
[22:15:56] [5分钟] 第 681/5205 只: 605018.SH
[22:15:56] [5分钟] 681/5205: 605018.SH OK
[22:15:56] [5分钟] 第 682/5205 只: 603355.SH
[22:15:56] [5分钟] 682/5205: 603355.SH OK
[22:15:57] [5分钟] 第 683/5205 只: 601236.SH
[22:15:57] [5分钟] 683/5205: 601236.SH OK
[22:15:57] [5分钟] 第 684/5205 只: 688025.SH
[22:15:57] [5分钟] 684/5205: 688025.SH OK
[22:15:57] [5分钟] 第 685/5205 只: 603321.SH
[22:15:58] [5分钟] 685/5205: 603321.SH OK
[22:15:58] [5分钟] 第 686/5205 只: 600031.SH
[22:15:58] [5分钟] 686/5205: 600031.SH OK
[22:15:59] [5分钟] 第 687/5205 只: 688221.SH
[22:15:59] [5分钟] 687/5205: 688221.SH OK
[22:15:59] [5分钟] 第 688/5205 只: 605268.SH
[22:15:59] [5分钟] 688/5205: 605268.SH OK
[22:15:59] [5分钟] 第 689/5205 只: 603125.SH
[22:16:00] [5分钟] 689/5205: 603125.SH OK
[22:16:00] [5分钟] 第 690/5205 只: 601998.SH
[22:16:00] [5分钟] 690/5205: 601998.SH OK
[22:16:00] [5分钟] 第 691/5205 只: 688255.SH
[22:16:00] [5分钟] 691/5205: 688255.SH OK
[22:16:01] [5分钟] 第 692/5205 只: 603151.SH
[22:16:01] [5分钟] 692/5205: 603151.SH OK
[22:16:01] [5分钟] 第 693/5205 只: 600241.SH
[22:16:01] [5分钟] 693/5205: 600241.SH OK
[22:16:01] [5分钟] 第 694/5205 只: 603867.SH
[22:16:02] [5分钟] 694/5205: 603867.SH OK
[22:16:02] [5分钟] 第 695/5205 只: 600235.SH
[22:16:02] [5分钟] 695/5205: 600235.SH OK
[22:16:02] [5分钟] 第 696/5205 只: 603813.SH
[22:16:02] [5分钟] 696/5205: 603813.SH OK
[22:16:03] [5分钟] 第 697/5205 只: 601872.SH
[22:16:03] [5分钟] 697/5205: 601872.SH OK
[22:16:03] [5分钟] 第 698/5205 只: 600343.SH
[22:16:04] [5分钟] 698/5205: 600343.SH OK
[22:16:04] [5分钟] 第 699/5205 只: 600758.SH
[22:16:04] [5分钟] 699/5205: 600758.SH OK
[22:16:05] [5分钟] 第 700/5205 只: 600337.SH
[22:16:05] [5分钟] 700/5205: 600337.SH OK
[22:16:05] [5分钟 700/5205] 成功700，失败0，当前 600337.SH
[22:16:05] [5分钟] 第 701/5205 只: 603027.SH
[22:16:06] [5分钟] 701/5205: 603027.SH OK
[22:16:06] [5分钟] 第 702/5205 只: 688323.SH
[22:16:06] [5分钟] 702/5205: 688323.SH OK
[22:16:07] [5分钟] 第 703/5205 只: 603053.SH
[22:16:07] [5分钟] 703/5205: 603053.SH OK
[22:16:08] [5分钟] 第 704/5205 只: 688357.SH
[22:16:08] [5分钟] 704/5205: 688357.SH OK
[22:16:08] [5分钟] 第 705/5205 只: 600252.SH
[22:16:09] [5分钟] 705/5205: 600252.SH OK
[22:16:09] [5分钟] 第 706/5205 只: 600649.SH
[22:16:09] [5分钟] 706/5205: 600649.SH OK
[22:16:10] [5分钟] 第 707/5205 只: 601963.SH
[22:16:11] [5分钟] 707/5205: 601963.SH OK
[22:16:11] [5分钟] 第 708/5205 只: 600226.SH
[22:16:11] [5分钟] 708/5205: 600226.SH OK
[22:16:12] [5分钟] 第 709/5205 只: 603800.SH
[22:16:12] [5分钟] 709/5205: 603800.SH OK
[22:16:13] [5分钟] 第 710/5205 只: 601021.SH
[22:16:13] [5分钟] 710/5205: 601021.SH OK
[22:16:14] [5分钟] 第 711/5205 只: 688629.SH
[22:16:14] [5分钟] 711/5205: 688629.SH OK
[22:16:15] [5分钟] 第 712/5205 只: 688232.SH
[22:16:16] [5分钟] 712/5205: 688232.SH OK
[22:16:16] [5分钟] 第 713/5205 只: 603136.SH
[22:16:17] [5分钟] 713/5205: 603136.SH OK
[22:16:17] [5分钟] 第 714/5205 只: 688246.SH
[22:16:18] [5分钟] 714/5205: 688246.SH OK
[22:16:18] [5分钟] 第 715/5205 只: 603559.SH
[22:16:19] [5分钟] 715/5205: 603559.SH OK
[22:16:19] [5分钟] 第 716/5205 只: 688330.SH
[22:16:19] [5分钟] 716/5205: 688330.SH OK
[22:16:20] [5分钟] 第 717/5205 只: 603040.SH
[22:16:20] [5分钟] 717/5205: 603040.SH OK
[22:16:20] [5分钟] 第 718/5205 只: 600350.SH
[22:16:20] [5分钟] 718/5205: 600350.SH OK
[22:16:21] [5分钟] 第 719/5205 只: 603976.SH
[22:16:21] [5分钟] 719/5205: 603976.SH OK
[22:16:21] [5分钟] 第 720/5205 只: 600862.SH
[22:16:22] [5分钟] 720/5205: 600862.SH OK
[22:16:22] [5分钟] 第 721/5205 只: 605566.SH
[22:16:22] [5分钟] 721/5205: 605566.SH OK
[22:16:23] [5分钟] 第 722/5205 只: 600816.SH
[22:16:23] [5分钟] 722/5205: 600816.SH OK
[22:16:24] [5分钟] 第 723/5205 只: 603230.SH
[22:16:24] [5分钟] 723/5205: 603230.SH OK
[22:16:24] [5分钟] 第 724/5205 只: 688802.SH
[22:16:25] [5分钟] 724/5205: 688802.SH OK
[22:16:25] [5分钟] 第 725/5205 只: 600120.SH
[22:16:25] [5分钟] 725/5205: 600120.SH OK
[22:16:25] [5分钟] 第 726/5205 只: 600439.SH
[22:16:26] [5分钟] 726/5205: 600439.SH OK
[22:16:26] [5分钟] 第 727/5205 只: 600022.SH
[22:16:26] [5分钟] 727/5205: 600022.SH OK
[22:16:26] [5分钟] 第 728/5205 只: 600988.SH
[22:16:26] [5分钟] 728/5205: 600988.SH OK
[22:16:27] [5分钟] 第 729/5205 只: 600056.SH
[22:16:27] [5分钟] 729/5205: 600056.SH OK
[22:16:27] [5分钟] 第 730/5205 只: 688459.SH
[22:16:28] [5分钟] 730/5205: 688459.SH OK
[22:16:28] [5分钟] 第 731/5205 只: 600960.SH
[22:16:28] [5分钟] 731/5205: 600960.SH OK
[22:16:28] [5分钟] 第 732/5205 只: 601225.SH
[22:16:29] [5分钟] 732/5205: 601225.SH OK
[22:16:29] [5分钟] 第 733/5205 只: 688036.SH
[22:16:29] [5分钟] 733/5205: 688036.SH OK
[22:16:30] [5分钟] 第 734/5205 只: 603332.SH
[22:16:30] [5分钟] 734/5205: 603332.SH OK
[22:16:30] [5分钟] 第 735/5205 只: 603729.SH
[22:16:31] [5分钟] 735/5205: 603729.SH OK
[22:16:31] [5分钟] 第 736/5205 只: 688676.SH
[22:16:31] [5分钟] 736/5205: 688676.SH OK
[22:16:32] [5分钟] 第 737/5205 只: 603169.SH
[22:16:32] [5分钟] 737/5205: 603169.SH OK
[22:16:32] [5分钟] 第 738/5205 只: 688219.SH
[22:16:33] [5分钟] 738/5205: 688219.SH OK
[22:16:33] [5分钟] 第 739/5205 只: 688602.SH
[22:16:34] [5分钟] 739/5205: 688602.SH OK
[22:16:34] [5分钟] 第 740/5205 只: 603506.SH
[22:16:34] [5分钟] 740/5205: 603506.SH OK
[22:16:34] [5分钟] 第 741/5205 只: 600616.SH
[22:16:34] [5分钟] 741/5205: 600616.SH OK
[22:16:35] [5分钟] 第 742/5205 只: 688285.SH
[22:16:35] [5分钟] 742/5205: 688285.SH OK
[22:16:35] [5分钟] 第 743/5205 只: 601096.SH
[22:16:35] [5分钟] 743/5205: 601096.SH OK
[22:16:35] [5分钟] 第 744/5205 只: 603181.SH
[22:16:36] [5分钟] 744/5205: 603181.SH OK
[22:16:36] [5分钟] 第 745/5205 只: 600662.SH
[22:16:36] [5分钟] 745/5205: 600662.SH OK
[22:16:36] [5分钟] 第 746/5205 只: 600279.SH
[22:16:36] [5分钟] 746/5205: 600279.SH OK
[22:16:37] [5分钟] 第 747/5205 只: 603083.SH
[22:16:37] [5分钟] 747/5205: 603083.SH OK
[22:16:37] [5分钟] 第 748/5205 只: 600714.SH
[22:16:38] [5分钟] 748/5205: 600714.SH OK
[22:16:38] [5分钟] 第 749/5205 只: 688387.SH
[22:16:38] [5分钟] 749/5205: 688387.SH OK
[22:16:38] [5分钟] 第 750/5205 只: 603929.SH
[22:16:39] [5分钟] 750/5205: 603929.SH OK
[22:16:39] [5分钟 750/5205] 成功750，失败0，当前 603929.SH
[22:16:39] [5分钟] 第 751/5205 只: 600760.SH
[22:16:40] [5分钟] 751/5205: 600760.SH OK
[22:16:40] [5分钟] 第 752/5205 只: 601567.SH
[22:16:41] [5分钟] 752/5205: 601567.SH OK
[22:16:41] [5分钟] 第 753/5205 只: 601108.SH
[22:16:41] [5分钟] 753/5205: 601108.SH OK
[22:16:42] [5分钟] 第 754/5205 只: 688700.SH
[22:16:42] [5分钟] 754/5205: 688700.SH OK
[22:16:43] [5分钟] 第 755/5205 只: 600510.SH
[22:16:43] [5分钟] 755/5205: 600510.SH OK
[22:16:44] [5分钟] 第 756/5205 只: 688183.SH
[22:16:44] [5分钟] 756/5205: 688183.SH OK
[22:16:44] [5分钟] 第 757/5205 只: 688598.SH
[22:16:45] [5分钟] 757/5205: 688598.SH OK
[22:16:45] [5分钟] 第 758/5205 只: 601390.SH
[22:16:45] [5分钟] 758/5205: 601390.SH OK
[22:16:46] [5分钟] 第 759/5205 只: 603600.SH
[22:16:46] [5分钟] 759/5205: 603600.SH OK
[22:16:46] [5分钟] 第 760/5205 只: 601717.SH
[22:16:46] [5分钟] 760/5205: 601717.SH OK
[22:16:46] [5分钟] 第 761/5205 只: 600197.SH
[22:16:47] [5分钟] 761/5205: 600197.SH OK
[22:16:47] [5分钟] 第 762/5205 只: 605122.SH
[22:16:47] [5分钟] 762/5205: 605122.SH OK
[22:16:47] [5分钟] 第 763/5205 只: 688570.SH
[22:16:48] [5分钟] 763/5205: 688570.SH OK
[22:16:48] [5分钟] 第 764/5205 只: 601615.SH
[22:16:48] [5分钟] 764/5205: 601615.SH OK
[22:16:48] [5分钟] 第 765/5205 只: 600095.SH
[22:16:49] [5分钟] 765/5205: 600095.SH OK
[22:16:49] [5分钟] 第 766/5205 只: 603319.SH
[22:16:49] [5分钟] 766/5205: 603319.SH OK
[22:16:49] [5分钟] 第 767/5205 只: 688472.SH
[22:16:50] [5分钟] 767/5205: 688472.SH OK
[22:16:50] [5分钟] 第 768/5205 只: 688069.SH
[22:16:50] [5分钟] 768/5205: 688069.SH OK
[22:16:50] [5分钟] 第 769/5205 只: 605020.SH
[22:16:51] [5分钟] 769/5205: 605020.SH OK
[22:16:51] [5分钟] 第 770/5205 只: 603776.SH
[22:16:51] [5分钟] 770/5205: 603776.SH OK
[22:16:51] [5分钟] 第 771/5205 只: 600009.SH
[22:16:52] [5分钟] 771/5205: 600009.SH OK
[22:16:52] [5分钟] 第 772/5205 只: 688081.SH
[22:16:52] [5分钟] 772/5205: 688081.SH OK
[22:16:52] [5分钟] 第 773/5205 只: 601689.SH
[22:16:52] [5分钟] 773/5205: 601689.SH OK
[22:16:53] [5分钟] 第 774/5205 只: 603385.SH
[22:16:53] [5分钟] 774/5205: 603385.SH OK
[22:16:53] [5分钟] 第 775/5205 只: 603613.SH
[22:16:53] [5分钟] 775/5205: 603613.SH OK
[22:16:54] [5分钟] 第 776/5205 只: 603208.SH
[22:16:54] [5分钟] 776/5205: 603208.SH OK
[22:16:54] [5分钟] 第 777/5205 只: 688517.SH
[22:16:54] [5分钟] 777/5205: 688517.SH OK
[22:16:55] [5分钟] 第 778/5205 只: 600184.SH
[22:16:55] [5分钟] 778/5205: 600184.SH OK
[22:16:55] [5分钟] 第 779/5205 只: 603667.SH
[22:16:56] [5分钟] 779/5205: 603667.SH OK
[22:16:56] [5分钟] 第 780/5205 只: 688563.SH
[22:16:56] [5分钟] 780/5205: 688563.SH OK
[22:16:57] [5分钟] 第 781/5205 只: 688178.SH
[22:16:57] [5分钟] 781/5205: 688178.SH OK
[22:16:57] [5分钟] 第 782/5205 只: 600577.SH
[22:16:57] [5分钟] 782/5205: 600577.SH OK
[22:16:57] [5分钟] 第 783/5205 只: 600118.SH
[22:16:58] [5分钟] 783/5205: 600118.SH OK
[22:16:58] [5分钟] 第 784/5205 只: 600503.SH
[22:16:58] [5分钟] 784/5205: 600503.SH OK
[22:16:58] [5分钟] 第 785/5205 只: 688190.SH
[22:16:58] [5分钟] 785/5205: 688190.SH OK
[22:16:59] [5分钟] 第 786/5205 只: 601798.SH
[22:16:59] [5分钟] 786/5205: 601798.SH OK
[22:16:59] [5分钟] 第 787/5205 只: 600475.SH
[22:17:00] [5分钟] 787/5205: 600475.SH OK
[22:17:00] [5分钟] 第 788/5205 只: 688092.SH
[22:17:00] [5分钟] 788/5205: 688092.SH OK
[22:17:00] [5分钟] 第 789/5205 只: 688489.SH
[22:17:00] [5分钟] 789/5205: 688489.SH OK
[22:17:00] [5分钟] 第 790/5205 只: 603396.SH
[22:17:01] [5分钟] 790/5205: 603396.SH OK
[22:17:01] [5分钟] 第 791/5205 只: 601606.SH
[22:17:01] [5分钟] 791/5205: 601606.SH OK
[22:17:01] [5分钟] 第 792/5205 只: 603711.SH
[22:17:02] [5分钟] 792/5205: 603711.SH OK
[22:17:02] [5分钟] 第 793/5205 只: 600958.SH
[22:17:02] [5分钟] 793/5205: 600958.SH OK
[22:17:02] [5分钟] 第 794/5205 只: 605033.SH
[22:17:02] [5分钟] 794/5205: 605033.SH OK
[22:17:02] [5分钟] 第 795/5205 只: 600605.SH
[22:17:03] [5分钟] 795/5205: 600605.SH OK
[22:17:03] [5分钟] 第 796/5205 只: 688296.SH
[22:17:03] [5分钟] 796/5205: 688296.SH OK
[22:17:03] [5分钟] 第 797/5205 只: 603838.SH
[22:17:03] [5分钟] 797/5205: 603838.SH OK
[22:17:04] [5分钟] 第 798/5205 只: 603589.SH
[22:17:04] [5分钟] 798/5205: 603589.SH OK
[22:17:04] [5分钟] 第 799/5205 只: 603192.SH
[22:17:04] [5分钟] 799/5205: 603192.SH OK
[22:17:04] [5分钟] 第 800/5205 只: 600671.SH
[22:17:05] [5分钟] 800/5205: 600671.SH OK
[22:17:05] [5分钟 800/5205] 成功800，失败0，当前 600671.SH
[22:17:05] [5分钟] 第 801/5205 只: 688665.SH
[22:17:05] [5分钟] 801/5205: 688665.SH OK
[22:17:06] [5分钟] 第 802/5205 只: 601019.SH
[22:17:06] [5分钟] 802/5205: 601019.SH OK
[22:17:06] [5分钟] 第 803/5205 只: 688611.SH
[22:17:06] [5分钟] 803/5205: 688611.SH OK
[22:17:07] [5分钟] 第 804/5205 只: 600282.SH
[22:17:07] [5分钟] 804/5205: 600282.SH OK
[22:17:07] [5分钟] 第 805/5205 只: 600699.SH
[22:17:08] [5分钟] 805/5205: 600699.SH OK
[22:17:09] [5分钟] 第 806/5205 只: 603515.SH
[22:17:09] [5分钟] 806/5205: 603515.SH OK
[22:17:09] [5分钟] 第 807/5205 只: 603078.SH
[22:17:10] [5分钟] 807/5205: 603078.SH OK
[22:17:10] [5分钟] 第 808/5205 只: 688767.SH
[22:17:11] [5分钟] 808/5205: 688767.SH OK
[22:17:11] [5分钟] 第 809/5205 只: 601500.SH
[22:17:12] [5分钟] 809/5205: 601500.SH OK
[22:17:12] [5分钟] 第 810/5205 只: 688308.SH
[22:17:12] [5分钟] 810/5205: 688308.SH OK
[22:17:12] [5分钟] 第 811/5205 只: 600380.SH
[22:17:13] [5分钟] 811/5205: 600380.SH OK
[22:17:13] [5分钟] 第 812/5205 只: 603090.SH
[22:17:13] [5分钟] 812/5205: 603090.SH OK
[22:17:13] [5分钟] 第 813/5205 只: 600707.SH
[22:17:14] [5分钟] 813/5205: 600707.SH OK
[22:17:14] [5分钟] 第 814/5205 只: 601187.SH
[22:17:14] [5分钟] 814/5205: 601187.SH OK
[22:17:14] [5分钟] 第 815/5205 只: 600773.SH
[22:17:14] [5分钟] 815/5205: 600773.SH OK
[22:17:15] [5分钟] 第 816/5205 只: 600368.SH
[22:17:15] [5分钟] 816/5205: 600368.SH OK
[22:17:15] [5分钟] 第 817/5205 只: 600048.SH
[22:17:15] [5分钟] 817/5205: 600048.SH OK
[22:17:16] [5分钟] 第 818/5205 只: 605089.SH
[22:17:16] [5分钟] 818/5205: 605089.SH OK
[22:17:16] [5分钟] 第 819/5205 只: 600996.SH
[22:17:16] [5分钟] 819/5205: 600996.SH OK
[22:17:17] [5分钟] 第 820/5205 只: 688028.SH
[22:17:17] [5分钟] 820/5205: 688028.SH OK
[22:17:17] [5分钟] 第 821/5205 只: 688433.SH
[22:17:17] [5分钟] 821/5205: 688433.SH OK
[22:17:17] [5分钟] 第 822/5205 只: 603737.SH
[22:17:17] [5分钟] 822/5205: 603737.SH OK
[22:17:18] [5分钟] 第 823/5205 只: 603358.SH
[22:17:18] [5分钟] 823/5205: 603358.SH OK
[22:17:18] [5分钟] 第 824/5205 只: 600808.SH
[22:17:18] [5分钟] 824/5205: 600808.SH OK
[22:17:18] [5分钟] 第 825/5205 只: 688531.SH
[22:17:18] [5分钟] 825/5205: 688531.SH OK
[22:17:18] [5分钟] 第 826/5205 只: 601339.SH
[22:17:19] [5分钟] 826/5205: 601339.SH OK
[22:17:19] [5分钟] 第 827/5205 只: 605117.SH
[22:17:19] [5分钟] 827/5205: 605117.SH OK
[22:17:19] [5分钟] 第 828/5205 只: 688545.SH
[22:17:19] [5分钟] 828/5205: 688545.SH OK
[22:17:19] [5分钟] 第 829/5205 只: 600551.SH
[22:17:20] [5分钟] 829/5205: 600551.SH OK
[22:17:20] [5分钟] 第 830/5205 只: 600894.SH
[22:17:20] [5分钟] 830/5205: 600894.SH OK
[22:17:20] [5分钟] 第 831/5205 只: 600525.SH
[22:17:21] [5分钟] 831/5205: 600525.SH OK
[22:17:21] [5分钟] 第 832/5205 只: 603980.SH
[22:17:21] [5分钟] 832/5205: 603980.SH OK
[22:17:21] [5分钟] 第 833/5205 只: 600721.SH
[22:17:21] [5分钟] 833/5205: 600721.SH OK
[22:17:22] [5分钟] 第 834/5205 只: 600755.SH
[22:17:22] [5分钟] 834/5205: 600755.SH OK
[22:17:22] [5分钟] 第 835/5205 只: 603968.SH
[22:17:22] [5分钟] 835/5205: 603968.SH OK
[22:17:22] [5分钟] 第 836/5205 只: 600238.SH
[22:17:22] [5分钟] 836/5205: 600238.SH OK
[22:17:22] [5分钟] 第 837/5205 只: 600623.SH
[22:17:23] [5分钟] 837/5205: 600623.SH OK
[22:17:23] [5分钟] 第 838/5205 只: 600657.SH
[22:17:23] [5分钟] 838/5205: 600657.SH OK
[22:17:23] [5分钟] 第 839/5205 只: 688258.SH
[22:17:23] [5分钟] 839/5205: 688258.SH OK
[22:17:23] [5分钟] 第 840/5205 只: 603882.SH
[22:17:24] [5分钟] 840/5205: 603882.SH OK
[22:17:24] [5分钟] 第 841/5205 只: 603533.SH
[22:17:24] [5分钟] 841/5205: 603533.SH OK
[22:17:24] [5分钟] 第 842/5205 只: 603128.SH
[22:17:24] [5分钟] 842/5205: 603128.SH OK
[22:17:24] [5分钟] 第 843/5205 只: 601995.SH
[22:17:25] [5分钟] 843/5205: 601995.SH OK
[22:17:25] [5分钟] 第 844/5205 只: 601818.SH
[22:17:25] [5分钟] 844/5205: 601818.SH OK
[22:17:25] [5分钟] 第 845/5205 只: 600329.SH
[22:17:25] [5分钟] 845/5205: 600329.SH OK
[22:17:26] [5分钟] 第 846/5205 只: 600732.SH
[22:17:26] [5分钟] 846/5205: 600732.SH OK
[22:17:26] [5分钟] 第 847/5205 只: 600746.SH
[22:17:26] [5分钟] 847/5205: 600746.SH OK
[22:17:26] [5分钟] 第 848/5205 只: 605300.SH
[22:17:27] [5分钟] 848/5205: 605300.SH OK
[22:17:27] [5分钟] 第 849/5205 只: 603456.SH
[22:17:27] [5分钟] 849/5205: 603456.SH OK
[22:17:27] [5分钟] 第 850/5205 只: 688349.SH
[22:17:28] [5分钟] 850/5205: 688349.SH OK
[22:17:28] [5分钟 850/5205] 成功850，失败0，当前 688349.SH
[22:17:28] [5分钟] 第 851/5205 只: 603039.SH
[22:17:28] [5分钟] 851/5205: 603039.SH OK
[22:17:28] [5分钟] 第 852/5205 只: 603993.SH
[22:17:29] [5分钟] 852/5205: 603993.SH OK
[22:17:29] [5分钟] 第 853/5205 只: 688726.SH
[22:17:29] [5分钟] 853/5205: 688726.SH OK
[22:17:29] [5分钟] 第 854/5205 只: 601058.SH
[22:17:29] [5分钟] 854/5205: 601058.SH OK
[22:17:29] [5分钟] 第 855/5205 只: 603520.SH
[22:17:30] [5分钟] 855/5205: 603520.SH OK
[22:17:30] [5分钟] 第 856/5205 只: 600630.SH
[22:17:30] [5分钟] 856/5205: 600630.SH OK
[22:17:30] [5分钟] 第 857/5205 只: 600644.SH
[22:17:30] [5分钟] 857/5205: 600644.SH OK
[22:17:31] [5分钟] 第 858/5205 只: 603879.SH
[22:17:31] [5分钟] 858/5205: 603879.SH OK
[22:17:31] [5分钟] 第 859/5205 只: 601633.SH
[22:17:31] [5分钟] 859/5205: 601633.SH OK
[22:17:31] [5分钟] 第 860/5205 只: 688420.SH
[22:17:31] [5分钟] 860/5205: 688420.SH OK
[22:17:31] [5分钟] 第 861/5205 只: 601228.SH
[22:17:31] [5分钟] 861/5205: 601228.SH OK
[22:17:32] [5分钟] 第 862/5205 只: 600919.SH
[22:17:32] [5分钟] 862/5205: 600919.SH OK
[22:17:32] [5分钟] 第 863/5205 只: 605006.SH
[22:17:32] [5分钟] 863/5205: 605006.SH OK
[22:17:32] [5分钟] 第 864/5205 只: 600985.SH
[22:17:32] [5分钟] 864/5205: 600985.SH OK
[22:17:33] [5分钟] 第 865/5205 只: 605198.SH
[22:17:33] [5分钟] 865/5205: 605198.SH OK
[22:17:33] [5分钟] 第 866/5205 只: 600159.SH
[22:17:33] [5分钟] 866/5205: 600159.SH OK
[22:17:33] [5分钟] 第 867/5205 只: 600887.SH
[22:17:33] [5分钟] 867/5205: 600887.SH OK
[22:17:34] [5分钟] 第 868/5205 只: 600536.SH
[22:17:34] [5分钟] 868/5205: 600536.SH OK
[22:17:34] [5分钟] 第 869/5205 只: 603626.SH
[22:17:34] [5分钟] 869/5205: 603626.SH OK
[22:17:34] [5分钟] 第 870/5205 只: 688139.SH
[22:17:34] [5分钟] 870/5205: 688139.SH OK
[22:17:34] [5分钟] 第 871/5205 只: 688522.SH
[22:17:35] [5分钟] 871/5205: 688522.SH OK
[22:17:35] [5分钟] 第 872/5205 只: 688556.SH
[22:17:35] [5分钟] 872/5205: 688556.SH OK
[22:17:35] [5分钟] 第 873/5205 只: 688008.SH
[22:17:35] [5分钟] 873/5205: 688008.SH OK
[22:17:35] [5分钟] 第 874/5205 只: 601600.SH
[22:17:35] [5分钟] 874/5205: 601600.SH OK
[22:17:35] [5分钟] 第 875/5205 只: 600080.SH
[22:17:36] [5分钟] 875/5205: 600080.SH OK
[22:17:36] [5分钟] 第 876/5205 只: 603717.SH
[22:17:36] [5分钟] 876/5205: 603717.SH OK
[22:17:36] [5分钟] 第 877/5205 只: 603378.SH
[22:17:36] [5分钟] 877/5205: 603378.SH OK
[22:17:36] [5分钟] 第 878/5205 只: 603390.SH
[22:17:37] [5分钟] 878/5205: 603390.SH OK
[22:17:37] [5分钟] 第 879/5205 只: 600571.SH
[22:17:37] [5分钟] 879/5205: 600571.SH OK
[22:17:37] [5分钟] 第 880/5205 只: 603689.SH
[22:17:37] [5分钟] 880/5205: 603689.SH OK
[22:17:38] [5分钟] 第 881/5205 只: 600505.SH
[22:17:38] [5分钟] 881/5205: 600505.SH OK
[22:17:38] [5分钟] 第 882/5205 只: 688196.SH
[22:17:38] [5分钟] 882/5205: 688196.SH OK
[22:17:38] [5分钟] 第 883/5205 只: 600828.SH
[22:17:39] [5分钟] 883/5205: 600828.SH OK
[22:17:39] [5分钟] 第 884/5205 只: 603615.SH
[22:17:39] [5分钟] 884/5205: 603615.SH OK
[22:17:39] [5分钟] 第 885/5205 只: 688511.SH
[22:17:39] [5分钟] 885/5205: 688511.SH OK
[22:17:40] [5分钟] 第 886/5205 只: 601319.SH
[22:17:40] [5分钟] 886/5205: 601319.SH OK
[22:17:40] [5分钟] 第 887/5205 只: 601702.SH
[22:17:40] [5分钟] 887/5205: 601702.SH OK
[22:17:40] [5分钟] 第 888/5205 只: 600182.SH
[22:17:40] [5分钟] 888/5205: 600182.SH OK
[22:17:41] [5分钟] 第 889/5205 只: 603661.SH
[22:17:41] [5分钟] 889/5205: 603661.SH OK
[22:17:41] [5分钟] 第 890/5205 只: 688565.SH
[22:17:41] [5分钟] 890/5205: 688565.SH OK
[22:17:42] [5分钟] 第 891/5205 只: 603096.SH
[22:17:42] [5分钟] 891/5205: 603096.SH OK
[22:17:42] [5分钟] 第 892/5205 只: 688789.SH
[22:17:42] [5分钟] 892/5205: 688789.SH OK
[22:17:43] [5分钟] 第 893/5205 只: 688392.SH
[22:17:43] [5分钟] 893/5205: 688392.SH OK
[22:17:43] [5分钟] 第 894/5205 只: 600775.SH
[22:17:43] [5分钟] 894/5205: 600775.SH OK
[22:17:43] [5分钟] 第 895/5205 只: 603948.SH
[22:17:44] [5分钟] 895/5205: 603948.SH OK
[22:17:44] [5分钟] 第 896/5205 只: 605333.SH
[22:17:44] [5分钟] 896/5205: 605333.SH OK
[22:17:44] [5分钟] 第 897/5205 只: 601169.SH
[22:17:44] [5分钟] 897/5205: 601169.SH OK
[22:17:44] [5分钟] 第 898/5205 只: 600386.SH
[22:17:45] [5分钟] 898/5205: 600386.SH OK
[22:17:45] [5分钟] 第 899/5205 只: 688278.SH
[22:17:45] [5分钟] 899/5205: 688278.SH OK
[22:17:45] [5分钟] 第 900/5205 只: 688663.SH
[22:17:46] [5分钟] 900/5205: 688663.SH OK
[22:17:46] [5分钟 900/5205] 成功900，失败0，当前 688663.SH
[22:17:46] [5分钟] 第 901/5205 只: 603567.SH
[22:17:46] [5分钟] 901/5205: 603567.SH OK
[22:17:46] [5分钟] 第 902/5205 只: 688617.SH
[22:17:47] [5分钟] 902/5205: 688617.SH OK
[22:17:47] [5分钟] 第 903/5205 只: 600284.SH
[22:17:47] [5分钟] 903/5205: 600284.SH OK
[22:17:47] [5分钟] 第 904/5205 只: 603108.SH
[22:17:47] [5分钟] 904/5205: 603108.SH OK
[22:17:48] [5分钟] 第 905/5205 只: 600603.SH
[22:17:49] [5分钟] 905/5205: 600603.SH OK
[22:17:50] [5分钟] 第 906/5205 只: 600218.SH
[22:17:50] [5分钟] 906/5205: 600218.SH OK
[22:17:51] [5分钟] 第 907/5205 只: 601083.SH
[22:17:52] [5分钟] 907/5205: 601083.SH OK
[22:17:52] [5分钟] 第 908/5205 只: 688290.SH
[22:17:53] [5分钟] 908/5205: 688290.SH OK
[22:17:53] [5分钟] 第 909/5205 只: 603194.SH
[22:17:54] [5分钟] 909/5205: 603194.SH OK
[22:17:54] [5分钟] 第 910/5205 只: 601929.SH
[22:17:54] [5分钟] 910/5205: 601929.SH OK
[22:17:55] [5分钟] 第 911/5205 只: 688369.SH
[22:17:55] [5分钟] 911/5205: 688369.SH OK
[22:17:55] [5分钟] 第 912/5205 只: 688772.SH
[22:17:56] [5分钟] 912/5205: 688772.SH OK
[22:17:56] [5分钟] 第 913/5205 只: 603019.SH
[22:17:56] [5分钟] 913/5205: 603019.SH OK
[22:17:56] [5分钟] 第 914/5205 只: 603402.SH
[22:17:57] [5分钟] 914/5205: 603402.SH OK
[22:17:57] [5分钟] 第 915/5205 只: 601515.SH
[22:17:57] [5分钟] 915/5205: 601515.SH OK
[22:17:58] [5分钟] 第 916/5205 只: 600395.SH
[22:17:58] [5分钟] 916/5205: 600395.SH OK
[22:17:58] [5分钟] 第 917/5205 只: 603085.SH
[22:17:58] [5分钟] 917/5205: 603085.SH OK
[22:17:59] [5分钟] 第 918/5205 只: 601838.SH
[22:17:59] [5分钟] 918/5205: 601838.SH OK
[22:17:59] [5分钟] 第 919/5205 只: 600712.SH
[22:18:00] [5分钟] 919/5205: 600712.SH OK
[22:18:00] [5分钟] 第 920/5205 只: 600309.SH
[22:18:01] [5分钟] 920/5205: 600309.SH OK
[22:18:01] [5分钟] 第 921/5205 只: 688381.SH
[22:18:01] [5分钟] 921/5205: 688381.SH OK
[22:18:02] [5分钟] 第 922/5205 只: 600610.SH
[22:18:03] [5分钟] 922/5205: 600610.SH OK
[22:18:03] [5分钟] 第 923/5205 只: 688698.SH
[22:18:03] [5分钟] 923/5205: 688698.SH OK
[22:18:03] [5分钟] 第 924/5205 只: 688283.SH
[22:18:04] [5分钟] 924/5205: 688283.SH OK
[22:18:04] [5分钟] 第 925/5205 只: 603187.SH
[22:18:05] [5分钟] 925/5205: 603187.SH OK
[22:18:05] [5分钟] 第 926/5205 只: 600664.SH
[22:18:06] [5分钟] 926/5205: 600664.SH OK
[22:18:07] [5分钟] 第 927/5205 只: 603859.SH
[22:18:07] [5分钟] 927/5205: 603859.SH OK
[22:18:07] [5分钟] 第 928/5205 只: 688670.SH
[22:18:07] [5分钟] 928/5205: 688670.SH OK
[22:18:07] [5分钟] 第 929/5205 只: 605222.SH
[22:18:08] [5分钟] 929/5205: 605222.SH OK
[22:18:08] [5分钟] 第 930/5205 只: 603500.SH
[22:18:08] [5分钟] 930/5205: 603500.SH OK
[22:18:08] [5分钟] 第 931/5205 只: 600460.SH
[22:18:08] [5分钟] 931/5205: 600460.SH OK
[22:18:09] [5分钟] 第 932/5205 只: 688087.SH
[22:18:09] [5分钟] 932/5205: 688087.SH OK
[22:18:10] [5分钟] 第 933/5205 只: 603383.SH
[22:18:10] [5分钟] 933/5205: 603383.SH OK
[22:18:10] [5分钟] 第 934/5205 只: 603798.SH
[22:18:10] [5分钟] 934/5205: 603798.SH OK
[22:18:10] [5分钟] 第 935/5205 只: 688400.SH
[22:18:11] [5分钟] 935/5205: 688400.SH OK
[22:18:11] [5分钟] 第 936/5205 只: 601208.SH
[22:18:12] [5分钟] 936/5205: 601208.SH OK
[22:18:12] [5分钟] 第 937/5205 只: 600488.SH
[22:18:12] [5分钟] 937/5205: 600488.SH OK
[22:18:13] [5分钟] 第 938/5205 只: 600939.SH
[22:18:13] [5分钟] 938/5205: 600939.SH OK
[22:18:13] [5分钟] 第 939/5205 只: 603606.SH
[22:18:14] [5分钟] 939/5205: 603606.SH OK
[22:18:14] [5分钟] 第 940/5205 只: 688502.SH
[22:18:15] [5分钟] 940/5205: 688502.SH OK
[22:18:15] [5分钟] 第 941/5205 只: 688119.SH
[22:18:16] [5分钟] 941/5205: 688119.SH OK
[22:18:16] [5分钟] 第 942/5205 只: 600191.SH
[22:18:17] [5分钟] 942/5205: 600191.SH OK
[22:18:18] [5分钟] 第 943/5205 只: 603269.SH
[22:18:18] [5分钟] 943/5205: 603269.SH OK
[22:18:19] [5分钟] 第 944/5205 只: 688576.SH
[22:18:20] [5分钟] 944/5205: 688576.SH OK
[22:18:20] [5分钟] 第 945/5205 只: 600179.SH
[22:18:20] [5分钟] 945/5205: 600179.SH OK
[22:18:21] [5分钟] 第 946/5205 只: 600562.SH
[22:18:21] [5分钟] 946/5205: 600562.SH OK
[22:18:22] [5分钟] 第 947/5205 只: 603281.SH
[22:18:22] [5分钟] 947/5205: 603281.SH OK
[22:18:23] [5分钟] 第 948/5205 只: 600516.SH
[22:18:23] [5分钟] 948/5205: 600516.SH OK
[22:18:24] [5分钟] 第 949/5205 只: 688185.SH
[22:18:24] [5分钟] 949/5205: 688185.SH OK
[22:18:24] [5分钟] 第 950/5205 只: 600259.SH
[22:18:25] [5分钟] 950/5205: 600259.SH OK
[22:18:25] [5分钟 950/5205] 成功950，失败0，当前 600259.SH
[22:18:25] [5分钟] 第 951/5205 只: 600642.SH
[22:18:26] [5分钟] 951/5205: 600642.SH OK
[22:18:27] [5分钟] 第 952/5205 只: 601968.SH
[22:18:27] [5分钟] 952/5205: 601968.SH OK
[22:18:27] [5分钟] 第 953/5205 只: 605298.SH
[22:18:28] [5分钟] 953/5205: 605298.SH OK
[22:18:28] [5分钟] 第 954/5205 只: 688656.SH
[22:18:29] [5分钟] 954/5205: 688656.SH OK
[22:18:29] [5分钟] 第 955/5205 只: 688622.SH
[22:18:29] [5分钟] 955/5205: 688622.SH OK
[22:18:30] [5分钟] 第 956/5205 只: 603897.SH
[22:18:31] [5分钟] 956/5205: 603897.SH OK
[22:18:31] [5分钟] 第 957/5205 只: 688239.SH
[22:18:31] [5分钟] 957/5205: 688239.SH OK
[22:18:31] [5分钟] 第 958/5205 只: 601882.SH
[22:18:32] [5分钟] 958/5205: 601882.SH OK
[22:18:32] [5分钟] 第 959/5205 只: 601128.SH
[22:18:32] [5分钟] 959/5205: 601128.SH OK
[22:18:32] [5分钟] 第 960/5205 只: 603995.SH
[22:18:33] [5分钟] 960/5205: 603995.SH OK
[22:18:33] [5分钟] 第 961/5205 只: 688720.SH
[22:18:33] [5分钟] 961/5205: 688720.SH OK
[22:18:34] [5分钟] 第 962/5205 只: 600734.SH
[22:18:34] [5分钟] 962/5205: 600734.SH OK
[22:18:35] [5分钟] 第 963/5205 只: 603909.SH
[22:18:35] [5分钟] 963/5205: 603909.SH OK
[22:18:36] [5分钟] 第 964/5205 只: 600740.SH
[22:18:36] [5分钟] 964/5205: 600740.SH OK
[22:18:36] [5分钟] 第 965/5205 只: 600869.SH
[22:18:37] [5分钟] 965/5205: 600869.SH OK
[22:18:37] [5分钟] 第 966/5205 只: 688550.SH
[22:18:37] [5分钟] 966/5205: 688550.SH OK
[22:18:38] [5分钟] 第 967/5205 只: 688809.SH
[22:18:38] [5分钟] 967/5205: 688809.SH OK
[22:18:39] [5分钟] 第 968/5205 只: 600881.SH
[22:18:39] [5分钟] 968/5205: 600881.SH OK
[22:18:39] [5分钟] 第 969/5205 只: 600530.SH
[22:18:40] [5分钟] 969/5205: 600530.SH OK
[22:18:40] [5分钟] 第 970/5205 只: 600446.SH
[22:18:41] [5分钟] 970/5205: 600446.SH OK
[22:18:41] [5分钟] 第 971/5205 只: 600029.SH
[22:18:41] [5分钟] 971/5205: 600029.SH OK
[22:18:41] [5分钟] 第 972/5205 只: 600983.SH
[22:18:42] [5分钟] 972/5205: 600983.SH OK
[22:18:42] [5分钟] 第 973/5205 只: 688426.SH
[22:18:42] [5分钟] 973/5205: 688426.SH OK
[22:18:43] [5分钟] 第 974/5205 只: 603339.SH
[22:18:43] [5分钟] 974/5205: 603339.SH OK
[22:18:44] [5分钟] 第 975/5205 只: 603722.SH
[22:18:44] [5分钟] 975/5205: 603722.SH OK
[22:18:44] [5分钟] 第 976/5205 只: 688049.SH
[22:18:45] [5分钟] 976/5205: 688049.SH OK
[22:18:45] [5分钟] 第 977/5205 只: 600557.SH
[22:18:45] [5分钟] 977/5205: 600557.SH OK
[22:18:46] [5分钟] 第 978/5205 只: 600892.SH
[22:18:46] [5分钟] 978/5205: 600892.SH OK
[22:18:46] [5分钟] 第 979/5205 只: 600523.SH
[22:18:46] [5分钟] 979/5205: 600523.SH OK
[22:18:46] [5分钟] 第 980/5205 只: 600138.SH
[22:18:47] [5分钟] 980/5205: 600138.SH OK
[22:18:47] [5分钟] 第 981/5205 只: 603228.SH
[22:18:47] [5分钟] 981/5205: 603228.SH OK
[22:18:47] [5分钟] 第 982/5205 只: 603633.SH
[22:18:48] [5分钟] 982/5205: 603633.SH OK
[22:18:48] [5分钟] 第 983/5205 只: 605111.SH
[22:18:49] [5分钟] 983/5205: 605111.SH OK
[22:18:49] [5分钟] 第 984/5205 只: 688158.SH
[22:18:49] [5分钟] 984/5205: 688158.SH OK
[22:18:49] [5分钟] 第 985/5205 只: 688543.SH
[22:18:50] [5分钟] 985/5205: 688543.SH OK
[22:18:50] [5分钟] 第 986/5205 只: 688435.SH
[22:18:50] [5分钟] 986/5205: 688435.SH OK
[22:18:50] [5分钟] 第 987/5205 只: 600455.SH
[22:18:50] [5分钟] 987/5205: 600455.SH OK
[22:18:51] [5分钟] 第 988/5205 只: 600990.SH
[22:18:51] [5分钟] 988/5205: 600990.SH OK
[22:18:51] [5分钟] 第 989/5205 只: 601456.SH
[22:18:51] [5分钟] 989/5205: 601456.SH OK
[22:18:51] [5分钟] 第 990/5205 只: 688631.SH
[22:18:52] [5分钟] 990/5205: 688631.SH OK
[22:18:52] [5分钟] 第 991/5205 只: 603535.SH
[22:18:53] [5分钟] 991/5205: 603535.SH OK
[22:18:53] [5分钟] 第 992/5205 只: 603818.SH
[22:18:53] [5分钟] 992/5205: 603818.SH OK
[22:18:53] [5分钟] 第 993/5205 只: 600651.SH
[22:18:54] [5分钟] 993/5205: 600651.SH OK
[22:18:54] [5分钟] 第 994/5205 只: 600727.SH
[22:18:54] [5分钟] 994/5205: 600727.SH OK
[22:18:54] [5分钟] 第 995/5205 只: 605389.SH
[22:18:55] [5分钟] 995/5205: 605389.SH OK
[22:18:55] [5分钟] 第 996/5205 只: 600348.SH
[22:18:55] [5分钟] 996/5205: 600348.SH OK
[22:18:55] [5分钟] 第 997/5205 只: 600753.SH
[22:18:56] [5分钟] 997/5205: 600753.SH OK
[22:18:56] [5分钟] 第 998/5205 只: 603058.SH
[22:18:56] [5分钟] 998/5205: 603058.SH OK
[22:18:57] [5分钟] 第 999/5205 只: 603986.SH
[22:18:57] [5分钟] 999/5205: 603986.SH OK
[22:18:57] [5分钟] 第 1000/5205 只: 688733.SH
[22:18:57] [5分钟] 1000/5205: 688733.SH OK
[22:18:58] [5分钟 1000/5205] 成功1000，失败0，当前 688733.SH
[22:18:58] [5分钟] 第 1001/5205 只: 688328.SH
[22:18:58] [5分钟] 1001/5205: 688328.SH OK
[22:18:58] [5分钟] 第 1002/5205 只: 600851.SH
[22:18:58] [5分钟] 1002/5205: 600851.SH OK
[22:18:58] [5分钟] 第 1003/5205 只: 603277.SH
[22:18:59] [5分钟] 1003/5205: 603277.SH OK
[22:18:59] [5分钟] 第 1004/5205 只: 601360.SH
[22:18:59] [5分钟] 1004/5205: 601360.SH OK
[22:19:00] [5分钟] 第 1005/5205 只: 688568.SH
[22:19:00] [5分钟] 1005/5205: 688568.SH OK
[22:19:00] [5分钟] 第 1006/5205 只: 688173.SH
[22:19:00] [5分钟] 1006/5205: 688173.SH OK
[22:19:01] [5分钟] 第 1007/5205 只: 600825.SH
[22:19:01] [5分钟] 1007/5205: 600825.SH OK
[22:19:01] [5分钟] 第 1008/5205 只: 605555.SH
[22:19:02] [5分钟] 1008/5205: 605555.SH OK
[22:19:02] [5分钟] 第 1009/5205 只: 603618.SH
[22:19:02] [5分钟] 1009/5205: 603618.SH OK
[22:19:02] [5分钟] 第 1010/5205 只: 603203.SH
[22:19:02] [5分钟] 1010/5205: 603203.SH OK
[22:19:03] [5分钟] 第 1011/5205 只: 688107.SH
[22:19:03] [5分钟] 1011/5205: 688107.SH OK
[22:19:03] [5分钟] 第 1012/5205 只: 600594.SH
[22:19:04] [5分钟] 1012/5205: 600594.SH OK
[22:19:04] [5分钟] 第 1013/5205 只: 600113.SH
[22:19:04] [5分钟] 1013/5205: 600113.SH OK
[22:19:05] [5分钟] 第 1014/5205 只: 600508.SH
[22:19:05] [5分钟] 1014/5205: 600508.SH OK
[22:19:05] [5分钟] 第 1015/5205 只: 688580.SH
[22:19:05] [5分钟] 1015/5205: 688580.SH OK
[22:19:06] [5分钟] 第 1016/5205 只: 601388.SH
[22:19:06] [5分钟] 1016/5205: 601388.SH OK
[22:19:06] [5分钟] 第 1017/5205 只: 600167.SH
[22:19:07] [5分钟] 1017/5205: 600167.SH OK
[22:19:07] [5分钟] 第 1018/5205 只: 600011.SH
[22:19:07] [5分钟] 1018/5205: 600011.SH OK
[22:19:08] [5分钟] 第 1019/5205 只: 688099.SH
[22:19:08] [5分钟] 1019/5205: 688099.SH OK
[22:19:08] [5分钟] 第 1020/5205 只: 603786.SH
[22:19:08] [5分钟] 1020/5205: 603786.SH OK
[22:19:09] [5分钟] 第 1021/5205 只: 688071.SH
[22:19:09] [5分钟] 1021/5205: 688071.SH OK
[22:19:10] [5分钟] 第 1022/5205 只: 603375.SH
[22:19:10] [5分钟] 1022/5205: 603375.SH OK
[22:19:10] [5分钟] 第 1023/5205 只: 688005.SH
[22:19:11] [5分钟] 1023/5205: 688005.SH OK
[22:19:11] [5分钟] 第 1024/5205 只: 601216.SH
[22:19:11] [5分钟] 1024/5205: 601216.SH OK
[22:19:11] [5分钟] 第 1025/5205 只: 600496.SH
[22:19:12] [5分钟] 1025/5205: 600496.SH OK
[22:19:12] [5分钟] 第 1026/5205 只: 600927.SH
[22:19:12] [5分钟] 1026/5205: 600927.SH OK
[22:19:12] [5分钟] 第 1027/5205 只: 603301.SH
[22:19:13] [5分钟] 1027/5205: 603301.SH OK
[22:19:13] [5分钟] 第 1028/5205 只: 600261.SH
[22:19:13] [5分钟] 1028/5205: 600261.SH OK
[22:19:13] [5分钟] 第 1029/5205 只: 600215.SH
[22:19:14] [5分钟] 1029/5205: 600215.SH OK
[22:19:15] [5分钟] 第 1030/5205 只: 603833.SH
[22:19:16] [5分钟] 1030/5205: 603833.SH OK
[22:19:16] [5分钟] 第 1031/5205 只: 688686.SH
[22:19:17] [5分钟] 1031/5205: 688686.SH OK
[22:19:17] [5分钟] 第 1032/5205 只: 603199.SH
[22:19:18] [5分钟] 1032/5205: 603199.SH OK
[22:19:19] [5分钟] 第 1033/5205 只: 688201.SH
[22:19:19] [5分钟] 1033/5205: 688201.SH OK
[22:19:19] [5分钟] 第 1034/5205 只: 601012.SH
[22:19:19] [5分钟] 1034/5205: 601012.SH OK
[22:19:20] [5分钟] 第 1035/5205 只: 600289.SH
[22:19:21] [5分钟] 1035/5205: 600289.SH OK
[22:19:23] [5分钟] 第 1036/5205 只: 600692.SH
[22:19:23] [5分钟] 1036/5205: 600692.SH OK
[22:19:24] [5分钟] 第 1037/5205 只: 603105.SH
[22:19:25] [5分钟] 1037/5205: 603105.SH OK
[22:19:25] [5分钟] 第 1038/5205 只: 601066.SH
[22:19:26] [5分钟] 1038/5205: 601066.SH OK
[22:19:26] [5分钟] 第 1039/5205 只: 688275.SH
[22:19:27] [5分钟] 1039/5205: 688275.SH OK
[22:19:27] [5分钟] 第 1040/5205 只: 603171.SH
[22:19:28] [5分钟] 1040/5205: 603171.SH OK
[22:19:28] [5分钟] 第 1041/5205 只: 603007.SH
[22:19:28] [5分钟] 1041/5205: 603007.SH OK
[22:19:28] [5分钟] 第 1042/5205 只: 688303.SH
[22:19:29] [5分钟] 1042/5205: 688303.SH OK
[22:19:29] [5分钟] 第 1043/5205 只: 688718.SH
[22:19:29] [5分钟] 1043/5205: 688718.SH OK
[22:19:29] [5分钟] 第 1044/5205 只: 600790.SH
[22:19:29] [5分钟] 1044/5205: 600790.SH OK
[22:19:29] [5分钟] 第 1045/5205 只: 603073.SH
[22:19:30] [5分钟] 1045/5205: 603073.SH OK
[22:19:30] [5分钟] 第 1046/5205 只: 688377.SH
[22:19:30] [5分钟] 1046/5205: 688377.SH OK
[22:19:30] [5分钟] 第 1047/5205 只: 600778.SH
[22:19:30] [5分钟] 1047/5205: 600778.SH OK
[22:19:30] [5分钟] 第 1048/5205 只: 600363.SH
[22:19:31] [5分钟] 1048/5205: 600363.SH OK
[22:19:31] [5分钟] 第 1049/5205 只: 603931.SH
[22:19:31] [5分钟] 1049/5205: 603931.SH OK
[22:19:31] [5分钟] 第 1050/5205 只: 688212.SH
[22:19:31] [5分钟] 1050/5205: 688212.SH OK
[22:19:31] [5分钟 1050/5205] 成功1050，失败0，当前 688212.SH
[22:19:32] [5分钟] 第 1051/5205 只: 601001.SH
[22:19:32] [5分钟] 1051/5205: 601001.SH OK
[22:19:32] [5分钟] 第 1052/5205 只: 688609.SH
[22:19:32] [5分钟] 1052/5205: 688609.SH OK
[22:19:32] [5分钟] 第 1053/5205 只: 600681.SH
[22:19:33] [5分钟] 1053/5205: 600681.SH OK
[22:19:33] [5分钟] 第 1054/5205 只: 603116.SH
[22:19:33] [5分钟] 1054/5205: 603116.SH OK
[22:19:33] [5分钟] 第 1055/5205 只: 688266.SH
[22:19:33] [5分钟] 1055/5205: 688266.SH OK
[22:19:33] [5分钟] 第 1056/5205 只: 603162.SH
[22:19:34] [5分钟] 1056/5205: 603162.SH OK
[22:19:34] [5分钟] 第 1057/5205 只: 603579.SH
[22:19:34] [5分钟] 1057/5205: 603579.SH OK
[22:19:34] [5分钟] 第 1058/5205 只: 600272.SH
[22:19:34] [5分钟] 1058/5205: 600272.SH OK
[22:19:34] [5分钟] 第 1059/5205 只: 600206.SH
[22:19:34] [5分钟] 1059/5205: 600206.SH OK
[22:19:34] [5分钟] 第 1060/5205 只: 688695.SH
[22:19:35] [5分钟] 1060/5205: 688695.SH OK
[22:19:35] [5分钟] 第 1061/5205 只: 600370.SH
[22:19:35] [5分钟] 1061/5205: 600370.SH OK
[22:19:35] [5分钟] 第 1062/5205 只: 603956.SH
[22:19:35] [5分钟] 1062/5205: 603956.SH OK
[22:19:35] [5分钟] 第 1063/5205 只: 603088.SH
[22:19:35] [5分钟] 1063/5205: 603088.SH OK
[22:19:35] [5分钟] 第 1064/5205 只: 688797.SH
[22:19:36] [5分钟] 1064/5205: 688797.SH OK
[22:19:36] [5分钟] 第 1065/5205 只: 603922.SH
[22:19:36] [5分钟] 1065/5205: 603922.SH OK
[22:19:36] [5分钟] 第 1066/5205 只: 603014.SH
[22:19:36] [5分钟] 1066/5205: 603014.SH OK
[22:19:36] [5分钟] 第 1067/5205 只: 601518.SH
[22:19:36] [5分钟] 1067/5205: 601518.SH OK
[22:19:36] [5分钟] 第 1068/5205 只: 688310.SH
[22:19:37] [5分钟] 1068/5205: 688310.SH OK
[22:19:37] [5分钟] 第 1069/5205 只: 600398.SH
[22:19:37] [5分钟] 1069/5205: 600398.SH OK
[22:19:37] [5分钟] 第 1070/5205 只: 600783.SH
[22:19:37] [5分钟] 1070/5205: 600783.SH OK
[22:19:37] [5分钟] 第 1071/5205 只: 603060.SH
[22:19:38] [5分钟] 1071/5205: 603060.SH OK
[22:19:38] [5分钟] 第 1072/5205 只: 601177.SH
[22:19:38] [5分钟] 1072/5205: 601177.SH OK
[22:19:38] [5分钟] 第 1073/5205 只: 603697.SH
[22:19:38] [5分钟] 1073/5205: 603697.SH OK
[22:19:39] [5分钟] 第 1074/5205 只: 600100.SH
[22:19:39] [5分钟] 1074/5205: 600100.SH OK
[22:19:39] [5分钟] 第 1075/5205 只: 688188.SH
[22:19:39] [5分钟] 1075/5205: 688188.SH OK
[22:19:39] [5分钟] 第 1076/5205 只: 688593.SH
[22:19:39] [5分钟] 1076/5205: 688593.SH OK
[22:19:40] [5分钟] 第 1077/5205 只: 688160.SH
[22:19:40] [5分钟] 1077/5205: 688160.SH OK
[22:19:40] [5分钟] 第 1078/5205 只: 603210.SH
[22:19:40] [5分钟] 1078/5205: 603210.SH OK
[22:19:41] [5分钟] 第 1079/5205 只: 688114.SH
[22:19:41] [5分钟] 1079/5205: 688114.SH OK
[22:19:41] [5分钟] 第 1080/5205 只: 600587.SH
[22:19:41] [5分钟] 1080/5205: 600587.SH OK
[22:19:41] [5分钟] 第 1081/5205 只: 688479.SH
[22:19:42] [5分钟] 1081/5205: 688479.SH OK
[22:19:42] [5分钟] 第 1082/5205 只: 688062.SH
[22:19:42] [5分钟] 1082/5205: 688062.SH OK
[22:19:42] [5分钟] 第 1083/5205 只: 603366.SH
[22:19:42] [5分钟] 1083/5205: 603366.SH OK
[22:19:42] [5分钟] 第 1084/5205 只: 688016.SH
[22:19:43] [5分钟] 1084/5205: 688016.SH OK
[22:19:43] [5分钟] 第 1085/5205 只: 603709.SH
[22:19:43] [5分钟] 1085/5205: 603709.SH OK
[22:19:43] [5分钟] 第 1086/5205 只: 603312.SH
[22:19:43] [5分钟] 1086/5205: 603312.SH OK
[22:19:43] [5分钟] 第 1087/5205 只: 600419.SH
[22:19:44] [5分钟] 1087/5205: 600419.SH OK
[22:19:44] [5分钟] 第 1088/5205 只: 600076.SH
[22:19:44] [5分钟] 1088/5205: 600076.SH OK
[22:19:44] [5分钟] 第 1089/5205 只: 600356.SH
[22:19:44] [5分钟] 1089/5205: 600356.SH OK
[22:19:44] [5分钟] 第 1090/5205 只: 603970.SH
[22:19:44] [5分钟] 1090/5205: 603970.SH OK
[22:19:44] [5分钟] 第 1091/5205 只: 600322.SH
[22:19:45] [5分钟] 1091/5205: 600322.SH OK
[22:19:45] [5分钟] 第 1092/5205 只: 600739.SH
[22:19:45] [5分钟] 1092/5205: 600739.SH OK
[22:19:45] [5分钟] 第 1093/5205 只: 603429.SH
[22:19:45] [5分钟] 1093/5205: 603429.SH OK
[22:19:45] [5分钟] 第 1094/5205 只: 603032.SH
[22:19:45] [5分钟] 1094/5205: 603032.SH OK
[22:19:45] [5分钟] 第 1095/5205 只: 688336.SH
[22:19:45] [5分钟] 1095/5205: 688336.SH OK
[22:19:46] [5分钟] 第 1096/5205 只: 603998.SH
[22:19:46] [5分钟] 1096/5205: 603998.SH OK
[22:19:46] [5分钟] 第 1097/5205 只: 688759.SH
[22:19:46] [5分钟] 1097/5205: 688759.SH OK
[22:19:46] [5分钟] 第 1098/5205 只: 688234.SH
[22:19:46] [5分钟] 1098/5205: 688234.SH OK
[22:19:46] [5分钟] 第 1099/5205 只: 603130.SH
[22:19:47] [5分钟] 1099/5205: 603130.SH OK
[22:19:47] [5分钟] 第 1100/5205 只: 601965.SH
[22:19:47] [5分钟] 1100/5205: 601965.SH OK
[22:19:47] [5分钟 1100/5205] 成功1100，失败0，当前 601965.SH
[22:19:47] [5分钟] 第 1101/5205 只: 603806.SH
[22:19:47] [5分钟] 1101/5205: 603806.SH OK
[22:19:47] [5分钟] 第 1102/5205 只: 600966.SH
[22:19:47] [5分钟] 1102/5205: 600966.SH OK
[22:19:48] [5分钟] 第 1103/5205 只: 688030.SH
[22:19:48] [5分钟] 1103/5205: 688030.SH OK
[22:19:48] [5分钟] 第 1104/5205 只: 603334.SH
[22:19:48] [5分钟] 1104/5205: 603334.SH OK
[22:19:48] [5分钟] 第 1105/5205 只: 600050.SH
[22:19:48] [5分钟] 1105/5205: 600050.SH OK
[22:19:48] [5分钟] 第 1106/5205 只: 600126.SH
[22:19:48] [5分钟] 1106/5205: 600126.SH OK
[22:19:48] [5分钟] 第 1107/5205 只: 605588.SH
[22:19:49] [5分钟] 1107/5205: 605588.SH OK
[22:19:49] [5分钟] 第 1108/5205 只: 600549.SH
[22:19:49] [5分钟] 1108/5205: 600549.SH OK
[22:19:49] [5分钟] 第 1109/5205 只: 600152.SH
[22:19:49] [5分钟] 1109/5205: 600152.SH OK
[22:19:49] [5分钟] 第 1110/5205 只: 600864.SH
[22:19:50] [5分钟] 1110/5205: 600864.SH OK
[22:19:50] [5分钟] 第 1111/5205 只: 603659.SH
[22:19:50] [5分钟] 1111/5205: 603659.SH OK
[22:19:50] [5分钟] 第 1112/5205 只: 688146.SH
[22:19:50] [5分钟] 1112/5205: 688146.SH OK
[22:19:51] [5分钟] 第 1113/5205 只: 600810.SH
[22:19:51] [5分钟] 1113/5205: 600810.SH OK
[22:19:51] [5分钟] 第 1114/5205 只: 603236.SH
[22:19:51] [5分钟] 1114/5205: 603236.SH OK
[22:19:51] [5分钟] 第 1115/5205 只: 688132.SH
[22:19:52] [5分钟] 1115/5205: 688132.SH OK
[22:19:52] [5分钟] 第 1116/5205 只: 688529.SH
[22:19:52] [5分钟] 1116/5205: 688529.SH OK
[22:19:52] [5分钟] 第 1117/5205 只: 600037.SH
[22:19:52] [5分钟] 1117/5205: 600037.SH OK
[22:19:53] [5分钟] 第 1118/5205 只: 600458.SH
[22:19:53] [5分钟] 1118/5205: 600458.SH OK
[22:19:53] [5分钟] 第 1119/5205 只: 605499.SH
[22:19:53] [5分钟] 1119/5205: 605499.SH OK
[22:19:54] [5分钟] 第 1120/5205 只: 688057.SH
[22:19:54] [5分钟] 1120/5205: 688057.SH OK
[22:19:54] [5分钟] 第 1121/5205 只: 600975.SH
[22:19:54] [5分钟] 1121/5205: 600975.SH OK
[22:19:54] [5分钟] 第 1122/5205 只: 603353.SH
[22:19:55] [5分钟] 1122/5205: 603353.SH OK
[22:19:55] [5分钟] 第 1123/5205 只: 688023.SH
[22:19:55] [5分钟] 1123/5205: 688023.SH OK
[22:19:55] [5分钟] 第 1124/5205 只: 600901.SH
[22:19:56] [5分钟] 1124/5205: 600901.SH OK
[22:19:56] [5分钟] 第 1125/5205 只: 603327.SH
[22:19:56] [5分钟] 1125/5205: 603327.SH OK
[22:19:56] [5分钟] 第 1126/5205 只: 605507.SH
[22:19:56] [5分钟] 1126/5205: 605507.SH OK
[22:19:56] [5分钟] 第 1127/5205 只: 600877.SH
[22:19:57] [5分钟] 1127/5205: 600877.SH OK
[22:19:57] [5分钟] 第 1128/5205 只: 688155.SH
[22:19:57] [5分钟] 1128/5205: 688155.SH OK
[22:19:57] [5分钟] 第 1129/5205 只: 605168.SH
[22:19:57] [5分钟] 1129/5205: 605168.SH OK
[22:19:57] [5分钟] 第 1130/5205 只: 600803.SH
[22:19:57] [5分钟] 1130/5205: 600803.SH OK
[22:19:58] [5分钟] 第 1131/5205 只: 603225.SH
[22:19:58] [5分钟] 1131/5205: 603225.SH OK
[22:19:58] [5分钟] 第 1132/5205 只: 688121.SH
[22:19:58] [5分钟] 1132/5205: 688121.SH OK
[22:19:58] [5分钟] 第 1133/5205 只: 600135.SH
[22:19:58] [5分钟] 1133/5205: 600135.SH OK
[22:19:58] [5分钟] 第 1134/5205 只: 605180.SH
[22:19:58] [5分钟] 1134/5205: 605180.SH OK
[22:19:58] [5分钟] 第 1135/5205 只: 600141.SH
[22:19:59] [5分钟] 1135/5205: 600141.SH OK
[22:19:59] [5分钟] 第 1136/5205 只: 603021.SH
[22:19:59] [5分钟] 1136/5205: 603021.SH OK
[22:19:59] [5分钟] 第 1137/5205 只: 688325.SH
[22:19:59] [5分钟] 1137/5205: 688325.SH OK
[22:19:59] [5分钟] 第 1138/5205 只: 601136.SH
[22:19:59] [5分钟] 1138/5205: 601136.SH OK
[22:20:00] [5分钟] 第 1139/5205 只: 605318.SH
[22:20:00] [5分钟] 1139/5205: 605318.SH OK
[22:20:00] [5分钟] 第 1140/5205 只: 603055.SH
[22:20:00] [5分钟] 1140/5205: 603055.SH OK
[22:20:00] [5分钟] 第 1141/5205 只: 688351.SH
[22:20:00] [5分钟] 1141/5205: 688351.SH OK
[22:20:00] [5分钟] 第 1142/5205 只: 600345.SH
[22:20:00] [5分钟] 1142/5205: 600345.SH OK
[22:20:00] [5分钟] 第 1143/5205 只: 601800.SH
[22:20:01] [5分钟] 1143/5205: 601800.SH OK
[22:20:01] [5分钟] 第 1144/5205 只: 600331.SH
[22:20:01] [5分钟] 1144/5205: 600331.SH OK
[22:20:01] [5分钟] 第 1145/5205 只: 603917.SH
[22:20:01] [5分钟] 1145/5205: 603917.SH OK
[22:20:01] [5分钟] 第 1146/5205 只: 603861.SH
[22:20:01] [5分钟] 1146/5205: 603861.SH OK
[22:20:01] [5分钟] 第 1147/5205 只: 605286.SH
[22:20:01] [5分钟] 1147/5205: 605286.SH OK
[22:20:02] [5分钟] 第 1148/5205 只: 600233.SH
[22:20:02] [5分钟] 1148/5205: 600233.SH OK
[22:20:02] [5分钟] 第 1149/5205 只: 600628.SH
[22:20:02] [5分钟] 1149/5205: 600628.SH OK
[22:20:02] [5分钟] 第 1150/5205 只: 603815.SH
[22:20:02] [5分钟] 1150/5205: 603815.SH OK
[22:20:02] [5分钟 1150/5205] 成功1150，失败0，当前 603815.SH
[22:20:02] [5分钟] 第 1151/5205 只: 688227.SH
[22:20:02] [5分钟] 1151/5205: 688227.SH OK
[22:20:03] [5分钟] 第 1152/5205 只: 603889.SH
[22:20:03] [5分钟] 1152/5205: 603889.SH OK
[22:20:03] [5分钟] 第 1153/5205 只: 603538.SH
[22:20:03] [5分钟] 1153/5205: 603538.SH OK
[22:20:03] [5分钟] 第 1154/5205 只: 603123.SH
[22:20:03] [5分钟] 1154/5205: 603123.SH OK
[22:20:03] [5分钟] 第 1155/5205 只: 688648.SH
[22:20:03] [5分钟] 1155/5205: 688648.SH OK
[22:20:03] [5分钟] 第 1156/5205 只: 688253.SH
[22:20:04] [5分钟] 1156/5205: 688253.SH OK
[22:20:04] [5分钟] 第 1157/5205 只: 688312.SH
[22:20:04] [5分钟] 1157/5205: 688312.SH OK
[22:20:04] [5分钟] 第 1158/5205 只: 601101.SH
[22:20:04] [5分钟] 1158/5205: 601101.SH OK
[22:20:04] [5分钟] 第 1159/5205 只: 688709.SH
[22:20:04] [5分钟] 1159/5205: 688709.SH OK
[22:20:04] [5分钟] 第 1160/5205 只: 603016.SH
[22:20:04] [5分钟] 1160/5205: 603016.SH OK
[22:20:05] [5分钟] 第 1161/5205 只: 688366.SH
[22:20:05] [5分钟] 1161/5205: 688366.SH OK
[22:20:05] [5分钟] 第 1162/5205 只: 603062.SH
[22:20:05] [5分钟] 1162/5205: 603062.SH OK
[22:20:05] [5分钟] 第 1163/5205 只: 600769.SH
[22:20:05] [5分钟] 1163/5205: 600769.SH OK
[22:20:05] [5分钟] 第 1164/5205 只: 600372.SH
[22:20:05] [5分钟] 1164/5205: 600372.SH OK
[22:20:06] [5分钟] 第 1165/5205 只: 688795.SH
[22:20:06] [5分钟] 1165/5205: 688795.SH OK
[22:20:06] [5分钟] 第 1166/5205 只: 603920.SH
[22:20:06] [5分钟] 1166/5205: 603920.SH OK
[22:20:06] [5分钟] 第 1167/5205 只: 603856.SH
[22:20:06] [5分钟] 1167/5205: 603856.SH OK
[22:20:06] [5分钟] 第 1168/5205 只: 603188.SH
[22:20:06] [5分钟] 1168/5205: 603188.SH OK
[22:20:06] [5分钟] 第 1169/5205 只: 603822.SH
[22:20:07] [5分钟] 1169/5205: 603822.SH OK
[22:20:07] [5分钟] 第 1170/5205 只: 688697.SH
[22:20:07] [5分钟] 1170/5205: 688697.SH OK
[22:20:07] [5分钟] 第 1171/5205 只: 605259.SH
[22:20:07] [5分钟] 1171/5205: 605259.SH OK
[22:20:07] [5分钟] 第 1172/5205 只: 600298.SH
[22:20:07] [5分钟] 1172/5205: 600298.SH OK
[22:20:07] [5分钟] 第 1173/5205 只: 600683.SH
[22:20:08] [5分钟] 1173/5205: 600683.SH OK
[22:20:08] [5分钟] 第 1174/5205 只: 688210.SH
[22:20:08] [5分钟] 1174/5205: 688210.SH OK
[22:20:08] [5分钟] 第 1175/5205 只: 601003.SH
[22:20:08] [5分钟] 1175/5205: 601003.SH OK
[22:20:08] [5分钟] 第 1176/5205 只: 603160.SH
[22:20:08] [5分钟] 1176/5205: 603160.SH OK
[22:20:08] [5分钟] 第 1177/5205 只: 601077.SH
[22:20:08] [5分钟] 1177/5205: 601077.SH OK
[22:20:09] [5分钟] 第 1178/5205 只: 603797.SH
[22:20:09] [5分钟] 1178/5205: 603797.SH OK
[22:20:09] [5分钟] 第 1179/5205 只: 688088.SH
[22:20:09] [5分钟] 1179/5205: 688088.SH OK
[22:20:09] [5分钟] 第 1180/5205 只: 600000.SH
[22:20:10] [5分钟] 1180/5205: 600000.SH OK
[22:20:10] [5分钟] 第 1181/5205 只: 601668.SH
[22:20:10] [5分钟] 1181/5205: 601668.SH OK
[22:20:10] [5分钟] 第 1182/5205 只: 688060.SH
[22:20:10] [5分钟] 1182/5205: 688060.SH OK
[22:20:10] [5分钟] 第 1183/5205 只: 603310.SH
[22:20:10] [5分钟] 1183/5205: 603310.SH OK
[22:20:11] [5分钟] 第 1184/5205 只: 600936.SH
[22:20:11] [5分钟] 1184/5205: 600936.SH OK
[22:20:11] [5分钟] 第 1185/5205 只: 600487.SH
[22:20:11] [5分钟] 1185/5205: 600487.SH OK
[22:20:12] [5分钟] 第 1186/5205 只: 688579.SH
[22:20:12] [5分钟] 1186/5205: 688579.SH OK
[22:20:12] [5分钟] 第 1187/5205 只: 688162.SH
[22:20:12] [5分钟] 1187/5205: 688162.SH OK
[22:20:13] [5分钟] 第 1188/5205 只: 603266.SH
[22:20:13] [5分钟] 1188/5205: 603266.SH OK
[22:20:13] [5分钟] 第 1189/5205 只: 600585.SH
[22:20:13] [5分钟] 1189/5205: 600585.SH OK
[22:20:13] [5分钟] 第 1190/5205 只: 688116.SH
[22:20:14] [5分钟] 1190/5205: 688116.SH OK
[22:20:14] [5分钟] 第 1191/5205 只: 603609.SH
[22:20:14] [5分钟] 1191/5205: 603609.SH OK
[22:20:14] [5分钟] 第 1192/5205 只: 603212.SH
[22:20:14] [5分钟] 1192/5205: 603212.SH OK
[22:20:15] [5分钟] 第 1193/5205 只: 600834.SH
[22:20:15] [5分钟] 1193/5205: 600834.SH OK
[22:20:15] [5分钟] 第 1194/5205 只: 688591.SH
[22:20:15] [5分钟] 1194/5205: 688591.SH OK
[22:20:15] [5分钟] 第 1195/5205 只: 601399.SH
[22:20:15] [5分钟] 1195/5205: 601399.SH OK
[22:20:16] [5分钟] 第 1196/5205 只: 600519.SH
[22:20:16] [5分钟] 1196/5205: 600519.SH OK
[22:20:16] [5分钟] 第 1197/5205 只: 688820.SH
[22:20:16] [5分钟] 1197/5205: 688820.SH OK
[22:20:16] [5分钟] 第 1198/5205 只: 600176.SH
[22:20:16] [5分钟] 1198/5205: 600176.SH OK
[22:20:17] [5分钟] 第 1199/5205 只: 603377.SH
[22:20:17] [5分钟] 1199/5205: 603377.SH OK
[22:20:17] [5分钟] 第 1200/5205 只: 688468.SH
[22:20:17] [5分钟] 1200/5205: 688468.SH OK
[22:20:17] [5分钟 1200/5205] 成功1200，失败0，当前 688468.SH
[22:20:17] [5分钟] 第 1201/5205 只: 688073.SH
[22:20:17] [5分钟] 1201/5205: 688073.SH OK
[22:20:17] [5分钟] 第 1202/5205 只: 603718.SH
[22:20:18] [5分钟] 1202/5205: 603718.SH OK
[22:20:18] [5分钟] 第 1203/5205 只: 603303.SH
[22:20:18] [5分钟] 1203/5205: 603303.SH OK
[22:20:18] [5分钟] 第 1204/5205 只: 600925.SH
[22:20:18] [5分钟] 1204/5205: 600925.SH OK
[22:20:18] [5分钟] 第 1205/5205 只: 688007.SH
[22:20:18] [5分钟] 1205/5205: 688007.SH OK
[22:20:19] [5分钟] 第 1206/5205 只: 688480.SH
[22:20:19] [5分钟] 1206/5205: 688480.SH OK
[22:20:19] [5分钟] 第 1207/5205 只: 601288.SH
[22:20:19] [5分钟] 1207/5205: 601288.SH OK
[22:20:19] [5分钟] 第 1208/5205 只: 600408.SH
[22:20:19] [5分钟] 1208/5205: 600408.SH OK
[22:20:19] [5分钟] 第 1209/5205 只: 600067.SH
[22:20:19] [5分钟] 1209/5205: 600067.SH OK
[22:20:20] [5分钟] 第 1210/5205 只: 688199.SH
[22:20:20] [5分钟] 1210/5205: 688199.SH OK
[22:20:20] [5分钟] 第 1211/5205 只: 688582.SH
[22:20:20] [5分钟] 1211/5205: 688582.SH OK
[22:20:21] [5分钟] 第 1212/5205 只: 600111.SH
[22:20:21] [5分钟] 1212/5205: 600111.SH OK
[22:20:21] [5分钟] 第 1213/5205 只: 603686.SH
[22:20:21] [5分钟] 1213/5205: 603686.SH OK
[22:20:21] [5分钟] 第 1214/5205 只: 600165.SH
[22:20:22] [5分钟] 1214/5205: 600165.SH OK
[22:20:22] [5分钟] 第 1215/5205 只: 688171.SH
[22:20:22] [5分钟] 1215/5205: 688171.SH OK
[22:20:22] [5分钟] 第 1216/5205 只: 603275.SH
[22:20:22] [5分钟] 1216/5205: 603275.SH OK
[22:20:22] [5分钟] 第 1217/5205 只: 600853.SH
[22:20:22] [5分钟] 1217/5205: 600853.SH OK
[22:20:22] [5分钟] 第 1218/5205 只: 605138.SH
[22:20:23] [5分钟] 1218/5205: 605138.SH OK
[22:20:23] [5分钟] 第 1219/5205 只: 600596.SH
[22:20:23] [5分钟] 1219/5205: 600596.SH OK
[22:20:23] [5分钟] 第 1220/5205 只: 688105.SH
[22:20:23] [5分钟] 1220/5205: 688105.SH OK
[22:20:23] [5分钟] 第 1221/5205 只: 603201.SH
[22:20:23] [5分钟] 1221/5205: 603201.SH OK
[22:20:23] [5分钟] 第 1222/5205 只: 600827.SH
[22:20:24] [5分钟] 1222/5205: 600827.SH OK
[22:20:24] [5分钟] 第 1223/5205 只: 600361.SH
[22:20:24] [5分钟] 1223/5205: 600361.SH OK
[22:20:24] [5分钟] 第 1224/5205 只: 601595.SH
[22:20:25] [5分钟] 1224/5205: 601595.SH OK
[22:20:25] [5分钟] 第 1225/5205 只: 688786.SH
[22:20:25] [5分钟] 1225/5205: 688786.SH OK
[22:20:25] [5分钟] 第 1226/5205 只: 603933.SH
[22:20:25] [5分钟] 1226/5205: 603933.SH OK
[22:20:25] [5分钟] 第 1227/5205 只: 600315.SH
[22:20:26] [5分钟] 1227/5205: 600315.SH OK
[22:20:26] [5分钟] 第 1228/5205 只: 603099.SH
[22:20:26] [5分钟] 1228/5205: 603099.SH OK
[22:20:26] [5分钟] 第 1229/5205 只: 600389.SH
[22:20:26] [5分钟] 1229/5205: 600389.SH OK
[22:20:27] [5分钟] 第 1230/5205 只: 600792.SH
[22:20:27] [5分钟] 1230/5205: 600792.SH OK
[22:20:27] [5分钟] 第 1231/5205 只: 688301.SH
[22:20:27] [5分钟] 1231/5205: 688301.SH OK
[22:20:27] [5分钟] 第 1232/5205 只: 601112.SH
[22:20:28] [5分钟] 1232/5205: 601112.SH OK
[22:20:28] [5分钟] 第 1233/5205 只: 603005.SH
[22:20:28] [5分钟] 1233/5205: 603005.SH OK
[22:20:28] [5分钟] 第 1234/5205 只: 601166.SH
[22:20:29] [5分钟] 1234/5205: 601166.SH OK
[22:20:29] [5分钟] 第 1235/5205 只: 688375.SH
[22:20:29] [5分钟] 1235/5205: 688375.SH OK
[22:20:29] [5分钟] 第 1236/5205 只: 603071.SH
[22:20:30] [5分钟] 1236/5205: 603071.SH OK
[22:20:30] [5分钟] 第 1237/5205 只: 603107.SH
[22:20:30] [5分钟] 1237/5205: 603107.SH OK
[22:20:30] [5分钟] 第 1238/5205 只: 600690.SH
[22:20:30] [5分钟] 1238/5205: 600690.SH OK
[22:20:31] [5分钟] 第 1239/5205 只: 688203.SH
[22:20:31] [5分钟] 1239/5205: 688203.SH OK
[22:20:31] [5分钟] 第 1240/5205 只: 601010.SH
[22:20:31] [5分钟] 1240/5205: 601010.SH OK
[22:20:31] [5分钟] 第 1241/5205 只: 688618.SH
[22:20:31] [5分钟] 1241/5205: 688618.SH OK
[22:20:32] [5分钟] 第 1242/5205 只: 603173.SH
[22:20:32] [5分钟] 1242/5205: 603173.SH OK
[22:20:32] [5分钟] 第 1243/5205 只: 603568.SH
[22:20:32] [5分钟] 1243/5205: 603568.SH OK
[22:20:32] [5分钟] 第 1244/5205 只: 688277.SH
[22:20:32] [5分钟] 1244/5205: 688277.SH OK
[22:20:33] [5分钟] 第 1245/5205 只: 601952.SH
[22:20:33] [5分钟] 1245/5205: 601952.SH OK
[22:20:33] [5分钟] 第 1246/5205 只: 600678.SH
[22:20:33] [5分钟] 1246/5205: 600678.SH OK
[22:20:33] [5分钟] 第 1247/5205 只: 603580.SH
[22:20:33] [5分钟] 1247/5205: 603580.SH OK
[22:20:34] [5分钟] 第 1248/5205 只: 600217.SH
[22:20:34] [5分钟] 1248/5205: 600217.SH OK
[22:20:34] [5分钟] 第 1249/5205 只: 600137.SH
[22:20:34] [5分钟] 1249/5205: 600137.SH OK
[22:20:34] [5分钟] 第 1250/5205 只: 600558.SH
[22:20:34] [5分钟] 1250/5205: 600558.SH OK
[22:20:35] [5分钟 1250/5205] 成功1250，失败0，当前 600558.SH
[22:20:35] [5分钟] 第 1251/5205 只: 600143.SH
[22:20:35] [5分钟] 1251/5205: 600143.SH OK
[22:20:35] [5分钟] 第 1252/5205 只: 605599.SH
[22:20:35] [5分钟] 1252/5205: 605599.SH OK
[22:20:35] [5分钟] 第 1253/5205 只: 688157.SH
[22:20:36] [5分钟] 1253/5205: 688157.SH OK
[22:20:36] [5分钟] 第 1254/5205 只: 603648.SH
[22:20:36] [5分钟] 1254/5205: 603648.SH OK
[22:20:37] [5分钟] 第 1255/5205 只: 600875.SH
[22:20:37] [5分钟] 1255/5205: 600875.SH OK
[22:20:37] [5分钟] 第 1256/5205 只: 688123.SH
[22:20:37] [5分钟] 1256/5205: 688123.SH OK
[22:20:37] [5分钟] 第 1257/5205 只: 688538.SH
[22:20:38] [5分钟] 1257/5205: 688538.SH OK
[22:20:38] [5分钟] 第 1258/5205 只: 601330.SH
[22:20:38] [5分钟] 1258/5205: 601330.SH OK
[22:20:38] [5分钟] 第 1259/5205 只: 603227.SH
[22:20:38] [5分钟] 1259/5205: 603227.SH OK
[22:20:38] [5分钟] 第 1260/5205 只: 600801.SH
[22:20:39] [5分钟] 1260/5205: 600801.SH OK
[22:20:39] [5分钟] 第 1261/5205 只: 603351.SH
[22:20:39] [5分钟] 1261/5205: 603351.SH OK
[22:20:39] [5分钟] 第 1262/5205 只: 600977.SH
[22:20:39] [5分钟] 1262/5205: 600977.SH OK
[22:20:39] [5分钟] 第 1263/5205 只: 688055.SH
[22:20:40] [5分钟] 1263/5205: 688055.SH OK
[22:20:40] [5分钟] 第 1264/5205 只: 603325.SH
[22:20:40] [5分钟] 1264/5205: 603325.SH OK
[22:20:40] [5分钟] 第 1265/5205 只: 605068.SH
[22:20:40] [5分钟] 1265/5205: 605068.SH OK
[22:20:41] [5分钟] 第 1266/5205 只: 600903.SH
[22:20:41] [5分钟] 1266/5205: 600903.SH OK
[22:20:41] [5分钟] 第 1267/5205 只: 688021.SH
[22:20:41] [5分钟] 1267/5205: 688021.SH OK
[22:20:41] [5分钟] 第 1268/5205 只: 600035.SH
[22:20:41] [5分钟] 1268/5205: 600035.SH OK
[22:20:42] [5分钟] 第 1269/5205 只: 605080.SH
[22:20:42] [5分钟] 1269/5205: 605080.SH OK
[22:20:42] [5分钟] 第 1270/5205 只: 603121.SH
[22:20:42] [5分钟] 1270/5205: 603121.SH OK
[22:20:42] [5分钟] 第 1271/5205 只: 688225.SH
[22:20:42] [5分钟] 1271/5205: 688225.SH OK
[22:20:43] [5分钟] 第 1272/5205 只: 603155.SH
[22:20:43] [5分钟] 1272/5205: 603155.SH OK
[22:20:43] [5分钟] 第 1273/5205 只: 605218.SH
[22:20:43] [5分钟] 1273/5205: 605218.SH OK
[22:20:43] [5分钟] 第 1274/5205 只: 688251.SH
[22:20:44] [5分钟] 1274/5205: 688251.SH OK
[22:20:44] [5分钟] 第 1275/5205 只: 603863.SH
[22:20:44] [5分钟] 1275/5205: 603863.SH OK
[22:20:44] [5分钟] 第 1276/5205 只: 601900.SH
[22:20:44] [5分钟] 1276/5205: 601900.SH OK
[22:20:44] [5分钟] 第 1277/5205 只: 603817.SH
[22:20:44] [5分钟] 1277/5205: 603817.SH OK
[22:20:44] [5分钟] 第 1278/5205 只: 600231.SH
[22:20:45] [5分钟] 1278/5205: 600231.SH OK
[22:20:45] [5分钟] 第 1279/5205 只: 603915.SH
[22:20:45] [5分钟] 1279/5205: 603915.SH OK
[22:20:45] [5分钟] 第 1280/5205 只: 600333.SH
[22:20:45] [5分钟] 1280/5205: 600333.SH OK
[22:20:46] [5分钟] 第 1281/5205 只: 600728.SH
[22:20:46] [5分钟] 1281/5205: 600728.SH OK
[22:20:46] [5分钟] 第 1282/5205 只: 688327.SH
[22:20:46] [5分钟] 1282/5205: 688327.SH OK
[22:20:46] [5分钟] 第 1283/5205 只: 603989.SH
[22:20:46] [5分钟] 1283/5205: 603989.SH OK
[22:20:47] [5分钟] 第 1284/5205 只: 603023.SH
[22:20:47] [5分钟] 1284/5205: 603023.SH OK
[22:20:47] [5分钟] 第 1285/5205 只: 688353.SH
[22:20:47] [5分钟] 1285/5205: 688353.SH OK
[22:20:47] [5分钟] 第 1286/5205 只: 603057.SH
[22:20:47] [5分钟] 1286/5205: 603057.SH OK
[22:20:47] [5分钟] 第 1287/5205 只: 600256.SH
[22:20:47] [5分钟] 1287/5205: 600256.SH OK
[22:20:48] [5分钟] 第 1288/5205 只: 600222.SH
[22:20:48] [5分钟] 1288/5205: 600222.SH OK
[22:20:48] [5分钟] 第 1289/5205 只: 600639.SH
[22:20:48] [5分钟] 1289/5205: 600639.SH OK
[22:20:48] [5分钟] 第 1290/5205 只: 603529.SH
[22:20:48] [5分钟] 1290/5205: 603529.SH OK
[22:20:48] [5分钟] 第 1291/5205 只: 603132.SH
[22:20:49] [5分钟] 1291/5205: 603132.SH OK
[22:20:49] [5分钟] 第 1292/5205 只: 688236.SH
[22:20:49] [5分钟] 1292/5205: 688236.SH OK
[22:20:49] [5分钟] 第 1293/5205 只: 603898.SH
[22:20:49] [5分钟] 1293/5205: 603898.SH OK
[22:20:50] [5分钟] 第 1294/5205 只: 688659.SH
[22:20:50] [5分钟] 1294/5205: 688659.SH OK
[22:20:50] [5分钟] 第 1295/5205 只: 688334.SH
[22:20:50] [5分钟] 1295/5205: 688334.SH OK
[22:20:50] [5分钟] 第 1296/5205 只: 601127.SH
[22:20:50] [5分钟] 1296/5205: 601127.SH OK
[22:20:50] [5分钟] 第 1297/5205 只: 603030.SH
[22:20:50] [5分钟] 1297/5205: 603030.SH OK
[22:20:51] [5分钟] 第 1298/5205 只: 600354.SH
[22:20:51] [5分钟] 1298/5205: 600354.SH OK
[22:20:51] [5分钟] 第 1299/5205 只: 601865.SH
[22:20:51] [5分钟] 1299/5205: 601865.SH OK
[22:20:52] [5分钟] 第 1300/5205 只: 603906.SH
[22:20:52] [5分钟] 1300/5205: 603906.SH OK
[22:20:52] [5分钟 1300/5205] 成功1300，失败0，当前 603906.SH
[22:20:52] [5分钟] 第 1301/5205 只: 600320.SH
[22:20:52] [5分钟] 1301/5205: 600320.SH OK
[22:20:53] [5分钟] 第 1302/5205 只: 601811.SH
[22:20:53] [5分钟] 1302/5205: 601811.SH OK
[22:20:53] [5分钟] 第 1303/5205 只: 600866.SH
[22:20:53] [5分钟] 1303/5205: 600866.SH OK
[22:20:53] [5分钟] 第 1304/5205 只: 688130.SH
[22:20:54] [5分钟] 1304/5205: 688130.SH OK
[22:20:54] [5分钟] 第 1305/5205 只: 605179.SH
[22:20:54] [5分钟] 1305/5205: 605179.SH OK
[22:20:54] [5分钟] 第 1306/5205 只: 600812.SH
[22:20:55] [5分钟] 1306/5205: 600812.SH OK
[22:20:55] [5分钟] 第 1307/5205 只: 600150.SH
[22:20:55] [5分钟] 1307/5205: 600150.SH OK
[22:20:55] [5分钟] 第 1308/5205 只: 600026.SH
[22:20:56] [5分钟] 1308/5205: 600026.SH OK
[22:20:56] [5分钟] 第 1309/5205 只: 605488.SH
[22:20:56] [5分钟] 1309/5205: 605488.SH OK
[22:20:56] [5分钟] 第 1310/5205 只: 600449.SH
[22:20:56] [5分钟] 1310/5205: 600449.SH OK
[22:20:56] [5分钟] 第 1311/5205 只: 600052.SH
[22:20:57] [5分钟] 1311/5205: 600052.SH OK
[22:20:57] [5分钟] 第 1312/5205 只: 603759.SH
[22:20:57] [5分钟] 1312/5205: 603759.SH OK
[22:20:57] [5分钟] 第 1313/5205 只: 688046.SH
[22:20:57] [5分钟] 1313/5205: 688046.SH OK
[22:20:57] [5分钟] 第 1314/5205 只: 603336.SH
[22:20:58] [5分钟] 1314/5205: 603336.SH OK
[22:20:58] [5分钟] 第 1315/5205 只: 688032.SH
[22:20:58] [5分钟] 1315/5205: 688032.SH OK
[22:20:58] [5分钟] 第 1316/5205 只: 688429.SH
[22:20:58] [5分钟] 1316/5205: 688429.SH OK
[22:20:58] [5分钟] 第 1317/5205 只: 688269.SH
[22:20:59] [5分钟] 1317/5205: 688269.SH OK
[22:20:59] [5分钟] 第 1318/5205 只: 603119.SH
[22:20:59] [5分钟] 1318/5205: 603119.SH OK
[22:20:59] [5分钟] 第 1319/5205 只: 600295.SH
[22:20:59] [5分钟] 1319/5205: 600295.SH OK
[22:20:59] [5分钟] 第 1320/5205 只: 688606.SH
[22:21:00] [5分钟] 1320/5205: 688606.SH OK
[22:21:00] [5分钟] 第 1321/5205 只: 603185.SH
[22:21:00] [5分钟] 1321/5205: 603185.SH OK
[22:21:00] [5分钟] 第 1322/5205 只: 688281.SH
[22:21:00] [5分钟] 1322/5205: 688281.SH OK
[22:21:00] [5分钟] 第 1323/5205 只: 600612.SH
[22:21:00] [5分钟] 1323/5205: 600612.SH OK
[22:21:01] [5分钟] 第 1324/5205 只: 600666.SH
[22:21:01] [5分钟] 1324/5205: 600666.SH OK
[22:21:01] [5分钟] 第 1325/5205 只: 688798.SH
[22:21:01] [5分钟] 1325/5205: 688798.SH OK
[22:21:01] [5分钟] 第 1326/5205 只: 688383.SH
[22:21:01] [5分钟] 1326/5205: 688383.SH OK
[22:21:01] [5分钟] 第 1327/5205 只: 600710.SH
[22:21:01] [5分钟] 1327/5205: 600710.SH OK
[22:21:02] [5分钟] 第 1328/5205 只: 603087.SH
[22:21:02] [5分钟] 1328/5205: 603087.SH OK
[22:21:02] [5分钟] 第 1329/5205 只: 603959.SH
[22:21:02] [5分钟] 1329/5205: 603959.SH OK
[22:21:02] [5分钟] 第 1330/5205 只: 600764.SH
[22:21:02] [5分钟] 1330/5205: 600764.SH OK
[22:21:02] [5分钟] 第 1331/5205 只: 600397.SH
[22:21:02] [5分钟] 1331/5205: 600397.SH OK
[22:21:02] [5分钟] 第 1332/5205 只: 603400.SH
[22:21:03] [5分钟] 1332/5205: 603400.SH OK
[22:21:03] [5分钟] 第 1333/5205 只: 600560.SH
[22:21:03] [5分钟] 1333/5205: 600560.SH OK
[22:21:03] [5分钟] 第 1334/5205 只: 688187.SH
[22:21:03] [5分钟] 1334/5205: 688187.SH OK
[22:21:03] [5分钟] 第 1335/5205 只: 603283.SH
[22:21:03] [5分钟] 1335/5205: 603283.SH OK
[22:21:04] [5分钟] 第 1336/5205 只: 603698.SH
[22:21:04] [5分钟] 1336/5205: 603698.SH OK
[22:21:04] [5分钟] 第 1337/5205 只: 600588.SH
[22:21:04] [5分钟] 1337/5205: 600588.SH OK
[22:21:04] [5分钟] 第 1338/5205 只: 600193.SH
[22:21:04] [5分钟] 1338/5205: 600193.SH OK
[22:21:04] [5分钟] 第 1339/5205 只: 688500.SH
[22:21:04] [5分钟] 1339/5205: 688500.SH OK
[22:21:04] [5分钟] 第 1340/5205 只: 600839.SH
[22:21:05] [5分钟] 1340/5205: 600839.SH OK
[22:21:05] [5分钟] 第 1341/5205 只: 603706.SH
[22:21:05] [5分钟] 1341/5205: 603706.SH OK
[22:21:05] [5分钟] 第 1342/5205 只: 605050.SH
[22:21:05] [5分钟] 1342/5205: 605050.SH OK
[22:21:05] [5分钟] 第 1343/5205 只: 688019.SH
[22:21:05] [5分钟] 1343/5205: 688019.SH OK
[22:21:06] [5分钟] 第 1344/5205 只: 601611.SH
[22:21:06] [5分钟] 1344/5205: 601611.SH OK
[22:21:06] [5分钟] 第 1345/5205 只: 603369.SH
[22:21:06] [5分钟] 1345/5205: 603369.SH OK
[22:21:06] [5分钟] 第 1346/5205 只: 601665.SH
[22:21:06] [5分钟] 1346/5205: 601665.SH OK
[22:21:06] [5分钟] 第 1347/5205 只: 600079.SH
[22:21:06] [5分钟] 1347/5205: 600079.SH OK
[22:21:07] [5分钟] 第 1348/5205 只: 603381.SH
[22:21:07] [5分钟] 1348/5205: 603381.SH OK
[22:21:07] [5分钟] 第 1349/5205 只: 688085.SH
[22:21:07] [5分钟] 1349/5205: 688085.SH OK
[22:21:07] [5分钟] 第 1350/5205 只: 600416.SH
[22:21:07] [5分钟] 1350/5205: 600416.SH OK
[22:21:07] [5分钟 1350/5205] 成功1350，失败0，当前 600416.SH
[22:21:08] [5分钟] 第 1351/5205 只: 600180.SH
[22:21:08] [5分钟] 1351/5205: 600180.SH OK
[22:21:08] [5分钟] 第 1352/5205 只: 688513.SH
[22:21:08] [5分钟] 1352/5205: 688513.SH OK
[22:21:08] [5分钟] 第 1353/5205 只: 688108.SH
[22:21:08] [5分钟] 1353/5205: 688108.SH OK
[22:21:08] [5分钟] 第 1354/5205 只: 601700.SH
[22:21:08] [5分钟] 1354/5205: 601700.SH OK
[22:21:08] [5分钟] 第 1355/5205 只: 603617.SH
[22:21:09] [5分钟] 1355/5205: 603617.SH OK
[22:21:09] [5分钟] 第 1356/5205 只: 688567.SH
[22:21:09] [5分钟] 1356/5205: 688567.SH OK
[22:21:09] [5分钟] 第 1357/5205 只: 603663.SH
[22:21:09] [5分钟] 1357/5205: 603663.SH OK
[22:21:09] [5分钟] 第 1358/5205 只: 603278.SH
[22:21:09] [5分钟] 1358/5205: 603278.SH OK
[22:21:10] [5分钟] 第 1359/5205 只: 600168.SH
[22:21:10] [5分钟] 1359/5205: 600168.SH OK
[22:21:10] [5分钟] 第 1360/5205 只: 600573.SH
[22:21:10] [5分钟] 1360/5205: 600573.SH OK
[22:21:10] [5分钟] 第 1361/5205 只: 600507.SH
[22:21:10] [5分钟] 1361/5205: 600507.SH OK
[22:21:10] [5分钟] 第 1362/5205 只: 603290.SH
[22:21:10] [5分钟] 1362/5205: 603290.SH OK
[22:21:11] [5分钟] 第 1363/5205 只: 603392.SH
[22:21:11] [5分钟] 1363/5205: 603392.SH OK
[22:21:11] [5分钟] 第 1364/5205 只: 603789.SH
[22:21:11] [5分钟] 1364/5205: 603789.SH OK
[22:21:11] [5分钟] 第 1365/5205 只: 688096.SH
[22:21:11] [5分钟] 1365/5205: 688096.SH OK
[22:21:11] [5分钟] 第 1366/5205 只: 600405.SH
[22:21:12] [5分钟] 1366/5205: 600405.SH OK
[22:21:12] [5分钟] 第 1367/5205 只: 600928.SH
[22:21:12] [5分钟] 1367/5205: 600928.SH OK
[22:21:12] [5分钟] 第 1368/5205 只: 600499.SH
[22:21:12] [5分钟] 1368/5205: 600499.SH OK
[22:21:12] [5分钟] 第 1369/5205 只: 600082.SH
[22:21:12] [5分钟] 1369/5205: 600082.SH OK
[22:21:12] [5分钟] 第 1370/5205 只: 688411.SH
[22:21:12] [5分钟] 1370/5205: 688411.SH OK
[22:21:13] [5分钟] 第 1371/5205 只: 603196.SH
[22:21:13] [5分钟] 1371/5205: 603196.SH OK
[22:21:13] [5分钟] 第 1372/5205 只: 688689.SH
[22:21:13] [5分钟] 1372/5205: 688689.SH OK
[22:21:13] [5分钟] 第 1373/5205 只: 688292.SH
[22:21:13] [5分钟] 1373/5205: 688292.SH OK
[22:21:13] [5分钟] 第 1374/5205 只: 689009.SH
[22:21:13] [5分钟] 1374/5205: 689009.SH OK
[22:21:13] [5分钟] 第 1375/5205 只: 600601.SH
[22:21:14] [5分钟] 1375/5205: 600601.SH OK
[22:21:14] [5分钟] 第 1376/5205 只: 603848.SH
[22:21:14] [5分钟] 1376/5205: 603848.SH OK
[22:21:14] [5分钟] 第 1377/5205 只: 600675.SH
[22:21:14] [5分钟] 1377/5205: 600675.SH OK
[22:21:14] [5分钟] 第 1378/5205 只: 603565.SH
[22:21:14] [5分钟] 1378/5205: 603565.SH OK
[22:21:14] [5分钟] 第 1379/5205 只: 688661.SH
[22:21:14] [5分钟] 1379/5205: 688661.SH OK
[22:21:14] [5分钟] 第 1380/5205 只: 601069.SH
[22:21:14] [5分钟] 1380/5205: 601069.SH OK
[22:21:15] [5分钟] 第 1381/5205 只: 603511.SH
[22:21:15] [5分钟] 1381/5205: 603511.SH OK
[22:21:15] [5分钟] 第 1382/5205 只: 688615.SH
[22:21:15] [5分钟] 1382/5205: 688615.SH OK
[22:21:15] [5分钟] 第 1383/5205 只: 688378.SH
[22:21:15] [5分钟] 1383/5205: 688378.SH OK
[22:21:15] [5分钟] 第 1384/5205 只: 688717.SH
[22:21:15] [5分钟] 1384/5205: 688717.SH OK
[22:21:16] [5分钟] 第 1385/5205 只: 603008.SH
[22:21:16] [5分钟] 1385/5205: 603008.SH OK
[22:21:16] [5分钟] 第 1386/5205 只: 601598.SH
[22:21:16] [5分钟] 1386/5205: 601598.SH OK
[22:21:16] [5分钟] 第 1387/5205 只: 688390.SH
[22:21:16] [5分钟] 1387/5205: 688390.SH OK
[22:21:16] [5分钟] 第 1388/5205 只: 600703.SH
[22:21:16] [5分钟] 1388/5205: 600703.SH OK
[22:21:16] [5分钟] 第 1389/5205 只: 600318.SH
[22:21:16] [5分钟] 1389/5205: 600318.SH OK
[22:21:17] [5分钟] 第 1390/5205 只: 600777.SH
[22:21:17] [5分钟] 1390/5205: 600777.SH OK
[22:21:17] [5分钟] 第 1391/5205 只: 600992.SH
[22:21:17] [5分钟] 1391/5205: 600992.SH OK
[22:21:17] [5分钟] 第 1392/5205 只: 600423.SH
[22:21:17] [5分钟] 1392/5205: 600423.SH OK
[22:21:17] [5分钟] 第 1393/5205 只: 600038.SH
[22:21:17] [5分钟] 1393/5205: 600038.SH OK
[22:21:18] [5分钟] 第 1394/5205 只: 603328.SH
[22:21:18] [5分钟] 1394/5205: 603328.SH OK
[22:21:18] [5分钟] 第 1395/5205 只: 603733.SH
[22:21:18] [5分钟] 1395/5205: 603733.SH OK
[22:21:18] [5分钟] 第 1396/5205 只: 605011.SH
[22:21:18] [5分钟] 1396/5205: 605011.SH OK
[22:21:18] [5分钟] 第 1397/5205 只: 688058.SH
[22:21:18] [5分钟] 1397/5205: 688058.SH OK
[22:21:19] [5分钟] 第 1398/5205 只: 688443.SH
[22:21:19] [5分钟] 1398/5205: 688443.SH OK
[22:21:19] [5分钟] 第 1399/5205 只: 688535.SH
[22:21:19] [5分钟] 1399/5205: 688535.SH OK
[22:21:19] [5分钟] 第 1400/5205 只: 605167.SH
[22:21:19] [5分钟] 1400/5205: 605167.SH OK
[22:21:19] [5分钟 1400/5205] 成功1400，失败0，当前 605167.SH
[22:21:20] [5分钟] 第 1401/5205 只: 600521.SH
[22:21:20] [5分钟] 1401/5205: 600521.SH OK
[22:21:20] [5分钟] 第 1402/5205 只: 688818.SH
[22:21:20] [5分钟] 1402/5205: 688818.SH OK
[22:21:20] [5分钟] 第 1403/5205 只: 601139.SH
[22:21:20] [5分钟] 1403/5205: 601139.SH OK
[22:21:21] [5分钟] 第 1404/5205 只: 603435.SH
[22:21:21] [5分钟] 1404/5205: 603435.SH OK
[22:21:21] [5分钟] 第 1405/5205 只: 603918.SH
[22:21:21] [5分钟] 1405/5205: 603918.SH OK
[22:21:21] [5分钟] 第 1406/5205 只: 600725.SH
[22:21:21] [5分钟] 1406/5205: 600725.SH OK
[22:21:22] [5分钟] 第 1407/5205 只: 600751.SH
[22:21:22] [5分钟] 1407/5205: 600751.SH OK
[22:21:22] [5分钟] 第 1408/5205 只: 605289.SH
[22:21:22] [5分钟] 1408/5205: 605289.SH OK
[22:21:22] [5分钟] 第 1409/5205 只: 600248.SH
[22:21:22] [5分钟] 1409/5205: 600248.SH OK
[22:21:22] [5分钟] 第 1410/5205 只: 600653.SH
[22:21:22] [5分钟] 1410/5205: 600653.SH OK
[22:21:22] [5分钟] 第 1411/5205 只: 603158.SH
[22:21:23] [5分钟] 1411/5205: 603158.SH OK
[22:21:23] [5分钟] 第 1412/5205 只: 601991.SH
[22:21:23] [5分钟] 1412/5205: 601991.SH OK
[22:21:23] [5分钟] 第 1413/5205 只: 688633.SH
[22:21:23] [5分钟] 1413/5205: 688633.SH OK
[22:21:23] [5分钟] 第 1414/5205 只: 603886.SH
[22:21:23] [5分钟] 1414/5205: 603886.SH OK
[22:21:23] [5分钟] 第 1415/5205 只: 688228.SH
[22:21:23] [5分钟] 1415/5205: 688228.SH OK
[22:21:24] [5分钟] 第 1416/5205 只: 600736.SH
[22:21:24] [5分钟] 1416/5205: 600736.SH OK
[22:21:24] [5分钟] 第 1417/5205 只: 600359.SH
[22:21:24] [5分钟] 1417/5205: 600359.SH OK
[22:21:24] [5分钟] 第 1418/5205 只: 600742.SH
[22:21:24] [5分钟] 1418/5205: 600742.SH OK
[22:21:24] [5分钟] 第 1419/5205 只: 605398.SH
[22:21:24] [5分钟] 1419/5205: 605398.SH OK
[22:21:24] [5分钟] 第 1420/5205 只: 601868.SH
[22:21:24] [5分钟] 1420/5205: 601868.SH OK
[22:21:25] [5分钟] 第 1421/5205 只: 603049.SH
[22:21:25] [5分钟] 1421/5205: 603049.SH OK
[22:21:25] [5分钟] 第 1422/5205 只: 603997.SH
[22:21:25] [5分钟] 1422/5205: 603997.SH OK
[22:21:25] [5分钟] 第 1423/5205 只: 688722.SH
[22:21:25] [5分钟] 1423/5205: 688722.SH OK
[22:21:25] [5分钟] 第 1424/5205 只: 688339.SH
[22:21:25] [5分钟] 1424/5205: 688339.SH OK
[22:21:26] [5分钟] 第 1425/5205 只: 601880.SH
[22:21:26] [5分钟] 1425/5205: 601880.SH OK
[22:21:26] [5分钟] 第 1426/5205 只: 688620.SH
[22:21:26] [5分钟] 1426/5205: 688620.SH OK
[22:21:26] [5分钟] 第 1427/5205 只: 603895.SH
[22:21:26] [5分钟] 1427/5205: 603895.SH OK
[22:21:26] [5分钟] 第 1428/5205 只: 603809.SH
[22:21:26] [5分钟] 1428/5205: 603809.SH OK
[22:21:26] [5分钟] 第 1429/5205 只: 600640.SH
[22:21:27] [5分钟] 1429/5205: 600640.SH OK
[22:21:27] [5分钟] 第 1430/5205 只: 600969.SH
[22:21:27] [5分钟] 1430/5205: 600969.SH OK
[22:21:27] [5分钟] 第 1431/5205 只: 688450.SH
[22:21:27] [5分钟] 1431/5205: 688450.SH OK
[22:21:27] [5分钟] 第 1432/5205 只: 600444.SH
[22:21:27] [5分钟] 1432/5205: 600444.SH OK
[22:21:27] [5分钟] 第 1433/5205 只: 600981.SH
[22:21:27] [5分钟] 1433/5205: 600981.SH OK
[22:21:28] [5分钟] 第 1434/5205 只: 600546.SH
[22:21:28] [5分钟] 1434/5205: 600546.SH OK
[22:21:28] [5分钟] 第 1435/5205 只: 600129.SH
[22:21:28] [5分钟] 1435/5205: 600129.SH OK
[22:21:28] [5分钟] 第 1436/5205 只: 600883.SH
[22:21:28] [5分钟] 1436/5205: 600883.SH OK
[22:21:28] [5分钟] 第 1437/5205 只: 688526.SH
[22:21:28] [5分钟] 1437/5205: 688526.SH OK
[22:21:28] [5分钟] 第 1438/5205 只: 603239.SH
[22:21:29] [5分钟] 1438/5205: 603239.SH OK
[22:21:29] [5分钟] 第 1439/5205 只: 688552.SH
[22:21:29] [5分钟] 1439/5205: 688552.SH OK
[22:21:29] [5分钟] 第 1440/5205 只: 603656.SH
[22:21:29] [5分钟] 1440/5205: 603656.SH OK
[22:21:29] [5分钟] 第 1441/5205 只: 605100.SH
[22:21:29] [5分钟] 1441/5205: 605100.SH OK
[22:21:29] [5分钟] 第 1442/5205 只: 603713.SH
[22:21:29] [5分钟] 1442/5205: 603713.SH OK
[22:21:29] [5分钟] 第 1443/5205 只: 603308.SH
[22:21:30] [5分钟] 1443/5205: 603308.SH OK
[22:21:30] [5分钟] 第 1444/5205 只: 600084.SH
[22:21:30] [5分钟] 1444/5205: 600084.SH OK
[22:21:30] [5分钟] 第 1445/5205 只: 603767.SH
[22:21:30] [5分钟] 1445/5205: 603767.SH OK
[22:21:30] [5分钟] 第 1446/5205 只: 688078.SH
[22:21:30] [5分钟] 1446/5205: 688078.SH OK
[22:21:30] [5分钟] 第 1447/5205 只: 600477.SH
[22:21:30] [5分钟] 1447/5205: 600477.SH OK
[22:21:31] [5分钟] 第 1448/5205 只: 688090.SH
[22:21:31] [5分钟] 1448/5205: 688090.SH OK
[22:21:31] [5分钟] 第 1449/5205 只: 601698.SH
[22:21:31] [5分钟] 1449/5205: 601698.SH OK
[22:21:31] [5分钟] 第 1450/5205 只: 600018.SH
[22:21:31] [5分钟] 1450/5205: 600018.SH OK
[22:21:31] [5分钟 1450/5205] 成功1450，失败0，当前 600018.SH
[22:21:31] [5分钟] 第 1451/5205 只: 600403.SH
[22:21:32] [5分钟] 1451/5205: 600403.SH OK
[22:21:32] [5分钟] 第 1452/5205 只: 600575.SH
[22:21:32] [5分钟] 1452/5205: 600575.SH OK
[22:21:32] [5分钟] 第 1453/5205 只: 688192.SH
[22:21:32] [5分钟] 1453/5205: 688192.SH OK
[22:21:32] [5分钟] 第 1454/5205 只: 688589.SH
[22:21:32] [5分钟] 1454/5205: 688589.SH OK
[22:21:32] [5分钟] 第 1455/5205 只: 600501.SH
[22:21:32] [5分钟] 1455/5205: 600501.SH OK
[22:21:33] [5分钟] 第 1456/5205 只: 603296.SH
[22:21:33] [5分钟] 1456/5205: 603296.SH OK
[22:21:33] [5分钟] 第 1457/5205 只: 600186.SH
[22:21:33] [5分钟] 1457/5205: 600186.SH OK
[22:21:33] [5分钟] 第 1458/5205 只: 688515.SH
[22:21:33] [5分钟] 1458/5205: 688515.SH OK
[22:21:33] [5分钟] 第 1459/5205 只: 603611.SH
[22:21:33] [5分钟] 1459/5205: 603611.SH OK
[22:21:33] [5分钟] 第 1460/5205 只: 601369.SH
[22:21:33] [5分钟] 1460/5205: 601369.SH OK
[22:21:34] [5分钟] 第 1461/5205 只: 688561.SH
[22:21:34] [5分钟] 1461/5205: 688561.SH OK
[22:21:34] [5分钟] 第 1462/5205 只: 603665.SH
[22:21:34] [5分钟] 1462/5205: 603665.SH OK
[22:21:34] [5分钟] 第 1463/5205 只: 600858.SH
[22:21:34] [5分钟] 1463/5205: 600858.SH OK
[22:21:34] [5分钟] 第 1464/5205 只: 605133.SH
[22:21:34] [5分钟] 1464/5205: 605133.SH OK
[22:21:34] [5分钟] 第 1465/5205 只: 688396.SH
[22:21:34] [5分钟] 1465/5205: 688396.SH OK
[22:21:34] [5分钟] 第 1466/5205 只: 603938.SH
[22:21:35] [5分钟] 1466/5205: 603938.SH OK
[22:21:35] [5分钟] 第 1467/5205 只: 603489.SH
[22:21:35] [5分钟] 1467/5205: 603489.SH OK
[22:21:35] [5分钟] 第 1468/5205 只: 603092.SH
[22:21:35] [5分钟] 1468/5205: 603092.SH OK
[22:21:35] [5分钟] 第 1469/5205 只: 600771.SH
[22:21:35] [5分钟] 1469/5205: 600771.SH OK
[22:21:35] [5分钟] 第 1470/5205 只: 688765.SH
[22:21:35] [5分钟] 1470/5205: 688765.SH OK
[22:21:36] [5分钟] 第 1471/5205 只: 605337.SH
[22:21:36] [5分钟] 1471/5205: 605337.SH OK
[22:21:36] [5分钟] 第 1472/5205 只: 600382.SH
[22:21:36] [5分钟] 1472/5205: 600382.SH OK
[22:21:36] [5分钟] 第 1473/5205 只: 688711.SH
[22:21:36] [5分钟] 1473/5205: 688711.SH OK
[22:21:36] [5分钟] 第 1474/5205 只: 603178.SH
[22:21:36] [5分钟] 1474/5205: 603178.SH OK
[22:21:36] [5分钟] 第 1475/5205 只: 688667.SH
[22:21:37] [5分钟] 1475/5205: 688667.SH OK
[22:21:37] [5分钟] 第 1476/5205 只: 603517.SH
[22:21:37] [5分钟] 1476/5205: 603517.SH OK
[22:21:37] [5分钟] 第 1477/5205 只: 600280.SH
[22:21:37] [5分钟] 1477/5205: 600280.SH OK
[22:21:37] [5分钟] 第 1478/5205 只: 688208.SH
[22:21:37] [5分钟] 1478/5205: 688208.SH OK
[22:21:37] [5分钟] 第 1479/5205 只: 688613.SH
[22:21:37] [5分钟] 1479/5205: 688613.SH OK
[22:21:38] [5分钟] 第 1480/5205 只: 603190.SH
[22:21:38] [5分钟] 1480/5205: 603190.SH OK
[22:21:38] [5分钟] 第 1481/5205 只: 600673.SH
[22:21:38] [5分钟] 1481/5205: 600673.SH OK
[22:21:38] [5分钟] 第 1482/5205 只: 600268.SH
[22:21:38] [5分钟] 1482/5205: 600268.SH OK
[22:21:38] [5分钟] 第 1483/5205 只: 688776.SH
[22:21:38] [5分钟] 1483/5205: 688776.SH OK
[22:21:38] [5分钟] 第 1484/5205 只: 603069.SH
[22:21:38] [5分钟] 1484/5205: 603069.SH OK
[22:21:39] [5分钟] 第 1485/5205 只: 600391.SH
[22:21:39] [5分钟] 1485/5205: 600391.SH OK
[22:21:39] [5分钟] 第 1486/5205 只: 688319.SH
[22:21:39] [5分钟] 1486/5205: 688319.SH OK
[22:21:39] [5分钟] 第 1487/5205 只: 688702.SH
[22:21:39] [5分钟] 1487/5205: 688702.SH OK
[22:21:39] [5分钟] 第 1488/5205 只: 603406.SH
[22:21:39] [5分钟] 1488/5205: 603406.SH OK
[22:21:39] [5分钟] 第 1489/5205 只: 688385.SH
[22:21:39] [5分钟] 1489/5205: 688385.SH OK
[22:21:40] [5分钟] 第 1490/5205 只: 600716.SH
[22:21:40] [5分钟] 1490/5205: 600716.SH OK
[22:21:40] [5分钟] 第 1491/5205 只: 603081.SH
[22:21:40] [5分钟] 1491/5205: 603081.SH OK
[22:21:40] [5分钟] 第 1492/5205 只: 600379.SH
[22:21:40] [5分钟] 1492/5205: 600379.SH OK
[22:21:40] [5分钟] 第 1493/5205 只: 603598.SH
[22:21:40] [5分钟] 1493/5205: 603598.SH OK
[22:21:41] [5分钟] 第 1494/5205 只: 603183.SH
[22:21:41] [5分钟] 1494/5205: 603183.SH OK
[22:21:41] [5分钟] 第 1495/5205 只: 603829.SH
[22:21:41] [5分钟] 1495/5205: 603829.SH OK
[22:21:41] [5分钟] 第 1496/5205 只: 600660.SH
[22:21:41] [5分钟] 1496/5205: 600660.SH OK
[22:21:41] [5分钟] 第 1497/5205 只: 600293.SH
[22:21:41] [5分钟] 1497/5205: 600293.SH OK
[22:21:42] [5分钟] 第 1498/5205 只: 600688.SH
[22:21:42] [5分钟] 1498/5205: 600688.SH OK
[22:21:42] [5分钟] 第 1499/5205 只: 601008.SH
[22:21:42] [5分钟] 1499/5205: 601008.SH OK
[22:21:42] [5分钟] 第 1500/5205 只: 688600.SH
[22:21:42] [5分钟] 1500/5205: 688600.SH OK
[22:21:42] [5分钟 1500/5205] 成功1500，失败0，当前 688600.SH
[22:21:42] [5分钟] 第 1501/5205 只: 603387.SH
[22:21:42] [5分钟] 1501/5205: 603387.SH OK
[22:21:42] [5分钟] 第 1502/5205 只: 688083.SH
[22:21:43] [5分钟] 1502/5205: 688083.SH OK
[22:21:43] [5分钟] 第 1503/5205 只: 688498.SH
[22:21:43] [5分钟] 1503/5205: 688498.SH OK
[22:21:43] [5分钟] 第 1504/5205 只: 600410.SH
[22:21:43] [5分钟] 1504/5205: 600410.SH OK
[22:21:43] [5分钟] 第 1505/5205 只: 603700.SH
[22:21:43] [5分钟] 1505/5205: 603700.SH OK
[22:21:43] [5分钟] 第 1506/5205 只: 605056.SH
[22:21:43] [5分钟] 1506/5205: 605056.SH OK
[22:21:44] [5分钟] 第 1507/5205 只: 600097.SH
[22:21:44] [5分钟] 1507/5205: 600097.SH OK
[22:21:44] [5分钟] 第 1508/5205 只: 600195.SH
[22:21:44] [5分钟] 1508/5205: 600195.SH OK
[22:21:44] [5分钟] 第 1509/5205 只: 688506.SH
[22:21:44] [5分钟] 1509/5205: 688506.SH OK
[22:21:44] [5分钟] 第 1510/5205 只: 603602.SH
[22:21:44] [5分钟] 1510/5205: 603602.SH OK
[22:21:44] [5分钟] 第 1511/5205 只: 603219.SH
[22:21:44] [5分钟] 1511/5205: 603219.SH OK
[22:21:45] [5分钟] 第 1512/5205 只: 688169.SH
[22:21:45] [5分钟] 1512/5205: 688169.SH OK
[22:21:45] [5分钟] 第 1513/5205 只: 603676.SH
[22:21:45] [5分钟] 1513/5205: 603676.SH OK
[22:21:45] [5分钟] 第 1514/5205 只: 600566.SH
[22:21:45] [5分钟] 1514/5205: 600566.SH OK
[22:21:45] [5分钟] 第 1515/5205 只: 688181.SH
[22:21:45] [5分钟] 1515/5205: 688181.SH OK
[22:21:46] [5分钟] 第 1516/5205 只: 601789.SH
[22:21:46] [5分钟] 1516/5205: 601789.SH OK
[22:21:46] [5分钟] 第 1517/5205 只: 600109.SH
[22:21:46] [5分钟] 1517/5205: 600109.SH OK
[22:21:46] [5分钟] 第 1518/5205 只: 600512.SH
[22:21:46] [5分钟] 1518/5205: 600512.SH OK
[22:21:46] [5分钟] 第 1519/5205 只: 603285.SH
[22:21:46] [5分钟] 1519/5205: 603285.SH OK
[22:21:46] [5分钟] 第 1520/5205 只: 601918.SH
[22:21:46] [5分钟] 1520/5205: 601918.SH OK
[22:21:47] [5分钟] 第 1521/5205 只: 600229.SH
[22:21:47] [5分钟] 1521/5205: 600229.SH OK
[22:21:47] [5分钟] 第 1522/5205 只: 603556.SH
[22:21:47] [5分钟] 1522/5205: 603556.SH OK
[22:21:47] [5分钟] 第 1523/5205 只: 688652.SH
[22:21:47] [5分钟] 1523/5205: 688652.SH OK
[22:21:47] [5分钟] 第 1524/5205 只: 688249.SH
[22:21:47] [5分钟] 1524/5205: 688249.SH OK
[22:21:47] [5分钟] 第 1525/5205 只: 603139.SH
[22:21:48] [5分钟] 1525/5205: 603139.SH OK
[22:21:48] [5分钟] 第 1526/5205 只: 688626.SH
[22:21:48] [5分钟] 1526/5205: 688626.SH OK
[22:21:48] [5分钟] 第 1527/5205 只: 603893.SH
[22:21:48] [5分钟] 1527/5205: 603893.SH OK
[22:21:48] [5分钟] 第 1528/5205 只: 688750.SH
[22:21:48] [5分钟] 1528/5205: 688750.SH OK
[22:21:48] [5分钟] 第 1529/5205 只: 601158.SH
[22:21:48] [5分钟] 1529/5205: 601158.SH OK
[22:21:49] [5分钟] 第 1530/5205 只: 603991.SH
[22:21:49] [5分钟] 1530/5205: 603991.SH OK
[22:21:49] [5分钟] 第 1531/5205 只: 601886.SH
[22:21:49] [5分钟] 1531/5205: 601886.SH OK
[22:21:49] [5分钟] 第 1532/5205 只: 605376.SH
[22:21:49] [5分钟] 1532/5205: 605376.SH OK
[22:21:49] [5分钟] 第 1533/5205 只: 600730.SH
[22:21:49] [5分钟] 1533/5205: 600730.SH OK
[22:21:49] [5分钟] 第 1534/5205 只: 603979.SH
[22:21:50] [5分钟] 1534/5205: 603979.SH OK
[22:21:50] [5分钟] 第 1535/5205 只: 600744.SH
[22:21:50] [5分钟] 1535/5205: 600744.SH OK
[22:21:50] [5分钟] 第 1536/5205 只: 688520.SH
[22:21:50] [5分钟] 1536/5205: 688520.SH OK
[22:21:50] [5分钟] 第 1537/5205 只: 601328.SH
[22:21:50] [5分钟] 1537/5205: 601328.SH OK
[22:21:50] [5分钟] 第 1538/5205 只: 600819.SH
[22:21:51] [5分钟] 1538/5205: 600819.SH OK
[22:21:51] [5分钟] 第 1539/5205 只: 603650.SH
[22:21:51] [5分钟] 1539/5205: 603650.SH OK
[22:21:51] [5分钟] 第 1540/5205 只: 600540.SH
[22:21:51] [5分钟] 1540/5205: 600540.SH OK
[22:21:51] [5分钟] 第 1541/5205 只: 600885.SH
[22:21:51] [5分钟] 1541/5205: 600885.SH OK
[22:21:51] [5分钟] 第 1542/5205 只: 605098.SH
[22:21:51] [5分钟] 1542/5205: 605098.SH OK
[22:21:51] [5分钟] 第 1543/5205 只: 600059.SH
[22:21:52] [5分钟] 1543/5205: 600059.SH OK
[22:21:52] [5分钟] 第 1544/5205 只: 600987.SH
[22:21:52] [5分钟] 1544/5205: 600987.SH OK
[22:21:52] [5分钟] 第 1545/5205 只: 600436.SH
[22:21:52] [5分钟] 1545/5205: 600436.SH OK
[22:21:52] [5分钟] 第 1546/5205 只: 603726.SH
[22:21:52] [5分钟] 1546/5205: 603726.SH OK
[22:21:52] [5分钟] 第 1547/5205 只: 688039.SH
[22:21:52] [5分钟] 1547/5205: 688039.SH OK
[22:21:53] [5分钟] 第 1548/5205 只: 688456.SH
[22:21:53] [5分钟] 1548/5205: 688456.SH OK
[22:21:53] [5分钟] 第 1549/5205 只: 600148.SH
[22:21:53] [5分钟] 1549/5205: 600148.SH OK
[22:21:53] [5分钟] 第 1550/5205 只: 605189.SH
[22:21:53] [5分钟] 1550/5205: 605189.SH OK
[22:21:53] [5分钟 1550/5205] 成功1550，失败0，当前 605189.SH
[22:21:53] [5分钟] 第 1551/5205 只: 600527.SH
[22:21:54] [5分钟] 1551/5205: 600527.SH OK
[22:21:54] [5分钟] 第 1552/5205 只: 688128.SH
[22:21:54] [5分钟] 1552/5205: 688128.SH OK
[22:21:54] [5分钟] 第 1553/5205 只: 688533.SH
[22:21:54] [5分钟] 1553/5205: 688533.SH OK
[22:21:55] [5分钟] 第 1554/5205 只: 603637.SH
[22:21:55] [5分钟] 1554/5205: 603637.SH OK
[22:21:55] [5分钟] 第 1555/5205 只: 603258.SH
[22:21:55] [5分钟] 1555/5205: 603258.SH OK
[22:21:55] [5分钟] 第 1556/5205 只: 600908.SH
[22:21:55] [5分钟] 1556/5205: 600908.SH OK
[22:21:55] [5分钟] 第 1557/5205 只: 600425.SH
[22:21:55] [5分钟] 1557/5205: 600425.SH OK
[22:21:55] [5分钟] 第 1558/5205 只: 601997.SH
[22:21:56] [5分钟] 1558/5205: 601997.SH OK
[22:21:56] [5分钟] 第 1559/5205 只: 688635.SH
[22:21:56] [5分钟] 1559/5205: 688635.SH OK
[22:21:56] [5分钟] 第 1560/5205 只: 603880.SH
[22:21:56] [5分钟] 1560/5205: 603880.SH OK
[22:21:56] [5分钟] 第 1561/5205 只: 600621.SH
[22:21:56] [5分钟] 1561/5205: 600621.SH OK
[22:21:57] [5分钟] 第 1562/5205 只: 603868.SH
[22:21:57] [5分钟] 1562/5205: 603868.SH OK
[22:21:57] [5分钟] 第 1563/5205 只: 600655.SH
[22:21:57] [5分钟] 1563/5205: 600655.SH OK
[22:21:57] [5分钟] 第 1564/5205 只: 600338.SH
[22:21:57] [5分钟] 1564/5205: 600338.SH OK
[22:21:57] [5分钟] 第 1565/5205 只: 600757.SH
[22:21:58] [5分钟] 1565/5205: 600757.SH OK
[22:21:58] [5分钟] 第 1566/5205 只: 688358.SH
[22:21:58] [5分钟] 1566/5205: 688358.SH OK
[22:21:58] [5分钟] 第 1567/5205 只: 603982.SH
[22:21:58] [5分钟] 1567/5205: 603982.SH OK
[22:21:59] [5分钟] 第 1568/5205 只: 688737.SH
[22:21:59] [5分钟] 1568/5205: 688737.SH OK
[22:21:59] [5分钟] 第 1569/5205 只: 603028.SH
[22:21:59] [5分钟] 1569/5205: 603028.SH OK
[22:21:59] [5分钟] 第 1570/5205 只: 605365.SH
[22:21:59] [5分钟] 1570/5205: 605365.SH OK
[22:21:59] [5分钟] 第 1571/5205 只: 688177.SH
[22:22:00] [5分钟] 1571/5205: 688177.SH OK
[22:22:00] [5分钟] 第 1572/5205 只: 603668.SH
[22:22:00] [5分钟] 1572/5205: 603668.SH OK
[22:22:00] [5分钟] 第 1573/5205 只: 603273.SH
[22:22:01] [5分钟] 1573/5205: 603273.SH OK
[22:22:01] [5分钟] 第 1574/5205 只: 600855.SH
[22:22:01] [5分钟] 1574/5205: 600855.SH OK
[22:22:01] [5分钟] 第 1575/5205 只: 600590.SH
[22:22:02] [5分钟] 1575/5205: 600590.SH OK
[22:22:02] [5分钟] 第 1576/5205 只: 688518.SH
[22:22:02] [5分钟] 1576/5205: 688518.SH OK
[22:22:02] [5分钟] 第 1577/5205 只: 688103.SH
[22:22:02] [5分钟] 1577/5205: 688103.SH OK
[22:22:02] [5分钟] 第 1578/5205 只: 603207.SH
[22:22:02] [5分钟] 1578/5205: 603207.SH OK
[22:22:03] [5分钟] 第 1579/5205 只: 600821.SH
[22:22:03] [5分钟] 1579/5205: 600821.SH OK
[22:22:03] [5分钟] 第 1580/5205 只: 688584.SH
[22:22:03] [5分钟] 1580/5205: 688584.SH OK
[22:22:03] [5分钟] 第 1581/5205 只: 600117.SH
[22:22:03] [5分钟] 1581/5205: 600117.SH OK
[22:22:04] [5分钟] 第 1582/5205 只: 603680.SH
[22:22:04] [5分钟] 1582/5205: 603680.SH OK
[22:22:04] [5分钟] 第 1583/5205 只: 600163.SH
[22:22:04] [5分钟] 1583/5205: 600163.SH OK
[22:22:04] [5分钟] 第 1584/5205 只: 600578.SH
[22:22:05] [5分钟] 1584/5205: 600578.SH OK
[22:22:05] [5分钟] 第 1585/5205 只: 603399.SH
[22:22:05] [5分钟] 1585/5205: 603399.SH OK
[22:22:05] [5分钟] 第 1586/5205 只: 688486.SH
[22:22:05] [5分钟] 1586/5205: 688486.SH OK
[22:22:05] [5分钟] 第 1587/5205 只: 600015.SH
[22:22:05] [5分钟] 1587/5205: 600015.SH OK
[22:22:05] [5分钟] 第 1588/5205 只: 600061.SH
[22:22:06] [5分钟] 1588/5205: 600061.SH OK
[22:22:06] [5分钟] 第 1589/5205 只: 688075.SH
[22:22:06] [5分钟] 1589/5205: 688075.SH OK
[22:22:06] [5分钟] 第 1590/5205 只: 603305.SH
[22:22:06] [5分钟] 1590/5205: 603305.SH OK
[22:22:06] [5分钟] 第 1591/5205 只: 600089.SH
[22:22:06] [5分钟] 1591/5205: 600089.SH OK
[22:22:07] [5分钟] 第 1592/5205 只: 601212.SH
[22:22:07] [5分钟] 1592/5205: 601212.SH OK
[22:22:07] [5分钟] 第 1593/5205 只: 688001.SH
[22:22:07] [5分钟] 1593/5205: 688001.SH OK
[22:22:07] [5分钟] 第 1594/5205 只: 601609.SH
[22:22:07] [5分钟] 1594/5205: 601609.SH OK
[22:22:07] [5分钟] 第 1595/5205 只: 603843.SH
[22:22:07] [5分钟] 1595/5205: 603843.SH OK
[22:22:08] [5分钟] 第 1596/5205 只: 600265.SH
[22:22:08] [5分钟] 1596/5205: 600265.SH OK
[22:22:08] [5分钟] 第 1597/5205 只: 603586.SH
[22:22:08] [5分钟] 1597/5205: 603586.SH OK
[22:22:08] [5分钟] 第 1598/5205 只: 688682.SH
[22:22:08] [5分钟] 1598/5205: 688682.SH OK
[22:22:08] [5分钟] 第 1599/5205 只: 688299.SH
[22:22:09] [5分钟] 1599/5205: 688299.SH OK
[22:22:09] [5分钟] 第 1600/5205 只: 600211.SH
[22:22:09] [5分钟] 1600/5205: 600211.SH OK
[22:22:09] [5分钟 1600/5205] 成功1600，失败0，当前 600211.SH
[22:22:09] [5分钟] 第 1601/5205 只: 603101.SH
[22:22:09] [5分钟] 1601/5205: 603101.SH OK
[22:22:09] [5分钟] 第 1602/5205 只: 601016.SH
[22:22:09] [5分钟] 1602/5205: 601016.SH OK
[22:22:10] [5分钟] 第 1603/5205 只: 688205.SH
[22:22:10] [5分钟] 1603/5205: 688205.SH OK
[22:22:10] [5分钟] 第 1604/5205 只: 603175.SH
[22:22:10] [5分钟] 1604/5205: 603175.SH OK
[22:22:10] [5分钟] 第 1605/5205 只: 688271.SH
[22:22:10] [5分钟] 1605/5205: 688271.SH OK
[22:22:10] [5分钟] 第 1606/5205 只: 600794.SH
[22:22:10] [5分钟] 1606/5205: 600794.SH OK
[22:22:10] [5分钟] 第 1607/5205 只: 688307.SH
[22:22:11] [5分钟] 1607/5205: 688307.SH OK
[22:22:11] [5分钟] 第 1608/5205 只: 603418.SH
[22:22:11] [5分钟] 1608/5205: 603418.SH OK
[22:22:11] [5分钟] 第 1609/5205 只: 688373.SH
[22:22:11] [5分钟] 1609/5205: 688373.SH OK
[22:22:11] [5分钟] 第 1610/5205 只: 688768.SH
[22:22:12] [5分钟] 1610/5205: 688768.SH OK
[22:22:12] [5分钟] 第 1611/5205 只: 603077.SH
[22:22:12] [5分钟] 1611/5205: 603077.SH OK
[22:22:12] [5分钟] 第 1612/5205 只: 600367.SH
[22:22:12] [5分钟] 1612/5205: 600367.SH OK
[22:22:12] [5分钟] 第 1613/5205 只: 601188.SH
[22:22:12] [5分钟] 1613/5205: 601188.SH OK
[22:22:12] [5分钟] 第 1614/5205 只: 600708.SH
[22:22:13] [5分钟] 1614/5205: 600708.SH OK
[22:22:13] [5分钟] 第 1615/5205 只: 600313.SH
[22:22:13] [5分钟] 1615/5205: 600313.SH OK
[22:22:13] [5分钟] 第 1616/5205 只: 603112.SH
[22:22:13] [5分钟] 1616/5205: 603112.SH OK
[22:22:13] [5分钟] 第 1617/5205 只: 600685.SH
[22:22:13] [5分钟] 1617/5205: 600685.SH OK
[22:22:13] [5分钟] 第 1618/5205 只: 601005.SH
[22:22:13] [5分钟] 1618/5205: 601005.SH OK
[22:22:13] [5分钟] 第 1619/5205 只: 688216.SH
[22:22:13] [5分钟] 1619/5205: 688216.SH OK
[22:22:14] [5分钟] 第 1620/5205 只: 603166.SH
[22:22:14] [5分钟] 1620/5205: 603166.SH OK
[22:22:14] [5分钟] 第 1621/5205 只: 688262.SH
[22:22:14] [5分钟] 1621/5205: 688262.SH OK
[22:22:14] [5分钟] 第 1622/5205 只: 688679.SH
[22:22:14] [5分钟] 1622/5205: 688679.SH OK
[22:22:14] [5分钟] 第 1623/5205 只: 600276.SH
[22:22:14] [5分钟] 1623/5205: 600276.SH OK
[22:22:14] [5分钟] 第 1624/5205 只: 601933.SH
[22:22:15] [5分钟] 1624/5205: 601933.SH OK
[22:22:15] [5分钟] 第 1625/5205 只: 603595.SH
[22:22:15] [5分钟] 1625/5205: 603595.SH OK
[22:22:15] [5分钟] 第 1626/5205 只: 601099.SH
[22:22:15] [5分钟] 1626/5205: 601099.SH OK
[22:22:15] [5分钟] 第 1627/5205 只: 688691.SH
[22:22:15] [5分钟] 1627/5205: 688691.SH OK
[22:22:15] [5分钟] 第 1628/5205 只: 600619.SH
[22:22:15] [5分钟] 1628/5205: 600619.SH OK
[22:22:16] [5分钟] 第 1629/5205 只: 600202.SH
[22:22:16] [5分钟] 1629/5205: 600202.SH OK
[22:22:16] [5分钟] 第 1630/5205 只: 688793.SH
[22:22:16] [5分钟] 1630/5205: 688793.SH OK
[22:22:16] [5分钟] 第 1631/5205 只: 603926.SH
[22:22:16] [5分钟] 1631/5205: 603926.SH OK
[22:22:16] [5分钟] 第 1632/5205 只: 688388.SH
[22:22:16] [5分钟] 1632/5205: 688388.SH OK
[22:22:16] [5分钟] 第 1633/5205 只: 600300.SH
[22:22:17] [5分钟] 1633/5205: 600300.SH OK
[22:22:17] [5分钟] 第 1634/5205 只: 600787.SH
[22:22:17] [5分钟] 1634/5205: 600787.SH OK
[22:22:17] [5分钟] 第 1635/5205 只: 601107.SH
[22:22:17] [5分钟] 1635/5205: 601107.SH OK
[22:22:17] [5分钟] 第 1636/5205 只: 688314.SH
[22:22:17] [5分钟] 1636/5205: 688314.SH OK
[22:22:17] [5分钟] 第 1637/5205 只: 603010.SH
[22:22:18] [5分钟] 1637/5205: 603010.SH OK
[22:22:18] [5分钟] 第 1638/5205 只: 688360.SH
[22:22:18] [5分钟] 1638/5205: 688360.SH OK
[22:22:18] [5分钟] 第 1639/5205 只: 601568.SH
[22:22:18] [5分钟] 1639/5205: 601568.SH OK
[22:22:18] [5分钟] 第 1640/5205 只: 688597.SH
[22:22:18] [5分钟] 1640/5205: 688597.SH OK
[22:22:18] [5分钟] 第 1641/5205 只: 600104.SH
[22:22:18] [5分钟] 1641/5205: 600104.SH OK
[22:22:19] [5分钟] 第 1642/5205 只: 603288.SH
[22:22:19] [5分钟] 1642/5205: 603288.SH OK
[22:22:19] [5分钟] 第 1643/5205 只: 603693.SH
[22:22:19] [5分钟] 1643/5205: 603693.SH OK
[22:22:19] [5分钟] 第 1644/5205 只: 600170.SH
[22:22:19] [5分钟] 1644/5205: 600170.SH OK
[22:22:19] [5分钟] 第 1645/5205 只: 601377.SH
[22:22:19] [5分钟] 1645/5205: 601377.SH OK
[22:22:19] [5分钟] 第 1646/5205 只: 603260.SH
[22:22:20] [5分钟] 1646/5205: 603260.SH OK
[22:22:20] [5分钟] 第 1647/5205 只: 600846.SH
[22:22:20] [5分钟] 1647/5205: 600846.SH OK
[22:22:20] [5分钟] 第 1648/5205 只: 600583.SH
[22:22:20] [5分钟] 1648/5205: 600583.SH OK
[22:22:20] [5分钟] 第 1649/5205 只: 600198.SH
[22:22:20] [5分钟] 1649/5205: 600198.SH OK
[22:22:20] [5分钟] 第 1650/5205 只: 688110.SH
[22:22:20] [5分钟] 1650/5205: 688110.SH OK
[22:22:21] [5分钟 1650/5205] 成功1650，失败0，当前 688110.SH
[22:22:21] [5分钟] 第 1651/5205 只: 601718.SH
[22:22:21] [5分钟] 1651/5205: 601718.SH OK
[22:22:21] [5分钟] 第 1652/5205 只: 603214.SH
[22:22:21] [5分钟] 1652/5205: 603214.SH OK
[22:22:21] [5分钟] 第 1653/5205 只: 603779.SH
[22:22:21] [5分钟] 1653/5205: 603779.SH OK
[22:22:21] [5分钟] 第 1654/5205 只: 688066.SH
[22:22:21] [5分钟] 1654/5205: 688066.SH OK
[22:22:22] [5分钟] 第 1655/5205 只: 603316.SH
[22:22:22] [5分钟] 1655/5205: 603316.SH OK
[22:22:22] [5分钟] 第 1656/5205 只: 600930.SH
[22:22:22] [5分钟] 1656/5205: 600930.SH OK
[22:22:22] [5分钟] 第 1657/5205 只: 600481.SH
[22:22:22] [5分钟] 1657/5205: 600481.SH OK
[22:22:22] [5分钟] 第 1658/5205 只: 688409.SH
[22:22:22] [5分钟] 1658/5205: 688409.SH OK
[22:22:22] [5分钟] 第 1659/5205 只: 688012.SH
[22:22:23] [5分钟] 1659/5205: 688012.SH OK
[22:22:23] [5分钟] 第 1660/5205 只: 601686.SH
[22:22:23] [5分钟] 1660/5205: 601686.SH OK
[22:22:23] [5分钟] 第 1661/5205 只: 600006.SH
[22:22:23] [5分钟] 1661/5205: 600006.SH OK
[22:22:23] [5分钟] 第 1662/5205 只: 600072.SH
[22:22:23] [5分钟] 1662/5205: 600072.SH OK
[22:22:23] [5分钟] 第 1663/5205 只: 600469.SH
[22:22:23] [5分钟] 1663/5205: 600469.SH OK
[22:22:24] [5分钟] 第 1664/5205 只: 600352.SH
[22:22:24] [5分钟] 1664/5205: 600352.SH OK
[22:22:24] [5分钟] 第 1665/5205 只: 600749.SH
[22:22:24] [5分钟] 1665/5205: 600749.SH OK
[22:22:24] [5分钟] 第 1666/5205 只: 603900.SH
[22:22:24] [5分钟] 1666/5205: 603900.SH OK
[22:22:24] [5分钟] 第 1667/5205 只: 600326.SH
[22:22:24] [5分钟] 1667/5205: 600326.SH OK
[22:22:24] [5分钟] 第 1668/5205 只: 601121.SH
[22:22:24] [5分钟] 1668/5205: 601121.SH OK
[22:22:24] [5分钟] 第 1669/5205 只: 688729.SH
[22:22:25] [5分钟] 1669/5205: 688729.SH OK
[22:22:25] [5分钟] 第 1670/5205 只: 688332.SH
[22:22:25] [5分钟] 1670/5205: 688332.SH OK
[22:22:25] [5分钟] 第 1671/5205 只: 603036.SH
[22:22:25] [5分钟] 1671/5205: 603036.SH OK
[22:22:25] [5分钟] 第 1672/5205 只: 601155.SH
[22:22:25] [5分钟] 1672/5205: 601155.SH OK
[22:22:25] [5分钟] 第 1673/5205 只: 603459.SH
[22:22:25] [5分钟] 1673/5205: 603459.SH OK
[22:22:25] [5分钟] 第 1674/5205 只: 603042.SH
[22:22:26] [5分钟] 1674/5205: 603042.SH OK
[22:22:26] [5分钟] 第 1675/5205 只: 688230.SH
[22:22:26] [5分钟] 1675/5205: 688230.SH OK
[22:22:26] [5分钟] 第 1676/5205 只: 688244.SH
[22:22:26] [5分钟] 1676/5205: 688244.SH OK
[22:22:26] [5分钟] 第 1677/5205 只: 603876.SH
[22:22:26] [5分钟] 1677/5205: 603876.SH OK
[22:22:26] [5分钟] 第 1678/5205 只: 600250.SH
[22:22:26] [5分钟] 1678/5205: 600250.SH OK
[22:22:26] [5分钟] 第 1679/5205 只: 603344.SH
[22:22:27] [5分钟] 1679/5205: 603344.SH OK
[22:22:27] [5分钟] 第 1680/5205 只: 600962.SH
[22:22:27] [5分钟] 1680/5205: 600962.SH OK
[22:22:27] [5分钟] 第 1681/5205 只: 605009.SH
[22:22:27] [5分钟] 1681/5205: 605009.SH OK
[22:22:27] [5分钟] 第 1682/5205 只: 603330.SH
[22:22:27] [5分钟] 1682/5205: 603330.SH OK
[22:22:27] [5分钟] 第 1683/5205 只: 600916.SH
[22:22:27] [5分钟] 1683/5205: 600916.SH OK
[22:22:27] [5分钟] 第 1684/5205 只: 600020.SH
[22:22:28] [5分钟] 1684/5205: 600020.SH OK
[22:22:28] [5分钟] 第 1685/5205 只: 600054.SH
[22:22:28] [5分钟] 1685/5205: 600054.SH OK
[22:22:28] [5分钟] 第 1686/5205 只: 600539.SH
[22:22:28] [5分钟] 1686/5205: 600539.SH OK
[22:22:28] [5分钟] 第 1687/5205 只: 600888.SH
[22:22:28] [5分钟] 1687/5205: 600888.SH OK
[22:22:28] [5分钟] 第 1688/5205 只: 688800.SH
[22:22:28] [5分钟] 1688/5205: 688800.SH OK
[22:22:28] [5分钟] 第 1689/5205 只: 600156.SH
[22:22:29] [5分钟] 1689/5205: 600156.SH OK
[22:22:29] [5分钟] 第 1690/5205 只: 688559.SH
[22:22:29] [5分钟] 1690/5205: 688559.SH OK
[22:22:29] [5分钟] 第 1691/5205 只: 600860.SH
[22:22:29] [5分钟] 1691/5205: 600860.SH OK
[22:22:29] [5分钟] 第 1692/5205 只: 688136.SH
[22:22:29] [5分钟] 1692/5205: 688136.SH OK
[22:22:29] [5分钟] 第 1693/5205 只: 603232.SH
[22:22:29] [5分钟] 1693/5205: 603232.SH OK
[22:22:30] [5分钟] 第 1694/5205 只: 603629.SH
[22:22:30] [5分钟] 1694/5205: 603629.SH OK
[22:22:30] [5分钟] 第 1695/5205 只: 600814.SH
[22:22:30] [5分钟] 1695/5205: 600814.SH OK
[22:22:30] [5分钟] 第 1696/5205 只: 600999.SH
[22:22:30] [5分钟] 1696/5205: 600999.SH OK
[22:22:30] [5分钟] 第 1697/5205 只: 600428.SH
[22:22:30] [5分钟] 1697/5205: 600428.SH OK
[22:22:30] [5分钟] 第 1698/5205 只: 600033.SH
[22:22:30] [5分钟] 1698/5205: 600033.SH OK
[22:22:31] [5分钟] 第 1699/5205 只: 605086.SH
[22:22:31] [5分钟] 1699/5205: 605086.SH OK
[22:22:31] [5分钟] 第 1700/5205 只: 603357.SH
[22:22:31] [5分钟] 1700/5205: 603357.SH OK
[22:22:31] [5分钟 1700/5205] 成功1700，失败0，当前 603357.SH
[22:22:31] [5分钟] 第 1701/5205 只: 600971.SH
[22:23:12] [5分钟] 1701/5205: 600971.SH OK
[22:23:13] [5分钟] 第 1702/5205 只: 688053.SH
[22:23:13] [5分钟] 1702/5205: 688053.SH OK
[22:23:13] [5分钟] 第 1703/5205 只: 688448.SH
[22:23:13] [5分钟] 1703/5205: 688448.SH OK
[22:23:13] [5分钟] 第 1704/5205 只: 603323.SH
[22:23:13] [5分钟] 1704/5205: 603323.SH OK
[22:23:13] [5分钟] 第 1705/5205 只: 603738.SH
[22:23:13] [5分钟] 1705/5205: 603738.SH OK
[22:23:13] [5分钟] 第 1706/5205 只: 600905.SH
[22:23:13] [5分钟] 1706/5205: 600905.SH OK
[22:23:14] [5分钟] 第 1707/5205 只: 688027.SH
[22:23:14] [5分钟] 1707/5205: 688027.SH OK
[22:23:14] [5分钟] 第 1708/5205 只: 688151.SH
[22:23:14] [5分钟] 1708/5205: 688151.SH OK
[22:23:14] [5分钟] 第 1709/5205 只: 603255.SH
[22:23:14] [5分钟] 1709/5205: 603255.SH OK
[22:23:14] [5分钟] 第 1710/5205 只: 600873.SH
[22:23:14] [5分钟] 1710/5205: 600873.SH OK
[22:23:14] [5分钟] 第 1711/5205 只: 605118.SH
[22:23:14] [5分钟] 1711/5205: 605118.SH OK
[22:23:15] [5分钟] 第 1712/5205 只: 601336.SH
[22:23:15] [5分钟] 1712/5205: 601336.SH OK
[22:23:15] [5分钟] 第 1713/5205 只: 688125.SH
[22:23:15] [5分钟] 1713/5205: 688125.SH OK
[22:23:15] [5分钟] 第 1714/5205 只: 603221.SH
[22:23:15] [5分钟] 1714/5205: 603221.SH OK
[22:23:15] [5分钟] 第 1715/5205 只: 605577.SH
[22:23:15] [5分钟] 1715/5205: 605577.SH OK
[22:23:16] [5分钟] 第 1716/5205 只: 600807.SH
[22:23:16] [5分钟] 1716/5205: 600807.SH OK
[22:23:16] [5分钟] 第 1717/5205 只: 600131.SH
[22:23:16] [5分钟] 1717/5205: 600131.SH OK
[22:23:16] [5分钟] 第 1718/5205 只: 688813.SH
[22:23:16] [5分钟] 1718/5205: 688813.SH OK
[22:23:16] [5分钟] 第 1719/5205 只: 688321.SH
[22:23:16] [5分钟] 1719/5205: 688321.SH OK
[22:23:16] [5分钟] 第 1720/5205 只: 603025.SH
[22:23:17] [5分钟] 1720/5205: 603025.SH OK
[22:23:17] [5分钟] 第 1721/5205 只: 601898.SH
[22:23:17] [5分钟] 1721/5205: 601898.SH OK
[22:23:17] [5分钟] 第 1722/5205 只: 605368.SH
[22:23:17] [5分钟] 1722/5205: 605368.SH OK
[22:23:17] [5分钟] 第 1723/5205 只: 688355.SH
[22:23:17] [5分钟] 1723/5205: 688355.SH OK
[22:23:17] [5分钟] 第 1724/5205 只: 603051.SH
[22:23:17] [5分钟] 1724/5205: 603051.SH OK
[22:23:18] [5分钟] 第 1725/5205 只: 603967.SH
[22:23:18] [5分钟] 1725/5205: 603967.SH OK
[22:23:18] [5分钟] 第 1726/5205 只: 600335.SH
[22:23:18] [5分钟] 1726/5205: 600335.SH OK
[22:23:18] [5分钟] 第 1727/5205 只: 600243.SH
[22:23:18] [5分钟] 1727/5205: 600243.SH OK
[22:23:18] [5分钟] 第 1728/5205 只: 600658.SH
[22:23:18] [5分钟] 1728/5205: 600658.SH OK
[22:23:18] [5分钟] 第 1729/5205 只: 603811.SH
[22:23:18] [5分钟] 1729/5205: 603811.SH OK
[22:23:19] [5分钟] 第 1730/5205 只: 600237.SH
[22:23:19] [5分钟] 1730/5205: 600237.SH OK
[22:23:19] [5分钟] 第 1731/5205 只: 603127.SH
[22:23:19] [5分钟] 1731/5205: 603127.SH OK
[22:23:19] [5分钟] 第 1732/5205 只: 688638.SH
[22:23:19] [5分钟] 1732/5205: 688638.SH OK
[22:23:19] [5分钟] 第 1733/5205 只: 688223.SH
[22:23:19] [5分钟] 1733/5205: 688223.SH OK
[22:23:19] [5分钟] 第 1734/5205 只: 603153.SH
[22:23:19] [5分钟] 1734/5205: 603153.SH OK
[22:23:19] [5分钟] 第 1735/5205 只: 688257.SH
[22:23:19] [5分钟] 1735/5205: 688257.SH OK
[22:23:19] [5分钟] 第 1736/5205 只: 600055.SH
[22:23:19] [5分钟] 1736/5205: 600055.SH OK
[22:23:19] [5分钟] 第 1737/5205 只: 600021.SH
[22:23:19] [5分钟] 1737/5205: 600021.SH OK
[22:23:19] [5分钟] 第 1738/5205 只: 600917.SH
[22:23:19] [5分钟] 1738/5205: 600917.SH OK
[22:23:19] [5分钟] 第 1739/5205 只: 603331.SH
[22:23:19] [5分钟] 1739/5205: 603331.SH OK
[22:23:19] [5分钟] 第 1740/5205 只: 688035.SH
[22:23:19] [5分钟] 1740/5205: 688035.SH OK
[22:23:19] [5分钟] 第 1741/5205 只: 601226.SH
[22:23:19] [5分钟] 1741/5205: 601226.SH OK
[22:23:19] [5分钟] 第 1742/5205 只: 600963.SH
[22:23:19] [5分钟] 1742/5205: 600963.SH OK
[22:23:19] [5分钟] 第 1743/5205 只: 605008.SH
[22:23:19] [5分钟] 1743/5205: 605008.SH OK
[22:23:19] [5分钟] 第 1744/5205 只: 603345.SH
[22:23:19] [5分钟] 1744/5205: 603345.SH OK
[22:23:19] [5分钟] 第 1745/5205 只: 688041.SH
[22:23:19] [5分钟] 1745/5205: 688041.SH OK
[22:23:19] [5分钟] 第 1746/5205 只: 688137.SH
[22:23:19] [5分钟] 1746/5205: 688137.SH OK
[22:23:19] [5分钟] 第 1747/5205 只: 600815.SH
[22:23:19] [5分钟] 1747/5205: 600815.SH OK
[22:23:19] [5分钟] 第 1748/5205 只: 603628.SH
[22:23:19] [5分钟] 1748/5205: 603628.SH OK
[22:23:19] [5分钟] 第 1749/5205 只: 603233.SH
[22:23:19] [5分钟] 1749/5205: 603233.SH OK
[22:23:19] [5分钟] 第 1750/5205 只: 688558.SH
[22:23:19] [5分钟] 1750/5205: 688558.SH OK
[22:23:19] [5分钟 1750/5205] 成功1750，失败0，当前 688558.SH
[22:23:19] [5分钟] 第 1751/5205 只: 688143.SH
[22:23:19] [5分钟] 1751/5205: 688143.SH OK
[22:23:19] [5分钟] 第 1752/5205 只: 600861.SH
[22:23:19] [5分钟] 1752/5205: 600861.SH OK
[22:23:19] [5分钟] 第 1753/5205 只: 600157.SH
[22:23:19] [5分钟] 1753/5205: 600157.SH OK
[22:23:19] [5分钟] 第 1754/5205 只: 605196.SH
[22:23:19] [5分钟] 1754/5205: 605196.SH OK
[22:23:19] [5分钟] 第 1755/5205 只: 600123.SH
[22:23:19] [5分钟] 1755/5205: 600123.SH OK
[22:23:19] [5分钟] 第 1756/5205 只: 600538.SH
[22:23:19] [5分钟] 1756/5205: 600538.SH OK
[22:23:19] [5分钟] 第 1757/5205 只: 600889.SH
[22:23:19] [5分钟] 1757/5205: 600889.SH OK
[22:23:19] [5分钟] 第 1758/5205 只: 688347.SH
[22:23:19] [5分钟] 1758/5205: 688347.SH OK
[22:23:19] [5分钟] 第 1759/5205 只: 603043.SH
[22:23:19] [5分钟] 1759/5205: 603043.SH OK
[22:23:19] [5分钟] 第 1760/5205 只: 603458.SH
[22:23:19] [5分钟] 1760/5205: 603458.SH OK
[22:23:19] [5分钟] 第 1761/5205 只: 688333.SH
[22:23:19] [5分钟] 1761/5205: 688333.SH OK
[22:23:19] [5分钟] 第 1762/5205 只: 688728.SH
[22:23:19] [5分钟] 1762/5205: 688728.SH OK
[22:23:19] [5分钟] 第 1763/5205 只: 603037.SH
[22:23:19] [5分钟] 1763/5205: 603037.SH OK
[22:23:19] [5分钟] 第 1764/5205 只: 600327.SH
[22:23:19] [5分钟] 1764/5205: 600327.SH OK
[22:23:19] [5分钟] 第 1765/5205 只: 603901.SH
[22:23:19] [5分钟] 1765/5205: 603901.SH OK
[22:23:19] [5分钟] 第 1766/5205 只: 601816.SH
[22:23:19] [5分钟] 1766/5205: 601816.SH OK
[22:23:19] [5分钟] 第 1767/5205 只: 600748.SH
[22:23:19] [5分钟] 1767/5205: 600748.SH OK
[22:23:19] [5分钟] 第 1768/5205 只: 600353.SH
[22:23:19] [5分钟] 1768/5205: 600353.SH OK
[22:23:19] [5分钟] 第 1769/5205 只: 603803.SH
[22:23:19] [5分钟] 1769/5205: 603803.SH OK
[22:23:19] [5分钟] 第 1770/5205 只: 600251.SH
[22:23:19] [5分钟] 1770/5205: 600251.SH OK
[22:23:19] [5分钟] 第 1771/5205 只: 603877.SH
[22:23:19] [5分钟] 1771/5205: 603877.SH OK
[22:23:19] [5分钟] 第 1772/5205 只: 603135.SH
[22:23:19] [5分钟] 1772/5205: 603135.SH OK
[22:23:19] [5分钟] 第 1773/5205 只: 601988.SH
[22:23:19] [5分钟] 1773/5205: 601988.SH OK
[22:23:19] [5分钟] 第 1774/5205 只: 688231.SH
[22:23:19] [5分钟] 1774/5205: 688231.SH OK
[22:23:19] [5分钟] 第 1775/5205 只: 601022.SH
[22:23:19] [5分钟] 1775/5205: 601022.SH OK
[22:23:19] [5分钟] 第 1776/5205 只: 603912.SH
[22:23:19] [5分钟] 1776/5205: 603912.SH OK
[22:23:19] [5分钟] 第 1777/5205 只: 600340.SH
[22:23:19] [5分钟] 1777/5205: 600340.SH OK
[22:23:19] [5分钟] 第 1778/5205 只: 603966.SH
[22:23:19] [5分钟] 1778/5205: 603966.SH OK
[22:23:19] [5分钟] 第 1779/5205 只: 603050.SH
[22:23:19] [5分钟] 1779/5205: 603050.SH OK
[22:23:19] [5分钟] 第 1780/5205 只: 601528.SH
[22:23:19] [5分钟] 1780/5205: 601528.SH OK
[22:23:19] [5分钟] 第 1781/5205 只: 688320.SH
[22:23:19] [5分钟] 1781/5205: 688320.SH OK
[22:23:19] [5分钟] 第 1782/5205 只: 601133.SH
[22:23:19] [5分钟] 1782/5205: 601133.SH OK
[22:23:19] [5分钟] 第 1783/5205 只: 605369.SH
[22:23:19] [5分钟] 1783/5205: 605369.SH OK
[22:23:19] [5分钟] 第 1784/5205 只: 601899.SH
[22:23:19] [5分钟] 1784/5205: 601899.SH OK
[22:23:19] [5分钟] 第 1785/5205 只: 688256.SH
[22:23:19] [5分钟] 1785/5205: 688256.SH OK
[22:23:19] [5分钟] 第 1786/5205 只: 603126.SH
[22:23:19] [5分钟] 1786/5205: 603126.SH OK
[22:23:19] [5分钟] 第 1787/5205 只: 688222.SH
[22:23:19] [5分钟] 1787/5205: 688222.SH OK
[22:23:19] [5分钟] 第 1788/5205 只: 688639.SH
[22:23:19] [5分钟] 1788/5205: 688639.SH OK
[22:23:19] [5分钟] 第 1789/5205 只: 600236.SH
[22:23:19] [5分钟] 1789/5205: 600236.SH OK
[22:23:19] [5分钟] 第 1790/5205 只: 603810.SH
[22:23:19] [5分钟] 1790/5205: 603810.SH OK
[22:23:19] [5分钟] 第 1791/5205 只: 603739.SH
[22:23:19] [5分钟] 1791/5205: 603739.SH OK
[22:23:19] [5分钟] 第 1792/5205 只: 603322.SH
[22:23:19] [5分钟] 1792/5205: 603322.SH OK
[22:23:19] [5分钟] 第 1793/5205 只: 688026.SH
[22:23:19] [5分钟] 1793/5205: 688026.SH OK
[22:23:19] [5分钟] 第 1794/5205 只: 600970.SH
[22:23:19] [5分钟] 1794/5205: 600970.SH OK
[22:23:20] [5分钟] 第 1795/5205 只: 603356.SH
[22:23:20] [5分钟] 1795/5205: 603356.SH OK
[22:23:20] [5分钟] 第 1796/5205 只: 688449.SH
[22:23:20] [5分钟] 1796/5205: 688449.SH OK
[22:23:20] [5分钟] 第 1797/5205 只: 688052.SH
[22:23:20] [5分钟] 1797/5205: 688052.SH OK
[22:23:20] [5分钟] 第 1798/5205 只: 600998.SH
[22:23:20] [5分钟] 1798/5205: 600998.SH OK
[22:23:20] [5分钟] 第 1799/5205 只: 600032.SH
[22:23:20] [5分钟] 1799/5205: 600032.SH OK
[22:23:20] [5分钟] 第 1800/5205 只: 600429.SH
[22:23:20] [5分钟] 1800/5205: 600429.SH OK
[22:23:20] [5分钟 1800/5205] 成功1800，失败0，当前 600429.SH
[22:23:20] [5分钟] 第 1801/5205 只: 600130.SH
[22:23:20] [5分钟] 1801/5205: 600130.SH OK
[22:23:20] [5分钟] 第 1802/5205 只: 603220.SH
[22:23:20] [5分钟] 1802/5205: 603220.SH OK
[22:23:20] [5分钟] 第 1803/5205 只: 688150.SH
[22:23:20] [5分钟] 1803/5205: 688150.SH OK
[22:23:20] [5分钟] 第 1804/5205 只: 600872.SH
[22:23:20] [5分钟] 1804/5205: 600872.SH OK
[22:23:20] [5分钟] 第 1805/5205 只: 688270.SH
[22:23:20] [5分钟] 1805/5205: 688270.SH OK
[22:23:20] [5分钟] 第 1806/5205 只: 603100.SH
[22:23:20] [5分钟] 1806/5205: 603100.SH OK
[22:23:20] [5分钟] 第 1807/5205 只: 600697.SH
[22:23:20] [5分钟] 1807/5205: 600697.SH OK
[22:23:20] [5分钟] 第 1808/5205 只: 603587.SH
[22:23:20] [5分钟] 1808/5205: 603587.SH OK
[22:23:20] [5分钟] 第 1809/5205 只: 601921.SH
[22:23:20] [5分钟] 1809/5205: 601921.SH OK
[22:23:20] [5分钟] 第 1810/5205 只: 600210.SH
[22:23:20] [5分钟] 1810/5205: 600210.SH OK
[22:23:20] [5分钟] 第 1811/5205 只: 688298.SH
[22:23:20] [5分钟] 1811/5205: 688298.SH OK
[22:23:20] [5分钟] 第 1812/5205 只: 603836.SH
[22:23:20] [5分钟] 1812/5205: 603836.SH OK
[22:23:20] [5分钟] 第 1813/5205 只: 688683.SH
[22:23:20] [5分钟] 1813/5205: 688683.SH OK
[22:23:20] [5分钟] 第 1814/5205 只: 600312.SH
[22:23:20] [5分钟] 1814/5205: 600312.SH OK
[22:23:20] [5分钟] 第 1815/5205 只: 688781.SH
[22:23:20] [5分钟] 1815/5205: 688781.SH OK
[22:23:20] [5分钟] 第 1816/5205 只: 600366.SH
[22:23:20] [5分钟] 1816/5205: 600366.SH OK
[22:23:20] [5分钟] 第 1817/5205 只: 601857.SH
[22:23:20] [5分钟] 1817/5205: 601857.SH OK
[22:23:20] [5分钟] 第 1818/5205 只: 688372.SH
[22:23:20] [5分钟] 1818/5205: 688372.SH OK
[22:23:20] [5分钟] 第 1819/5205 只: 603076.SH
[22:23:20] [5分钟] 1819/5205: 603076.SH OK
[22:23:20] [5分钟] 第 1820/5205 只: 688306.SH
[22:23:20] [5分钟] 1820/5205: 688306.SH OK
[22:23:20] [5分钟] 第 1821/5205 只: 600795.SH
[22:23:20] [5分钟] 1821/5205: 600795.SH OK
[22:23:20] [5分钟] 第 1822/5205 只: 603002.SH
[22:23:20] [5分钟] 1822/5205: 603002.SH OK
[22:23:20] [5分钟] 第 1823/5205 只: 600579.SH
[22:23:20] [5分钟] 1823/5205: 600579.SH OK
[22:23:20] [5分钟] 第 1824/5205 只: 600162.SH
[22:23:20] [5分钟] 1824/5205: 600162.SH OK
[22:23:20] [5分钟] 第 1825/5205 只: 600116.SH
[22:23:20] [5分钟] 1825/5205: 600116.SH OK
[22:23:20] [5分钟] 第 1826/5205 只: 688585.SH
[22:23:20] [5分钟] 1826/5205: 688585.SH OK
[22:23:20] [5分钟] 第 1827/5205 只: 603681.SH
[22:23:20] [5分钟] 1827/5205: 603681.SH OK
[22:23:20] [5分钟] 第 1828/5205 只: 688102.SH
[22:23:20] [5分钟] 1828/5205: 688102.SH OK
[22:23:20] [5分钟] 第 1829/5205 只: 688519.SH
[22:23:20] [5分钟] 1829/5205: 688519.SH OK
[22:23:20] [5分钟] 第 1830/5205 只: 601311.SH
[22:23:20] [5分钟] 1830/5205: 601311.SH OK
[22:23:20] [5分钟] 第 1831/5205 只: 600820.SH
[22:23:20] [5分钟] 1831/5205: 600820.SH OK
[22:23:20] [5分钟] 第 1832/5205 只: 603206.SH
[22:23:20] [5分钟] 1832/5205: 603206.SH OK
[22:23:20] [5分钟] 第 1833/5205 只: 688176.SH
[22:23:20] [5分钟] 1833/5205: 688176.SH OK
[22:23:20] [5分钟] 第 1834/5205 只: 600854.SH
[22:23:20] [5分钟] 1834/5205: 600854.SH OK
[22:23:20] [5分钟] 第 1835/5205 只: 603272.SH
[22:23:20] [5分钟] 1835/5205: 603272.SH OK
[22:23:20] [5分钟] 第 1836/5205 只: 603669.SH
[22:23:20] [5分钟] 1836/5205: 603669.SH OK
[22:23:20] [5分钟] 第 1837/5205 只: 601608.SH
[22:23:20] [5分钟] 1837/5205: 601608.SH OK
[22:23:20] [5分钟] 第 1838/5205 只: 600088.SH
[22:23:20] [5分钟] 1838/5205: 600088.SH OK
[22:23:20] [5分钟] 第 1839/5205 只: 600493.SH
[22:23:20] [5分钟] 1839/5205: 600493.SH OK
[22:23:20] [5分钟] 第 1840/5205 只: 600956.SH
[22:23:20] [5分钟] 1840/5205: 600956.SH OK
[22:23:20] [5分钟] 第 1841/5205 只: 603370.SH
[22:23:20] [5分钟] 1841/5205: 603370.SH OK
[22:23:20] [5分钟] 第 1842/5205 只: 600060.SH
[22:23:20] [5分钟] 1842/5205: 600060.SH OK
[22:23:20] [5分钟] 第 1843/5205 只: 603398.SH
[22:23:20] [5分钟] 1843/5205: 603398.SH OK
[22:23:20] [5分钟] 第 1844/5205 只: 688111.SH
[22:23:20] [5分钟] 1844/5205: 688111.SH OK
[22:23:20] [5分钟] 第 1845/5205 只: 600199.SH
[22:23:20] [5分钟] 1845/5205: 600199.SH OK
[22:23:20] [5分钟] 第 1846/5205 只: 600582.SH
[22:23:20] [5分钟] 1846/5205: 600582.SH OK
[22:23:20] [5分钟] 第 1847/5205 只: 605158.SH
[22:23:20] [5分钟] 1847/5205: 605158.SH OK
[22:23:20] [5分钟] 第 1848/5205 只: 600833.SH
[22:23:20] [5分钟] 1848/5205: 600833.SH OK
[22:23:20] [5分钟] 第 1849/5205 只: 603215.SH
[22:23:20] [5分钟] 1849/5205: 603215.SH OK
[22:23:20] [5分钟] 第 1850/5205 只: 688165.SH
[22:23:20] [5分钟] 1850/5205: 688165.SH OK
[22:23:20] [5分钟 1850/5205] 成功1850，失败0，当前 688165.SH
[22:23:20] [5分钟] 第 1851/5205 只: 600847.SH
[22:23:20] [5分钟] 1851/5205: 600847.SH OK
[22:23:20] [5分钟] 第 1852/5205 只: 603261.SH
[22:23:20] [5分钟] 1852/5205: 603261.SH OK
[22:23:20] [5分钟] 第 1853/5205 只: 600171.SH
[22:23:20] [5分钟] 1853/5205: 600171.SH OK
[22:23:20] [5分钟] 第 1854/5205 只: 600105.SH
[22:23:20] [5分钟] 1854/5205: 600105.SH OK
[22:23:20] [5分钟] 第 1855/5205 只: 688596.SH
[22:23:20] [5分钟] 1855/5205: 688596.SH OK
[22:23:20] [5分钟] 第 1856/5205 只: 603289.SH
[22:23:20] [5分钟] 1856/5205: 603289.SH OK
[22:23:20] [5分钟] 第 1857/5205 只: 600468.SH
[22:23:20] [5分钟] 1857/5205: 600468.SH OK
[22:23:20] [5分钟] 第 1858/5205 只: 600073.SH
[22:23:20] [5分钟] 1858/5205: 600073.SH OK
[22:23:20] [5分钟] 第 1859/5205 只: 603790.SH
[22:23:20] [5分钟] 1859/5205: 603790.SH OK
[22:23:20] [5分钟] 第 1860/5205 只: 600007.SH
[22:23:20] [5分钟] 1860/5205: 600007.SH OK
[22:23:20] [5分钟] 第 1861/5205 只: 603317.SH
[22:23:20] [5分钟] 1861/5205: 603317.SH OK
[22:23:20] [5分钟] 第 1862/5205 只: 688013.SH
[22:23:20] [5分钟] 1862/5205: 688013.SH OK
[22:23:20] [5分钟] 第 1863/5205 只: 688408.SH
[22:23:20] [5分钟] 1863/5205: 688408.SH OK
[22:23:20] [5分钟] 第 1864/5205 只: 601200.SH
[22:23:20] [5分钟] 1864/5205: 601200.SH OK
[22:23:20] [5分钟] 第 1865/5205 只: 600480.SH
[22:23:20] [5分钟] 1865/5205: 600480.SH OK
[22:23:20] [5分钟] 第 1866/5205 只: 603363.SH
[22:23:20] [5分钟] 1866/5205: 603363.SH OK
[22:23:20] [5分钟] 第 1867/5205 只: 603778.SH
[22:23:20] [5分钟] 1867/5205: 603778.SH OK
[22:23:20] [5分钟] 第 1868/5205 只: 688067.SH
[22:23:20] [5分钟] 1868/5205: 688067.SH OK
[22:23:20] [5分钟] 第 1869/5205 只: 600203.SH
[22:23:20] [5分钟] 1869/5205: 600203.SH OK
[22:23:20] [5分钟] 第 1870/5205 只: 600618.SH
[22:23:20] [5分钟] 1870/5205: 600618.SH OK
[22:23:20] [5分钟] 第 1871/5205 只: 601098.SH
[22:23:20] [5分钟] 1871/5205: 601098.SH OK
[22:23:20] [5分钟] 第 1872/5205 只: 603825.SH
[22:23:20] [5分钟] 1872/5205: 603825.SH OK
[22:23:20] [5分钟] 第 1873/5205 只: 688690.SH
[22:23:20] [5分钟] 1873/5205: 688690.SH OK
[22:23:20] [5分钟] 第 1874/5205 只: 603167.SH
[22:23:20] [5分钟] 1874/5205: 603167.SH OK
[22:23:20] [5分钟] 第 1875/5205 只: 688678.SH
[22:23:20] [5分钟] 1875/5205: 688678.SH OK
[22:23:20] [5分钟] 第 1876/5205 只: 603508.SH
[22:23:20] [5分钟] 1876/5205: 603508.SH OK
[22:23:20] [5分钟] 第 1877/5205 只: 603113.SH
[22:23:20] [5分钟] 1877/5205: 603113.SH OK
[22:23:20] [5分钟] 第 1878/5205 只: 688217.SH
[22:23:20] [5分钟] 1878/5205: 688217.SH OK
[22:23:20] [5分钟] 第 1879/5205 只: 600684.SH
[22:23:20] [5分钟] 1879/5205: 600684.SH OK
[22:23:20] [5分钟] 第 1880/5205 只: 688361.SH
[22:23:20] [5分钟] 1880/5205: 688361.SH OK
[22:23:20] [5分钟] 第 1881/5205 只: 603065.SH
[22:23:20] [5分钟] 1881/5205: 603065.SH OK
[22:23:20] [5分钟] 第 1882/5205 只: 688315.SH
[22:23:20] [5分钟] 1882/5205: 688315.SH OK
[22:23:20] [5分钟] 第 1883/5205 只: 601106.SH
[22:23:20] [5分钟] 1883/5205: 601106.SH OK
[22:23:20] [5分钟] 第 1884/5205 只: 603011.SH
[22:23:20] [5分钟] 1884/5205: 603011.SH OK
[22:23:20] [5分钟] 第 1885/5205 只: 600301.SH
[22:23:20] [5分钟] 1885/5205: 600301.SH OK
[22:23:20] [5分钟] 第 1886/5205 只: 688389.SH
[22:23:20] [5分钟] 1886/5205: 688389.SH OK
[22:23:20] [5分钟] 第 1887/5205 只: 603927.SH
[22:23:20] [5分钟] 1887/5205: 603927.SH OK
[22:23:20] [5分钟] 第 1888/5205 只: 603496.SH
[22:23:20] [5分钟] 1888/5205: 603496.SH OK
[22:23:20] [5分钟] 第 1889/5205 只: 600375.SH
[22:23:20] [5分钟] 1889/5205: 600375.SH OK
[22:23:20] [5分钟] 第 1890/5205 只: 600535.SH
[22:23:20] [5分钟] 1890/5205: 600535.SH OK
[22:23:20] [5分钟] 第 1891/5205 只: 600884.SH
[22:23:20] [5分钟] 1891/5205: 600884.SH OK
[22:23:20] [5分钟] 第 1892/5205 只: 605580.SH
[22:23:20] [5分钟] 1892/5205: 605580.SH OK
[22:23:20] [5分钟] 第 1893/5205 只: 688521.SH
[22:23:20] [5分钟] 1893/5205: 688521.SH OK
[22:23:20] [5分钟] 第 1894/5205 只: 600818.SH
[22:23:20] [5分钟] 1894/5205: 600818.SH OK
[22:23:20] [5分钟] 第 1895/5205 只: 605005.SH
[22:23:20] [5分钟] 1895/5205: 605005.SH OK
[22:23:20] [5分钟] 第 1896/5205 只: 603348.SH
[22:23:20] [5分钟] 1896/5205: 603348.SH OK
[22:23:20] [5分钟] 第 1897/5205 只: 603727.SH
[22:23:20] [5分钟] 1897/5205: 603727.SH OK
[22:23:20] [5分钟] 第 1898/5205 只: 688038.SH
[22:23:20] [5分钟] 1898/5205: 688038.SH OK
[22:23:20] [5分钟] 第 1899/5205 只: 600986.SH
[22:23:20] [5分钟] 1899/5205: 600986.SH OK
[22:23:20] [5分钟] 第 1900/5205 只: 605099.SH
[22:23:20] [5分钟] 1900/5205: 605099.SH OK
[22:23:20] [5分钟 1900/5205] 成功1900，失败0，当前 605099.SH
[22:23:20] [5分钟] 第 1901/5205 只: 600058.SH
[22:23:20] [5分钟] 1901/5205: 600058.SH OK
[22:23:20] [5分钟] 第 1902/5205 只: 603138.SH
[22:23:20] [5分钟] 1902/5205: 603138.SH OK
[22:23:20] [5分钟] 第 1903/5205 只: 601985.SH
[22:23:20] [5分钟] 1903/5205: 601985.SH OK
[22:23:20] [5分钟] 第 1904/5205 只: 688627.SH
[22:23:20] [5分钟] 1904/5205: 688627.SH OK
[22:23:20] [5分钟] 第 1905/5205 只: 603557.SH
[22:23:20] [5分钟] 1905/5205: 603557.SH OK
[22:23:20] [5分钟] 第 1906/5205 只: 688248.SH
[22:23:20] [5分钟] 1906/5205: 688248.SH OK
[22:23:20] [5分钟] 第 1907/5205 只: 688653.SH
[22:23:20] [5分钟] 1907/5205: 688653.SH OK
[22:23:20] [5分钟] 第 1908/5205 只: 601919.SH
[22:23:20] [5分钟] 1908/5205: 601919.SH OK
[22:23:20] [5分钟] 第 1909/5205 只: 600633.SH
[22:23:20] [5分钟] 1909/5205: 600633.SH OK
[22:23:20] [5分钟] 第 1910/5205 只: 600228.SH
[22:23:20] [5分钟] 1910/5205: 600228.SH OK
[22:23:20] [5分钟] 第 1911/5205 只: 600745.SH
[22:23:20] [5分钟] 1911/5205: 600745.SH OK
[22:23:20] [5分钟] 第 1912/5205 只: 603978.SH
[22:23:20] [5分钟] 1912/5205: 603978.SH OK
[22:23:20] [5分钟] 第 1913/5205 只: 600731.SH
[22:23:20] [5分钟] 1913/5205: 600731.SH OK
[22:23:20] [5分钟] 第 1914/5205 只: 603990.SH
[22:23:20] [5分钟] 1914/5205: 603990.SH OK
[22:23:20] [5分钟] 第 1915/5205 只: 605377.SH
[22:23:20] [5分钟] 1915/5205: 605377.SH OK
[22:23:20] [5分钟] 第 1916/5205 只: 603421.SH
[22:23:20] [5分钟] 1916/5205: 603421.SH OK
[22:23:20] [5分钟] 第 1917/5205 只: 605303.SH
[22:23:20] [5分钟] 1917/5205: 605303.SH OK
[22:23:20] [5分钟] 第 1918/5205 只: 600654.SH
[22:23:20] [5分钟] 1918/5205: 600654.SH OK
[22:23:20] [5分钟] 第 1919/5205 只: 603869.SH
[22:23:20] [5分钟] 1919/5205: 603869.SH OK
[22:23:20] [5分钟] 第 1920/5205 只: 600620.SH
[22:23:20] [5分钟] 1920/5205: 600620.SH OK
[22:23:20] [5分钟] 第 1921/5205 只: 605266.SH
[22:23:20] [5分钟] 1921/5205: 605266.SH OK
[22:23:20] [5分钟] 第 1922/5205 只: 601996.SH
[22:23:20] [5分钟] 1922/5205: 601996.SH OK
[22:23:20] [5分钟] 第 1923/5205 只: 603530.SH
[22:23:20] [5分钟] 1923/5205: 603530.SH OK
[22:23:20] [5分钟] 第 1924/5205 只: 603881.SH
[22:23:20] [5分钟] 1924/5205: 603881.SH OK
[22:23:20] [5分钟] 第 1925/5205 只: 603983.SH
[22:23:20] [5分钟] 1925/5205: 603983.SH OK
[22:23:20] [5分钟] 第 1926/5205 只: 603029.SH
[22:23:20] [5分钟] 1926/5205: 603029.SH OK
[22:23:20] [5分钟] 第 1927/5205 只: 688359.SH
[22:23:20] [5分钟] 1927/5205: 688359.SH OK
[22:23:20] [5分钟] 第 1928/5205 只: 600756.SH
[22:23:20] [5分钟] 1928/5205: 600756.SH OK
[22:23:20] [5分钟] 第 1929/5205 只: 600722.SH
[22:23:20] [5分钟] 1929/5205: 600722.SH OK
[22:23:20] [5分钟] 第 1930/5205 只: 600339.SH
[22:23:20] [5分钟] 1930/5205: 600339.SH OK
[22:23:20] [5分钟] 第 1931/5205 只: 601808.SH
[22:23:20] [5分钟] 1931/5205: 601808.SH OK
[22:23:20] [5分钟] 第 1932/5205 只: 603259.SH
[22:23:20] [5分钟] 1932/5205: 603259.SH OK
[22:23:20] [5分钟] 第 1933/5205 只: 688129.SH
[22:23:20] [5分钟] 1933/5205: 688129.SH OK
[22:23:20] [5分钟] 第 1934/5205 只: 603636.SH
[22:23:20] [5分钟] 1934/5205: 603636.SH OK
[22:23:20] [5分钟] 第 1935/5205 只: 600526.SH
[22:23:20] [5分钟] 1935/5205: 600526.SH OK
[22:23:20] [5分钟] 第 1936/5205 只: 600897.SH
[22:23:20] [5分钟] 1936/5205: 600897.SH OK
[22:23:20] [5分钟] 第 1937/5205 只: 600149.SH
[22:23:20] [5分钟] 1937/5205: 600149.SH OK
[22:23:20] [5分钟] 第 1938/5205 只: 600552.SH
[22:23:20] [5分钟] 1938/5205: 600552.SH OK
[22:23:20] [5分钟] 第 1939/5205 只: 605188.SH
[22:23:20] [5分钟] 1939/5205: 605188.SH OK
[22:23:20] [5分钟] 第 1940/5205 只: 600995.SH
[22:23:20] [5分钟] 1940/5205: 600995.SH OK
[22:23:20] [5分钟] 第 1941/5205 只: 605016.SH
[22:23:20] [5分钟] 1941/5205: 605016.SH OK
[22:23:20] [5分钟] 第 1942/5205 只: 600909.SH
[22:23:20] [5分钟] 1942/5205: 600909.SH OK
[22:23:20] [5分钟] 第 1943/5205 只: 688981.SH
[22:23:20] [5分钟] 1943/5205: 688981.SH OK
[22:23:20] [5分钟] 第 1944/5205 只: 601238.SH
[22:23:20] [5分钟] 1944/5205: 601238.SH OK
[22:23:20] [5分钟] 第 1945/5205 只: 601118.SH
[22:23:20] [5分钟] 1945/5205: 601118.SH OK
[22:23:20] [5分钟] 第 1946/5205 只: 688710.SH
[22:23:20] [5分钟] 1946/5205: 688710.SH OK
[22:23:20] [5分钟] 第 1947/5205 只: 600798.SH
[22:23:20] [5分钟] 1947/5205: 600798.SH OK
[22:23:20] [5分钟] 第 1948/5205 只: 600383.SH
[22:23:20] [5分钟] 1948/5205: 600383.SH OK
[22:23:20] [5分钟] 第 1949/5205 只: 601577.SH
[22:23:20] [5分钟] 1949/5205: 601577.SH OK
[22:23:20] [5分钟] 第 1950/5205 只: 605336.SH
[22:23:20] [5分钟] 1950/5205: 605336.SH OK
[22:23:20] [5分钟 1950/5205] 成功1950，失败0，当前 605336.SH
[22:23:20] [5分钟] 第 1951/5205 只: 600770.SH
[22:23:20] [5分钟] 1951/5205: 600770.SH OK
[22:23:20] [5分钟] 第 1952/5205 只: 600704.SH
[22:23:20] [5分钟] 1952/5205: 600704.SH OK
[22:23:20] [5分钟] 第 1953/5205 只: 603939.SH
[22:23:20] [5分钟] 1953/5205: 603939.SH OK
[22:23:20] [5分钟] 第 1954/5205 只: 603093.SH
[22:23:20] [5分钟] 1954/5205: 603093.SH OK
[22:23:20] [5分钟] 第 1955/5205 只: 603488.SH
[22:23:20] [5分钟] 1955/5205: 603488.SH OK
[22:23:20] [5分钟] 第 1956/5205 只: 601958.SH
[22:23:20] [5分钟] 1956/5205: 601958.SH OK
[22:23:20] [5分钟] 第 1957/5205 只: 600269.SH
[22:23:20] [5分钟] 1957/5205: 600269.SH OK
[22:23:20] [5分钟] 第 1958/5205 只: 603191.SH
[22:23:20] [5分钟] 1958/5205: 603191.SH OK
[22:23:20] [5分钟] 第 1959/5205 只: 600606.SH
[22:23:20] [5分钟] 1959/5205: 600606.SH OK
[22:23:20] [5分钟] 第 1960/5205 只: 601086.SH
[22:23:20] [5分钟] 1960/5205: 601086.SH OK
[22:23:20] [5分钟] 第 1961/5205 只: 688295.SH
[22:23:20] [5分钟] 1961/5205: 688295.SH OK
[22:23:20] [5分钟] 第 1962/5205 只: 603516.SH
[22:23:20] [5分钟] 1962/5205: 603516.SH OK
[22:23:20] [5分钟] 第 1963/5205 只: 688612.SH
[22:23:20] [5分钟] 1963/5205: 688612.SH OK
[22:23:20] [5分钟] 第 1964/5205 只: 688209.SH
[22:23:20] [5分钟] 1964/5205: 688209.SH OK
[22:23:20] [5分钟] 第 1965/5205 只: 600281.SH
[22:23:20] [5分钟] 1965/5205: 600281.SH OK
[22:23:20] [5分钟] 第 1966/5205 只: 603179.SH
[22:23:20] [5分钟] 1966/5205: 603179.SH OK
[22:23:20] [5分钟] 第 1967/5205 只: 603395.SH
[22:23:20] [5分钟] 1967/5205: 603395.SH OK
[22:23:20] [5分钟] 第 1968/5205 只: 600019.SH
[22:23:20] [5分钟] 1968/5205: 600019.SH OK
[22:23:20] [5分钟] 第 1969/5205 只: 688091.SH
[22:23:20] [5分钟] 1969/5205: 688091.SH OK
[22:23:20] [5分钟] 第 1970/5205 只: 601699.SH
[22:23:20] [5分钟] 1970/5205: 601699.SH OK
[22:23:20] [5分钟] 第 1971/5205 只: 600476.SH
[22:23:20] [5分钟] 1971/5205: 600476.SH OK
[22:23:20] [5分钟] 第 1972/5205 只: 603766.SH
[22:23:20] [5分钟] 1972/5205: 603766.SH OK
[22:23:20] [5分钟] 第 1973/5205 只: 688079.SH
[22:23:20] [5分钟] 1973/5205: 688079.SH OK
[22:23:20] [5分钟] 第 1974/5205 只: 603309.SH
[22:23:20] [5分钟] 1974/5205: 603309.SH OK
[22:23:20] [5分钟] 第 1975/5205 只: 603712.SH
[22:23:20] [5分钟] 1975/5205: 603712.SH OK
[22:23:20] [5分钟] 第 1976/5205 只: 688416.SH
[22:23:20] [5分钟] 1976/5205: 688416.SH OK
[22:23:20] [5分钟] 第 1977/5205 只: 600085.SH
[22:23:20] [5分钟] 1977/5205: 600085.SH OK
[22:23:20] [5分钟] 第 1978/5205 只: 601368.SH
[22:23:20] [5分钟] 1978/5205: 601368.SH OK
[22:23:20] [5分钟] 第 1979/5205 只: 688560.SH
[22:23:20] [5分钟] 1979/5205: 688560.SH OK
[22:23:20] [5分钟] 第 1980/5205 只: 600859.SH
[22:23:20] [5分钟] 1980/5205: 600859.SH OK
[22:23:20] [5分钟] 第 1981/5205 只: 600187.SH
[22:23:20] [5分钟] 1981/5205: 600187.SH OK
[22:23:20] [5分钟] 第 1982/5205 只: 603610.SH
[22:23:20] [5分钟] 1982/5205: 603610.SH OK
[22:23:20] [5分钟] 第 1983/5205 只: 600500.SH
[22:23:20] [5分钟] 1983/5205: 600500.SH OK
[22:23:20] [5分钟] 第 1984/5205 只: 688588.SH
[22:23:20] [5分钟] 1984/5205: 688588.SH OK
[22:23:20] [5分钟] 第 1985/5205 只: 688193.SH
[22:23:20] [5分钟] 1985/5205: 688193.SH OK
[22:23:20] [5分钟] 第 1986/5205 只: 603297.SH
[22:23:20] [5分钟] 1986/5205: 603297.SH OK
[22:23:20] [5分钟] 第 1987/5205 只: 601279.SH
[22:23:20] [5分钟] 1987/5205: 601279.SH OK
[22:23:20] [5分钟] 第 1988/5205 只: 603701.SH
[22:23:20] [5分钟] 1988/5205: 603701.SH OK
[22:23:20] [5分钟] 第 1989/5205 只: 601616.SH
[22:23:20] [5分钟] 1989/5205: 601616.SH OK
[22:23:20] [5分钟] 第 1990/5205 只: 600096.SH
[22:23:20] [5分钟] 1990/5205: 600096.SH OK
[22:23:20] [5分钟] 第 1991/5205 只: 603386.SH
[22:23:20] [5分钟] 1991/5205: 603386.SH OK
[22:23:20] [5分钟] 第 1992/5205 只: 688499.SH
[22:23:20] [5分钟] 1992/5205: 688499.SH OK
[22:23:20] [5分钟] 第 1993/5205 只: 688082.SH
[22:23:20] [5分钟] 1993/5205: 688082.SH OK
[22:23:20] [5分钟] 第 1994/5205 只: 600513.SH
[22:23:20] [5分钟] 1994/5205: 600513.SH OK
[22:23:20] [5分钟] 第 1995/5205 只: 600108.SH
[22:23:20] [5分钟] 1995/5205: 600108.SH OK
[22:23:20] [5分钟] 第 1996/5205 只: 688180.SH
[22:23:20] [5分钟] 1996/5205: 688180.SH OK
[22:23:20] [5分钟] 第 1997/5205 只: 601788.SH
[22:23:20] [5分钟] 1997/5205: 601788.SH OK
[22:23:20] [5分钟] 第 1998/5205 只: 603284.SH
[22:23:20] [5分钟] 1998/5205: 603284.SH OK
[22:23:20] [5分钟] 第 1999/5205 只: 600567.SH
[22:23:20] [5分钟] 1999/5205: 600567.SH OK
[22:23:20] [5分钟] 第 2000/5205 只: 688168.SH
[22:23:20] [5分钟] 2000/5205: 688168.SH OK
[22:23:20] [5分钟 2000/5205] 成功2000，失败0，当前 688168.SH
[22:23:20] [5分钟] 第 2001/5205 只: 688573.SH
[22:23:20] [5分钟] 2001/5205: 688573.SH OK
[22:23:20] [5分钟] 第 2002/5205 只: 603677.SH
[22:23:20] [5分钟] 2002/5205: 603677.SH OK
[22:23:20] [5分钟] 第 2003/5205 只: 688507.SH
[22:23:20] [5分钟] 2003/5205: 688507.SH OK
[22:23:20] [5分钟] 第 2004/5205 只: 605155.SH
[22:23:20] [5分钟] 2004/5205: 605155.SH OK
[22:23:20] [5分钟] 第 2005/5205 只: 603218.SH
[22:23:20] [5分钟] 2005/5205: 603218.SH OK
[22:23:20] [5分钟] 第 2006/5205 只: 600378.SH
[22:23:20] [5分钟] 2006/5205: 600378.SH OK
[22:23:20] [5分钟] 第 2007/5205 只: 600763.SH
[22:23:20] [5分钟] 2007/5205: 600763.SH OK
[22:23:20] [5分钟] 第 2008/5205 只: 600717.SH
[22:23:20] [5分钟] 2008/5205: 600717.SH OK
[22:23:20] [5分钟] 第 2009/5205 只: 603080.SH
[22:23:20] [5分钟] 2009/5205: 603080.SH OK
[22:23:20] [5分钟] 第 2010/5205 只: 688318.SH
[22:23:20] [5分钟] 2010/5205: 688318.SH OK
[22:23:20] [5分钟] 第 2011/5205 只: 600390.SH
[22:23:20] [5分钟] 2011/5205: 600390.SH OK
[22:23:20] [5分钟] 第 2012/5205 只: 603407.SH
[22:23:20] [5分钟] 2012/5205: 603407.SH OK
[22:23:20] [5分钟] 第 2013/5205 只: 688777.SH
[22:23:20] [5分钟] 2013/5205: 688777.SH OK
[22:23:20] [5分钟] 第 2014/5205 只: 603068.SH
[22:23:20] [5分钟] 2014/5205: 603068.SH OK
[22:23:20] [5分钟] 第 2015/5205 只: 603505.SH
[22:23:20] [5分钟] 2015/5205: 603505.SH OK
[22:23:20] [5分钟] 第 2016/5205 只: 601009.SH
[22:23:20] [5分钟] 2016/5205: 601009.SH OK
[22:23:20] [5分钟] 第 2017/5205 只: 688601.SH
[22:23:20] [5分钟] 2017/5205: 688601.SH OK
[22:23:20] [5分钟] 第 2018/5205 只: 600689.SH
[22:23:20] [5分钟] 2018/5205: 600689.SH OK
[22:23:20] [5分钟] 第 2019/5205 只: 600292.SH
[22:23:20] [5分钟] 2019/5205: 600292.SH OK
[22:23:20] [5分钟] 第 2020/5205 只: 600661.SH
[22:23:20] [5分钟] 2020/5205: 600661.SH OK
[22:23:20] [5分钟] 第 2021/5205 只: 603182.SH
[22:23:20] [5分钟] 2021/5205: 603182.SH OK
[22:23:20] [5分钟] 第 2022/5205 只: 603599.SH
[22:23:20] [5分钟] 2022/5205: 603599.SH OK
[22:23:20] [5分钟] 第 2023/5205 只: 600615.SH
[22:23:20] [5分钟] 2023/5205: 600615.SH OK
[22:23:20] [5分钟] 第 2024/5205 只: 603828.SH
[22:23:20] [5分钟] 2024/5205: 603828.SH OK
[22:23:20] [5分钟] 第 2025/5205 只: 688286.SH
[22:23:20] [5分钟] 2025/5205: 688286.SH OK
[22:23:20] [5分钟] 第 2026/5205 只: 600750.SH
[22:23:20] [5分钟] 2026/5205: 600750.SH OK
[22:23:20] [5分钟] 第 2027/5205 只: 600724.SH
[22:23:20] [5分钟] 2027/5205: 600724.SH OK
[22:23:20] [5分钟] 第 2028/5205 只: 603919.SH
[22:23:20] [5分钟] 2028/5205: 603919.SH OK
[22:23:20] [5分钟] 第 2029/5205 只: 601138.SH
[22:23:20] [5分钟] 2029/5205: 601138.SH OK
[22:23:20] [5分钟] 第 2030/5205 只: 603985.SH
[22:23:20] [5分钟] 2030/5205: 603985.SH OK
[22:23:20] [5分钟] 第 2031/5205 只: 603536.SH
[22:23:20] [5分钟] 2031/5205: 603536.SH OK
[22:23:20] [5分钟] 第 2032/5205 只: 601990.SH
[22:23:20] [5分钟] 2032/5205: 601990.SH OK
[22:23:20] [5分钟] 第 2033/5205 只: 688229.SH
[22:23:20] [5分钟] 2033/5205: 688229.SH OK
[22:23:20] [5分钟] 第 2034/5205 只: 603887.SH
[22:23:20] [5分钟] 2034/5205: 603887.SH OK
[22:23:20] [5分钟] 第 2035/5205 只: 603159.SH
[22:23:20] [5分钟] 2035/5205: 603159.SH OK
[22:23:20] [5分钟] 第 2036/5205 只: 688646.SH
[22:23:20] [5分钟] 2036/5205: 688646.SH OK
[22:23:20] [5分钟] 第 2037/5205 只: 605288.SH
[22:23:20] [5分钟] 2037/5205: 605288.SH OK
[22:23:20] [5分钟] 第 2038/5205 只: 600249.SH
[22:23:20] [5分钟] 2038/5205: 600249.SH OK
[22:23:20] [5分钟] 第 2039/5205 只: 600626.SH
[22:23:20] [5分钟] 2039/5205: 600626.SH OK
[22:23:20] [5分钟] 第 2040/5205 只: 688059.SH
[22:23:20] [5分钟] 2040/5205: 688059.SH OK
[22:23:20] [5分钟] 第 2041/5205 只: 603329.SH
[22:23:20] [5分钟] 2041/5205: 603329.SH OK
[22:23:20] [5分钟] 第 2042/5205 只: 600993.SH
[22:23:20] [5分钟] 2042/5205: 600993.SH OK
[22:23:20] [5分钟] 第 2043/5205 只: 600039.SH
[22:23:20] [5分钟] 2043/5205: 600039.SH OK
[22:23:20] [5分钟] 第 2044/5205 只: 600422.SH
[22:23:20] [5分钟] 2044/5205: 600422.SH OK
[22:23:20] [5分钟] 第 2045/5205 只: 600456.SH
[22:23:20] [5分钟] 2045/5205: 600456.SH OK
[22:23:20] [5分钟] 第 2046/5205 只: 600520.SH
[22:23:20] [5分钟] 2046/5205: 600520.SH OK
[22:23:20] [5分钟] 第 2047/5205 只: 688819.SH
[22:23:20] [5分钟] 2047/5205: 688819.SH OK
[22:23:20] [5分钟] 第 2048/5205 只: 600879.SH
[22:23:20] [5分钟] 2048/5205: 600879.SH OK
[22:23:20] [5分钟] 第 2049/5205 只: 601727.SH
[22:23:20] [5分钟] 2049/5205: 601727.SH OK
[22:23:20] [5分钟] 第 2050/5205 只: 605166.SH
[22:23:20] [5分钟] 2050/5205: 605166.SH OK
[22:23:20] [5分钟 2050/5205] 成功2050，失败0，当前 605166.SH
[22:23:20] [5分钟] 第 2051/5205 只: 603630.SH
[22:23:20] [5分钟] 2051/5205: 603630.SH OK
[22:23:20] [5分钟] 第 2052/5205 只: 600980.SH
[22:23:20] [5分钟] 2052/5205: 600980.SH OK
[22:23:20] [5分钟] 第 2053/5205 只: 600968.SH
[22:23:20] [5分钟] 2053/5205: 600968.SH OK
[22:23:20] [5分钟] 第 2054/5205 只: 605003.SH
[22:23:20] [5分钟] 2054/5205: 605003.SH OK
[22:23:20] [5分钟] 第 2055/5205 只: 603755.SH
[22:23:20] [5分钟] 2055/5205: 603755.SH OK
[22:23:20] [5分钟] 第 2056/5205 只: 605077.SH
[22:23:20] [5分钟] 2056/5205: 605077.SH OK
[22:23:20] [5分钟] 第 2057/5205 只: 603721.SH
[22:23:20] [5分钟] 2057/5205: 603721.SH OK
[22:23:20] [5分钟] 第 2058/5205 只: 601636.SH
[22:23:20] [5分钟] 2058/5205: 601636.SH OK
[22:23:20] [5分钟] 第 2059/5205 只: 688425.SH
[22:23:20] [5分钟] 2059/5205: 688425.SH OK
[22:23:20] [5分钟] 第 2060/5205 只: 688553.SH
[22:23:20] [5分钟] 2060/5205: 688553.SH OK
[22:23:20] [5分钟] 第 2061/5205 只: 688148.SH
[22:23:20] [5分钟] 2061/5205: 688148.SH OK
[22:23:20] [5分钟] 第 2062/5205 只: 603657.SH
[22:23:20] [5分钟] 2062/5205: 603657.SH OK
[22:23:20] [5分钟] 第 2063/5205 只: 603238.SH
[22:23:20] [5分钟] 2063/5205: 603238.SH OK
[22:23:20] [5分钟] 第 2064/5205 只: 600128.SH
[22:23:20] [5分钟] 2064/5205: 600128.SH OK
[22:23:20] [5分钟] 第 2065/5205 只: 600533.SH
[22:23:20] [5分钟] 2065/5205: 600533.SH OK
[22:23:20] [5分钟] 第 2066/5205 只: 600882.SH
[22:23:20] [5分钟] 2066/5205: 600882.SH OK
[22:23:20] [5分钟] 第 2067/5205 只: 600547.SH
[22:23:20] [5分钟] 2067/5205: 600547.SH OK
[22:23:20] [5分钟] 第 2068/5205 只: 688338.SH
[22:23:20] [5分钟] 2068/5205: 688338.SH OK
[22:23:20] [5分钟] 第 2069/5205 只: 601881.SH
[22:23:20] [5分钟] 2069/5205: 601881.SH OK
[22:23:20] [5分钟] 第 2070/5205 只: 688757.SH
[22:23:20] [5分钟] 2070/5205: 688757.SH OK
[22:23:20] [5分钟] 第 2071/5205 只: 605305.SH
[22:23:20] [5分钟] 2071/5205: 605305.SH OK
[22:23:20] [5分钟] 第 2072/5205 只: 603048.SH
[22:23:20] [5分钟] 2072/5205: 603048.SH OK
[22:23:20] [5分钟] 第 2073/5205 只: 600743.SH
[22:23:20] [5分钟] 2073/5205: 600743.SH OK
[22:23:20] [5分钟] 第 2074/5205 只: 600358.SH
[22:23:20] [5分钟] 2074/5205: 600358.SH OK
[22:23:20] [5分钟] 第 2075/5205 只: 601869.SH
[22:23:20] [5分钟] 2075/5205: 601869.SH OK
[22:23:20] [5分钟] 第 2076/5205 只: 605399.SH
[22:23:20] [5分钟] 2076/5205: 605399.SH OK
[22:23:20] [5分钟] 第 2077/5205 只: 600737.SH
[22:23:20] [5分钟] 2077/5205: 600737.SH OK
[22:23:20] [5分钟] 第 2078/5205 只: 600641.SH
[22:23:20] [5分钟] 2078/5205: 600641.SH OK
[22:23:20] [5分钟] 第 2079/5205 只: 600635.SH
[22:23:20] [5分钟] 2079/5205: 600635.SH OK
[22:23:20] [5分钟] 第 2080/5205 只: 603808.SH
[22:23:20] [5分钟] 2080/5205: 603808.SH OK
[22:23:20] [5分钟] 第 2081/5205 只: 688621.SH
[22:23:20] [5分钟] 2081/5205: 688621.SH OK
[22:23:20] [5分钟] 第 2082/5205 只: 603551.SH
[22:23:20] [5分钟] 2082/5205: 603551.SH OK
[22:23:20] [5分钟] 第 2083/5205 只: 688655.SH
[22:23:20] [5分钟] 2083/5205: 688655.SH OK
[22:23:20] [5分钟] 第 2084/5205 只: 688575.SH
[22:23:20] [5分钟] 2084/5205: 688575.SH OK
[22:23:20] [5分钟] 第 2085/5205 只: 601766.SH
[22:23:20] [5分钟] 2085/5205: 601766.SH OK
[22:23:20] [5分钟] 第 2086/5205 只: 688501.SH
[22:23:20] [5分钟] 2086/5205: 688501.SH OK
[22:23:20] [5分钟] 第 2087/5205 只: 600192.SH
[22:23:20] [5分钟] 2087/5205: 600192.SH OK
[22:23:20] [5分钟] 第 2088/5205 只: 600589.SH
[22:23:20] [5分钟] 2088/5205: 600589.SH OK
[22:23:20] [5分钟] 第 2089/5205 只: 600838.SH
[22:23:20] [5分钟] 2089/5205: 600838.SH OK
[22:23:20] [5分钟] 第 2090/5205 只: 603605.SH
[22:23:20] [5分钟] 2090/5205: 603605.SH OK
[22:23:20] [5分钟] 第 2091/5205 只: 600515.SH
[22:23:20] [5分钟] 2091/5205: 600515.SH OK
[22:23:20] [5分钟] 第 2092/5205 只: 688186.SH
[22:23:20] [5分钟] 2092/5205: 688186.SH OK
[22:23:20] [5分钟] 第 2093/5205 只: 603699.SH
[22:23:20] [5分钟] 2093/5205: 603699.SH OK
[22:23:20] [5分钟] 第 2094/5205 只: 603282.SH
[22:23:20] [5分钟] 2094/5205: 603282.SH OK
[22:23:20] [5分钟] 第 2095/5205 只: 600561.SH
[22:23:20] [5分钟] 2095/5205: 600561.SH OK
[22:23:20] [5分钟] 第 2096/5205 只: 603380.SH
[22:23:20] [5分钟] 2096/5205: 603380.SH OK
[22:23:20] [5分钟] 第 2097/5205 只: 688084.SH
[22:23:20] [5分钟] 2097/5205: 688084.SH OK
[22:23:20] [5分钟] 第 2098/5205 只: 600463.SH
[22:23:20] [5分钟] 2098/5205: 600463.SH OK
[22:23:20] [5分钟] 第 2099/5205 只: 600078.SH
[22:23:20] [5分钟] 2099/5205: 600078.SH OK
[22:23:20] [5分钟] 第 2100/5205 只: 603368.SH
[22:23:20] [5分钟] 2100/5205: 603368.SH OK
[22:23:20] [5分钟 2100/5205] 成功2100，失败0，当前 603368.SH
[22:23:20] [5分钟] 第 2101/5205 只: 603773.SH
[22:23:20] [5分钟] 2101/5205: 603773.SH OK
[22:23:20] [5分钟] 第 2102/5205 只: 603707.SH
[22:23:20] [5分钟] 2102/5205: 603707.SH OK
[22:23:20] [5分钟] 第 2103/5205 只: 688018.SH
[22:23:20] [5分钟] 2103/5205: 688018.SH OK
[22:23:20] [5分钟] 第 2104/5205 只: 688403.SH
[22:23:20] [5分钟] 2104/5205: 688403.SH OK
[22:23:20] [5分钟] 第 2105/5205 只: 600667.SH
[22:23:20] [5分钟] 2105/5205: 600667.SH OK
[22:23:20] [5分钟] 第 2106/5205 只: 601939.SH
[22:23:20] [5分钟] 2106/5205: 601939.SH OK
[22:23:20] [5分钟] 第 2107/5205 只: 600208.SH
[22:23:20] [5分钟] 2107/5205: 600208.SH OK
[22:23:20] [5分钟] 第 2108/5205 只: 600613.SH
[22:23:20] [5分钟] 2108/5205: 600613.SH OK
[22:23:20] [5分钟] 第 2109/5205 只: 688280.SH
[22:23:20] [5分钟] 2109/5205: 688280.SH OK
[22:23:20] [5分钟] 第 2110/5205 只: 605255.SH
[22:23:20] [5分钟] 2110/5205: 605255.SH OK
[22:23:20] [5分钟] 第 2111/5205 只: 603118.SH
[22:23:20] [5分钟] 2111/5205: 603118.SH OK
[22:23:20] [5分钟] 第 2112/5205 只: 688607.SH
[22:23:20] [5分钟] 2112/5205: 688607.SH OK
[22:23:20] [5分钟] 第 2113/5205 只: 603577.SH
[22:23:20] [5分钟] 2113/5205: 603577.SH OK
[22:23:20] [5分钟] 第 2114/5205 只: 688268.SH
[22:23:20] [5分钟] 2114/5205: 688268.SH OK
[22:23:20] [5分钟] 第 2115/5205 只: 600396.SH
[22:23:20] [5分钟] 2115/5205: 600396.SH OK
[22:23:20] [5分钟] 第 2116/5205 只: 601179.SH
[22:23:20] [5分钟] 2116/5205: 601179.SH OK
[22:23:20] [5分钟] 第 2117/5205 只: 600765.SH
[22:23:20] [5分钟] 2117/5205: 600765.SH OK
[22:23:20] [5分钟] 第 2118/5205 只: 603958.SH
[22:23:20] [5分钟] 2118/5205: 603958.SH OK
[22:23:20] [5分钟] 第 2119/5205 只: 600711.SH
[22:23:20] [5分钟] 2119/5205: 600711.SH OK
[22:23:20] [5分钟] 第 2120/5205 只: 688382.SH
[22:23:20] [5分钟] 2120/5205: 688382.SH OK
[22:23:20] [5分钟] 第 2121/5205 只: 688799.SH
[22:23:20] [5分钟] 2121/5205: 688799.SH OK
[22:23:20] [5分钟] 第 2122/5205 只: 603086.SH
[22:23:20] [5分钟] 2122/5205: 603086.SH OK
[22:23:20] [5分钟] 第 2123/5205 只: 600287.SH
[22:23:20] [5分钟] 2123/5205: 600287.SH OK
[22:23:20] [5分钟] 第 2124/5205 只: 688660.SH
[22:23:20] [5分钟] 2124/5205: 688660.SH OK
[22:23:20] [5分钟] 第 2125/5205 只: 601068.SH
[22:23:20] [5分钟] 2125/5205: 601068.SH OK
[22:23:20] [5分钟] 第 2126/5205 只: 600674.SH
[22:23:20] [5分钟] 2126/5205: 600674.SH OK
[22:23:20] [5分钟] 第 2127/5205 只: 603197.SH
[22:23:20] [5分钟] 2127/5205: 603197.SH OK
[22:23:20] [5分钟] 第 2128/5205 只: 600600.SH
[22:23:20] [5分钟] 2128/5205: 600600.SH OK
[22:23:20] [5分钟] 第 2129/5205 只: 688293.SH
[22:23:20] [5分钟] 2129/5205: 688293.SH OK
[22:23:20] [5分钟] 第 2130/5205 只: 600776.SH
[22:23:20] [5分钟] 2130/5205: 600776.SH OK
[22:23:20] [5分钟] 第 2131/5205 只: 600319.SH
[22:23:20] [5分钟] 2131/5205: 600319.SH OK
[22:23:20] [5分钟] 第 2132/5205 只: 600702.SH
[22:23:20] [5分钟] 2132/5205: 600702.SH OK
[22:23:20] [5分钟] 第 2133/5205 只: 601599.SH
[22:23:20] [5分钟] 2133/5205: 601599.SH OK
[22:23:20] [5分钟] 第 2134/5205 只: 688391.SH
[22:23:20] [5分钟] 2134/5205: 688391.SH OK
[22:23:20] [5分钟] 第 2135/5205 只: 603095.SH
[22:23:20] [5分钟] 2135/5205: 603095.SH OK
[22:23:20] [5分钟] 第 2136/5205 只: 601828.SH
[22:23:20] [5分钟] 2136/5205: 601828.SH OK
[22:23:20] [5分钟] 第 2137/5205 只: 688716.SH
[22:23:20] [5分钟] 2137/5205: 688716.SH OK
[22:23:20] [5分钟] 第 2138/5205 只: 603009.SH
[22:23:20] [5分钟] 2138/5205: 603009.SH OK
[22:23:20] [5分钟] 第 2139/5205 只: 688379.SH
[22:23:20] [5分钟] 2139/5205: 688379.SH OK
[22:23:20] [5分钟] 第 2140/5205 只: 603466.SH
[22:23:20] [5分钟] 2140/5205: 603466.SH OK
[22:23:20] [5分钟] 第 2141/5205 只: 600506.SH
[22:23:20] [5分钟] 2141/5205: 600506.SH OK
[22:23:20] [5分钟] 第 2142/5205 只: 688195.SH
[22:23:20] [5分钟] 2142/5205: 688195.SH OK
[22:23:20] [5分钟] 第 2143/5205 只: 603291.SH
[22:23:20] [5分钟] 2143/5205: 603291.SH OK
[22:23:20] [5分钟] 第 2144/5205 只: 600572.SH
[22:23:20] [5分钟] 2144/5205: 600572.SH OK
[22:23:20] [5分钟] 第 2145/5205 只: 600169.SH
[22:23:20] [5分钟] 2145/5205: 600169.SH OK
[22:23:20] [5分钟] 第 2146/5205 只: 688566.SH
[22:23:20] [5分钟] 2146/5205: 688566.SH OK
[22:23:20] [5分钟] 第 2147/5205 只: 603279.SH
[22:23:20] [5分钟] 2147/5205: 603279.SH OK
[22:23:20] [5分钟] 第 2148/5205 只: 603662.SH
[22:23:20] [5分钟] 2148/5205: 603662.SH OK
[22:23:20] [5分钟] 第 2149/5205 只: 688109.SH
[22:23:20] [5分钟] 2149/5205: 688109.SH OK
[22:23:20] [5分钟] 第 2150/5205 只: 688512.SH
[22:23:20] [5分钟] 2150/5205: 688512.SH OK
[22:23:20] [5分钟 2150/5205] 成功2150，失败0，当前 688512.SH
[22:23:20] [5分钟] 第 2151/5205 只: 603616.SH
[22:23:20] [5分钟] 2151/5205: 603616.SH OK
[22:23:20] [5分钟] 第 2152/5205 只: 601677.SH
[22:23:20] [5分钟] 2152/5205: 601677.SH OK
[22:23:20] [5分钟] 第 2153/5205 只: 600929.SH
[22:23:20] [5分钟] 2153/5205: 600929.SH OK
[22:23:20] [5分钟] 第 2154/5205 只: 688410.SH
[22:23:20] [5分钟] 2154/5205: 688410.SH OK
[22:23:20] [5分钟] 第 2155/5205 只: 601218.SH
[22:23:20] [5分钟] 2155/5205: 601218.SH OK
[22:23:20] [5分钟] 第 2156/5205 只: 600498.SH
[22:23:20] [5分钟] 2156/5205: 600498.SH OK
[22:23:20] [5分钟] 第 2157/5205 只: 603788.SH
[22:23:20] [5分钟] 2157/5205: 603788.SH OK
[22:23:20] [5分钟] 第 2158/5205 只: 603393.SH
[22:23:20] [5分钟] 2158/5205: 603393.SH OK
[22:23:20] [5分钟] 第 2159/5205 只: 688097.SH
[22:23:20] [5分钟] 2159/5205: 688097.SH OK
[22:23:20] [5分钟] 第 2160/5205 只: 600470.SH
[22:23:20] [5分钟] 2160/5205: 600470.SH OK
[22:23:20] [5分钟] 第 2161/5205 只: 601901.SH
[22:23:20] [5分钟] 2161/5205: 601901.SH OK
[22:23:20] [5分钟] 第 2162/5205 只: 600230.SH
[22:23:20] [5分钟] 2162/5205: 600230.SH OK
[22:23:20] [5分钟] 第 2163/5205 只: 603816.SH
[22:23:20] [5分钟] 2163/5205: 603816.SH OK
[22:23:20] [5分钟] 第 2164/5205 只: 601975.SH
[22:23:20] [5分钟] 2164/5205: 601975.SH OK
[22:23:20] [5分钟] 第 2165/5205 只: 603120.SH
[22:23:20] [5分钟] 2165/5205: 603120.SH OK
[22:23:20] [5分钟] 第 2166/5205 只: 688352.SH
[22:23:20] [5分钟] 2166/5205: 688352.SH OK
[22:23:20] [5分钟] 第 2167/5205 只: 603988.SH
[22:23:20] [5分钟] 2167/5205: 603988.SH OK
[22:23:20] [5分钟] 第 2168/5205 只: 688326.SH
[22:23:20] [5分钟] 2168/5205: 688326.SH OK
[22:23:20] [5分钟] 第 2169/5205 只: 603022.SH
[22:23:20] [5分钟] 2169/5205: 603022.SH OK
[22:23:20] [5分钟] 第 2170/5205 只: 603439.SH
[22:23:20] [5分钟] 2170/5205: 603439.SH OK
[22:23:20] [5分钟] 第 2171/5205 只: 600729.SH
[22:23:20] [5分钟] 2171/5205: 600729.SH OK
[22:23:20] [5分钟] 第 2172/5205 只: 600332.SH
[22:23:20] [5分钟] 2172/5205: 600332.SH OK
[22:23:20] [5分钟] 第 2173/5205 只: 600346.SH
[22:23:20] [5分钟] 2173/5205: 600346.SH OK
[22:23:20] [5分钟] 第 2174/5205 只: 603960.SH
[22:23:20] [5分钟] 2174/5205: 603960.SH OK
[22:23:20] [5分钟] 第 2175/5205 只: 601877.SH
[22:23:20] [5分钟] 2175/5205: 601877.SH OK
[22:23:20] [5分钟] 第 2176/5205 只: 688539.SH
[22:23:20] [5分钟] 2176/5205: 688539.SH OK
[22:23:20] [5分钟] 第 2177/5205 只: 688122.SH
[22:23:20] [5分钟] 2177/5205: 688122.SH OK
[22:23:20] [5分钟] 第 2178/5205 只: 600800.SH
[22:23:20] [5分钟] 2178/5205: 600800.SH OK
[22:23:20] [5分钟] 第 2179/5205 只: 603226.SH
[22:23:20] [5分钟] 2179/5205: 603226.SH OK
[22:23:20] [5分钟] 第 2180/5205 只: 688156.SH
[22:23:20] [5分钟] 2180/5205: 688156.SH OK
[22:23:20] [5分钟] 第 2181/5205 只: 600874.SH
[22:23:20] [5分钟] 2181/5205: 600874.SH OK
[22:23:20] [5分钟] 第 2182/5205 只: 600559.SH
[22:23:20] [5分钟] 2182/5205: 600559.SH OK
[22:23:20] [5分钟] 第 2183/5205 只: 605183.SH
[22:23:20] [5分钟] 2183/5205: 605183.SH OK
[22:23:20] [5分钟] 第 2184/5205 只: 605598.SH
[22:23:20] [5分钟] 2184/5205: 605598.SH OK
[22:23:20] [5分钟] 第 2185/5205 只: 600136.SH
[22:23:20] [5分钟] 2185/5205: 600136.SH OK
[22:23:20] [5分钟] 第 2186/5205 只: 605069.SH
[22:23:20] [5分钟] 2186/5205: 605069.SH OK
[22:23:20] [5分钟] 第 2187/5205 只: 603324.SH
[22:23:20] [5分钟] 2187/5205: 603324.SH OK
[22:23:20] [5分钟] 第 2188/5205 只: 601233.SH
[22:23:20] [5分钟] 2188/5205: 601233.SH OK
[22:23:20] [5分钟] 第 2189/5205 只: 688020.SH
[22:23:20] [5分钟] 2189/5205: 688020.SH OK
[22:23:20] [5分钟] 第 2190/5205 只: 601628.SH
[22:23:20] [5分钟] 2190/5205: 601628.SH OK
[22:23:20] [5分钟] 第 2191/5205 只: 600976.SH
[22:23:20] [5分钟] 2191/5205: 600976.SH OK
[22:23:20] [5分钟] 第 2192/5205 只: 603350.SH
[22:23:20] [5分钟] 2192/5205: 603350.SH OK
[22:23:20] [5分钟] 第 2193/5205 只: 600151.SH
[22:23:20] [5分钟] 2193/5205: 600151.SH OK
[22:23:20] [5分钟] 第 2194/5205 只: 600125.SH
[22:23:20] [5分钟] 2194/5205: 600125.SH OK
[22:23:20] [5分钟] 第 2195/5205 只: 688807.SH
[22:23:20] [5分钟] 2195/5205: 688807.SH OK
[22:23:20] [5分钟] 第 2196/5205 只: 688131.SH
[22:23:20] [5分钟] 2196/5205: 688131.SH OK
[22:23:20] [5分钟] 第 2197/5205 只: 605178.SH
[22:23:20] [5分钟] 2197/5205: 605178.SH OK
[22:23:20] [5分钟] 第 2198/5205 只: 603235.SH
[22:23:20] [5分钟] 2198/5205: 603235.SH OK
[22:23:20] [5分钟] 第 2199/5205 只: 600867.SH
[22:23:20] [5分钟] 2199/5205: 600867.SH OK
[22:23:20] [5分钟] 第 2200/5205 只: 603337.SH
[22:23:20] [5分钟] 2200/5205: 603337.SH OK
[22:23:20] [5分钟 2200/5205] 成功2200，失败0，当前 603337.SH
[22:23:20] [5分钟] 第 2201/5205 只: 688428.SH
[22:23:20] [5分钟] 2201/5205: 688428.SH OK
[22:23:20] [5分钟] 第 2202/5205 只: 688033.SH
[22:23:20] [5分钟] 2202/5205: 688033.SH OK
[22:23:20] [5分钟] 第 2203/5205 只: 600965.SH
[22:23:20] [5分钟] 2203/5205: 600965.SH OK
[22:23:20] [5分钟] 第 2204/5205 只: 603758.SH
[22:23:20] [5分钟] 2204/5205: 603758.SH OK
[22:23:20] [5分钟] 第 2205/5205 只: 688047.SH
[22:23:20] [5分钟] 2205/5205: 688047.SH OK
[22:23:20] [5分钟] 第 2206/5205 只: 600053.SH
[22:23:20] [5分钟] 2206/5205: 600053.SH OK
[22:23:20] [5分钟] 第 2207/5205 只: 600448.SH
[22:23:20] [5分钟] 2207/5205: 600448.SH OK
[22:23:20] [5分钟] 第 2208/5205 只: 600027.SH
[22:23:20] [5分钟] 2208/5205: 600027.SH OK
[22:23:20] [5分钟] 第 2209/5205 只: 688658.SH
[22:23:20] [5分钟] 2209/5205: 688658.SH OK
[22:23:20] [5分钟] 第 2210/5205 只: 603528.SH
[22:23:20] [5分钟] 2210/5205: 603528.SH OK
[22:23:20] [5分钟] 第 2211/5205 只: 603899.SH
[22:23:20] [5分钟] 2211/5205: 603899.SH OK
[22:23:20] [5分钟] 第 2212/5205 只: 688237.SH
[22:23:20] [5分钟] 2212/5205: 688237.SH OK
[22:23:20] [5分钟] 第 2213/5205 只: 600638.SH
[22:23:20] [5分钟] 2213/5205: 600638.SH OK
[22:23:20] [5分钟] 第 2214/5205 只: 600223.SH
[22:23:20] [5分钟] 2214/5205: 600223.SH OK
[22:23:20] [5分钟] 第 2215/5205 只: 601966.SH
[22:23:20] [5分钟] 2215/5205: 601966.SH OK
[22:23:20] [5分钟] 第 2216/5205 只: 605296.SH
[22:23:20] [5分钟] 2216/5205: 605296.SH OK
[22:23:20] [5分钟] 第 2217/5205 只: 600257.SH
[22:23:20] [5分钟] 2217/5205: 600257.SH OK
[22:23:20] [5分钟] 第 2218/5205 只: 603871.SH
[22:23:20] [5分钟] 2218/5205: 603871.SH OK
[22:23:20] [5分钟] 第 2219/5205 只: 603045.SH
[22:23:20] [5分钟] 2219/5205: 603045.SH OK
[22:23:20] [5分钟] 第 2220/5205 只: 601126.SH
[22:23:20] [5分钟] 2220/5205: 601126.SH OK
[22:23:20] [5分钟] 第 2221/5205 只: 688335.SH
[22:23:20] [5分钟] 2221/5205: 688335.SH OK
[22:23:20] [5分钟] 第 2222/5205 只: 603031.SH
[22:23:20] [5分钟] 2222/5205: 603031.SH OK
[22:23:20] [5分钟] 第 2223/5205 只: 603311.SH
[22:23:20] [5分钟] 2223/5205: 603311.SH OK
[22:23:20] [5分钟] 第 2224/5205 只: 688015.SH
[22:23:20] [5分钟] 2224/5205: 688015.SH OK
[22:23:20] [5分钟] 第 2225/5205 只: 600486.SH
[22:23:20] [5分钟] 2225/5205: 600486.SH OK
[22:23:20] [5分钟] 第 2226/5205 只: 605028.SH
[22:23:20] [5分钟] 2226/5205: 605028.SH OK
[22:23:20] [5分钟] 第 2227/5205 只: 603365.SH
[22:23:20] [5分钟] 2227/5205: 603365.SH OK
[22:23:20] [5分钟] 第 2228/5205 只: 601669.SH
[22:23:20] [5分钟] 2228/5205: 601669.SH OK
[22:23:20] [5分钟] 第 2229/5205 只: 688061.SH
[22:23:20] [5分钟] 2229/5205: 688061.SH OK
[22:23:20] [5分钟] 第 2230/5205 只: 600075.SH
[22:23:20] [5分钟] 2230/5205: 600075.SH OK
[22:23:20] [5分钟] 第 2231/5205 只: 688089.SH
[22:23:20] [5分钟] 2231/5205: 688089.SH OK
[22:23:20] [5分钟] 第 2232/5205 只: 600177.SH
[22:23:20] [5分钟] 2232/5205: 600177.SH OK
[22:23:20] [5分钟] 第 2233/5205 只: 600518.SH
[22:23:20] [5分钟] 2233/5205: 600518.SH OK
[22:23:20] [5分钟] 第 2234/5205 只: 600103.SH
[22:23:20] [5分钟] 2234/5205: 600103.SH OK
[22:23:20] [5分钟] 第 2235/5205 只: 688590.SH
[22:23:20] [5分钟] 2235/5205: 688590.SH OK
[22:23:20] [5分钟] 第 2236/5205 只: 601398.SH
[22:23:20] [5分钟] 2236/5205: 601398.SH OK
[22:23:20] [5分钟] 第 2237/5205 只: 688117.SH
[22:23:20] [5分钟] 2237/5205: 688117.SH OK
[22:23:20] [5分钟] 第 2238/5205 只: 600584.SH
[22:23:20] [5分钟] 2238/5205: 600584.SH OK
[22:23:20] [5分钟] 第 2239/5205 只: 600835.SH
[22:23:20] [5分钟] 2239/5205: 600835.SH OK
[22:23:20] [5分钟] 第 2240/5205 只: 603213.SH
[22:23:20] [5分钟] 2240/5205: 603213.SH OK
[22:23:20] [5分钟] 第 2241/5205 只: 603608.SH
[22:23:20] [5分钟] 2241/5205: 603608.SH OK
[22:23:20] [5分钟] 第 2242/5205 只: 688163.SH
[22:23:20] [5分钟] 2242/5205: 688163.SH OK
[22:23:20] [5分钟] 第 2243/5205 只: 688578.SH
[22:23:20] [5分钟] 2243/5205: 688578.SH OK
[22:23:20] [5分钟] 第 2244/5205 只: 600841.SH
[22:23:20] [5分钟] 2244/5205: 600841.SH OK
[22:23:20] [5分钟] 第 2245/5205 只: 603267.SH
[22:23:20] [5分钟] 2245/5205: 603267.SH OK
[22:23:20] [5分钟] 第 2246/5205 只: 600307.SH
[22:23:20] [5分钟] 2246/5205: 600307.SH OK
[22:23:20] [5分钟] 第 2247/5205 只: 600373.SH
[22:23:20] [5分钟] 2247/5205: 600373.SH OK
[22:23:20] [5分钟] 第 2248/5205 只: 600768.SH
[22:23:20] [5分钟] 2248/5205: 600768.SH OK
[22:23:20] [5分钟] 第 2249/5205 只: 603955.SH
[22:23:20] [5分钟] 2249/5205: 603955.SH OK
[22:23:20] [5分钟] 第 2250/5205 只: 688367.SH
[22:23:20] [5分钟] 2250/5205: 688367.SH OK
[22:23:20] [5分钟 2250/5205] 成功2250，失败0，当前 688367.SH
[22:23:20] [5分钟] 第 2251/5205 只: 603063.SH
[22:23:20] [5分钟] 2251/5205: 603063.SH OK
[22:23:20] [5分钟] 第 2252/5205 只: 601100.SH
[22:23:20] [5分钟] 2252/5205: 601100.SH OK
[22:23:20] [5分钟] 第 2253/5205 只: 688708.SH
[22:23:20] [5分钟] 2253/5205: 688708.SH OK
[22:23:20] [5分钟] 第 2254/5205 只: 688313.SH
[22:23:20] [5分钟] 2254/5205: 688313.SH OK
[22:23:20] [5分钟] 第 2255/5205 只: 600780.SH
[22:23:20] [5分钟] 2255/5205: 600780.SH OK
[22:23:20] [5分钟] 第 2256/5205 只: 603017.SH
[22:23:20] [5分钟] 2256/5205: 603017.SH OK
[22:23:20] [5分钟] 第 2257/5205 只: 603161.SH
[22:23:20] [5分钟] 2257/5205: 603161.SH OK
[22:23:20] [5分钟] 第 2258/5205 只: 688265.SH
[22:23:20] [5分钟] 2258/5205: 688265.SH OK
[22:23:20] [5分钟] 第 2259/5205 只: 605258.SH
[22:23:20] [5分钟] 2259/5205: 605258.SH OK
[22:23:20] [5分钟] 第 2260/5205 只: 603115.SH
[22:23:20] [5分钟] 2260/5205: 603115.SH OK
[22:23:20] [5分钟] 第 2261/5205 只: 601002.SH
[22:23:20] [5分钟] 2261/5205: 601002.SH OK
[22:23:20] [5分钟] 第 2262/5205 只: 688211.SH
[22:23:20] [5分钟] 2262/5205: 688211.SH OK
[22:23:20] [5分钟] 第 2263/5205 只: 600682.SH
[22:23:20] [5分钟] 2263/5205: 600682.SH OK
[22:23:20] [5分钟] 第 2264/5205 只: 600299.SH
[22:23:20] [5分钟] 2264/5205: 600299.SH OK
[22:23:20] [5分钟] 第 2265/5205 只: 603189.SH
[22:23:20] [5分钟] 2265/5205: 603189.SH OK
[22:23:20] [5分钟] 第 2266/5205 只: 603823.SH
[22:23:20] [5分钟] 2266/5205: 603823.SH OK
[22:23:20] [5分钟] 第 2267/5205 只: 688696.SH
[22:23:20] [5分钟] 2267/5205: 688696.SH OK
[22:23:20] [5分钟] 第 2268/5205 只: 600271.SH
[22:23:20] [5分钟] 2268/5205: 600271.SH OK
[22:23:20] [5分钟] 第 2269/5205 只: 603070.SH
[22:23:20] [5分钟] 2269/5205: 603070.SH OK
[22:23:20] [5分钟] 第 2270/5205 只: 601113.SH
[22:23:20] [5分钟] 2270/5205: 601113.SH OK
[22:23:20] [5分钟] 第 2271/5205 只: 688300.SH
[22:23:20] [5分钟] 2271/5205: 688300.SH OK
[22:23:20] [5分钟] 第 2272/5205 只: 600793.SH
[22:23:20] [5分钟] 2272/5205: 600793.SH OK
[22:23:20] [5分钟] 第 2273/5205 只: 600388.SH
[22:23:20] [5分钟] 2273/5205: 600388.SH OK
[22:23:20] [5分钟] 第 2274/5205 只: 603004.SH
[22:23:20] [5分钟] 2274/5205: 603004.SH OK
[22:23:20] [5分钟] 第 2275/5205 只: 688787.SH
[22:23:20] [5分钟] 2275/5205: 688787.SH OK
[22:23:20] [5分钟] 第 2276/5205 只: 603098.SH
[22:23:20] [5分钟] 2276/5205: 603098.SH OK
[22:23:20] [5分钟] 第 2277/5205 只: 601825.SH
[22:23:20] [5分钟] 2277/5205: 601825.SH OK
[22:23:20] [5分钟] 第 2278/5205 只: 600360.SH
[22:23:20] [5分钟] 2278/5205: 600360.SH OK
[22:23:20] [5分钟] 第 2279/5205 只: 600216.SH
[22:23:20] [5分钟] 2279/5205: 600216.SH OK
[22:23:20] [5分钟] 第 2280/5205 只: 688685.SH
[22:23:20] [5分钟] 2280/5205: 688685.SH OK
[22:23:20] [5分钟] 第 2281/5205 只: 600262.SH
[22:23:20] [5分钟] 2281/5205: 600262.SH OK
[22:23:20] [5分钟] 第 2282/5205 只: 600679.SH
[22:23:20] [5分钟] 2282/5205: 600679.SH OK
[22:23:20] [5分钟] 第 2283/5205 只: 603569.SH
[22:23:20] [5分钟] 2283/5205: 603569.SH OK
[22:23:20] [5分钟] 第 2284/5205 只: 603172.SH
[22:23:20] [5分钟] 2284/5205: 603172.SH OK
[22:23:20] [5分钟] 第 2285/5205 只: 688276.SH
[22:23:20] [5分钟] 2285/5205: 688276.SH OK
[22:23:20] [5分钟] 第 2286/5205 只: 601065.SH
[22:23:20] [5分钟] 2286/5205: 601065.SH OK
[22:23:20] [5分钟] 第 2287/5205 只: 603106.SH
[22:23:20] [5分钟] 2287/5205: 603106.SH OK
[22:23:20] [5分钟] 第 2288/5205 只: 601011.SH
[22:23:20] [5分钟] 2288/5205: 601011.SH OK
[22:23:20] [5分钟] 第 2289/5205 只: 688619.SH
[22:23:20] [5分钟] 2289/5205: 688619.SH OK
[22:23:20] [5分钟] 第 2290/5205 只: 688202.SH
[22:23:20] [5分钟] 2290/5205: 688202.SH OK
[22:23:20] [5分钟] 第 2291/5205 只: 600691.SH
[22:23:20] [5分钟] 2291/5205: 600691.SH OK
[22:23:20] [5分钟] 第 2292/5205 只: 600066.SH
[22:23:20] [5分钟] 2292/5205: 600066.SH OK
[22:23:20] [5分钟] 第 2293/5205 只: 600409.SH
[22:23:20] [5分钟] 2293/5205: 600409.SH OK
[22:23:20] [5分钟] 第 2294/5205 只: 600012.SH
[22:23:20] [5分钟] 2294/5205: 600012.SH OK
[22:23:20] [5分钟] 第 2295/5205 只: 603719.SH
[22:23:20] [5分钟] 2295/5205: 603719.SH OK
[22:23:20] [5分钟] 第 2296/5205 只: 688006.SH
[22:23:20] [5分钟] 2296/5205: 688006.SH OK
[22:23:20] [5分钟] 第 2297/5205 只: 600495.SH
[22:23:20] [5分钟] 2297/5205: 600495.SH OK
[22:23:20] [5分钟] 第 2298/5205 只: 603376.SH
[22:23:20] [5分钟] 2298/5205: 603376.SH OK
[22:23:20] [5分钟] 第 2299/5205 只: 688072.SH
[22:23:20] [5分钟] 2299/5205: 688072.SH OK
[22:23:20] [5分钟] 第 2300/5205 只: 688469.SH
[22:23:20] [5分钟] 2300/5205: 688469.SH OK
[22:23:20] [5分钟 2300/5205] 成功2300，失败0，当前 688469.SH
[22:23:20] [5分钟] 第 2301/5205 只: 600597.SH
[22:23:20] [5分钟] 2301/5205: 600597.SH OK
[22:23:20] [5分钟] 第 2302/5205 只: 600826.SH
[22:23:20] [5分钟] 2302/5205: 600826.SH OK
[22:23:20] [5分钟] 第 2303/5205 只: 603200.SH
[22:23:20] [5分钟] 2303/5205: 603200.SH OK
[22:23:20] [5分钟] 第 2304/5205 只: 601778.SH
[22:23:20] [5分钟] 2304/5205: 601778.SH OK
[22:23:20] [5分钟] 第 2305/5205 只: 688170.SH
[22:23:20] [5分钟] 2305/5205: 688170.SH OK
[22:23:20] [5分钟] 第 2306/5205 只: 600110.SH
[22:23:20] [5分钟] 2306/5205: 600110.SH OK
[22:23:20] [5分钟] 第 2307/5205 只: 688583.SH
[22:23:20] [5分钟] 2307/5205: 688583.SH OK
[22:23:20] [5分钟] 第 2308/5205 只: 688198.SH
[22:23:20] [5分钟] 2308/5205: 688198.SH OK
[22:23:20] [5分钟] 第 2309/5205 只: 603687.SH
[22:23:20] [5分钟] 2309/5205: 603687.SH OK
[22:23:20] [5分钟] 第 2310/5205 只: 002107.SZ
[22:23:20] [5分钟] 2310/5205: 002107.SZ OK
[22:23:20] [5分钟] 第 2311/5205 只: 000010.SZ
[22:23:20] [5分钟] 2311/5205: 000010.SZ OK
[22:23:20] [5分钟] 第 2312/5205 只: 002568.SZ
[22:23:20] [5分钟] 2312/5205: 002568.SZ OK
[22:23:20] [5分钟] 第 2313/5205 只: 002173.SZ
[22:23:20] [5分钟] 2313/5205: 002173.SZ OK
[22:23:20] [5分钟] 第 2314/5205 只: 000952.SZ
[22:23:20] [5分钟] 2314/5205: 000952.SZ OK
[22:23:20] [5分钟] 第 2315/5205 只: 301558.SZ
[22:23:20] [5分钟] 2315/5205: 301558.SZ OK
[22:23:20] [5分钟] 第 2316/5205 只: 002845.SZ
[22:23:20] [5分钟] 2316/5205: 002845.SZ OK
[22:23:20] [5分钟] 第 2317/5205 只: 000926.SZ
[22:23:20] [5分钟] 2317/5205: 000926.SZ OK
[22:23:20] [5分钟] 第 2318/5205 只: 002580.SZ
[22:23:20] [5分钟] 2318/5205: 002580.SZ OK
[22:23:20] [5分钟] 第 2319/5205 只: 002831.SZ
[22:23:20] [5分钟] 2319/5205: 002831.SZ OK
[22:23:20] [5分钟] 第 2320/5205 只: 301137.SZ
[22:23:20] [5分钟] 2320/5205: 301137.SZ OK
[22:23:20] [5分钟] 第 2321/5205 只: 001217.SZ
[22:23:20] [5分钟] 2321/5205: 001217.SZ OK
[22:23:20] [5分钟] 第 2322/5205 只: 002947.SZ
[22:23:20] [5分钟] 2322/5205: 002947.SZ OK
[22:23:20] [5分钟] 第 2323/5205 只: 301041.SZ
[22:23:20] [5分钟] 2323/5205: 301041.SZ OK
[22:23:20] [5分钟] 第 2324/5205 只: 000850.SZ
[22:23:20] [5分钟] 2324/5205: 000850.SZ OK
[22:23:20] [5分钟] 第 2325/5205 只: 301035.SZ
[22:23:20] [5分钟] 2325/5205: 301035.SZ OK
[22:23:20] [5分钟] 第 2326/5205 只: 002933.SZ
[22:23:20] [5分钟] 2326/5205: 002933.SZ OK
[22:23:20] [5分钟] 第 2327/5205 只: 000595.SZ
[22:23:20] [5分钟] 2327/5205: 000595.SZ OK
[22:23:20] [5分钟] 第 2328/5205 只: 002099.SZ
[22:23:20] [5分钟] 2328/5205: 002099.SZ OK
[22:23:20] [5分钟] 第 2329/5205 只: 002482.SZ
[22:23:20] [5分钟] 2329/5205: 002482.SZ OK
[22:23:20] [5分钟] 第 2330/5205 只: 300629.SZ
[22:23:20] [5分钟] 2330/5205: 300629.SZ OK
[22:23:20] [5分钟] 第 2331/5205 只: 001389.SZ
[22:23:20] [5分钟] 2331/5205: 001389.SZ OK
[22:23:20] [5分钟] 第 2332/5205 只: 300232.SZ
[22:23:20] [5分钟] 2332/5205: 300232.SZ OK
[22:23:20] [5分钟] 第 2333/5205 只: 000509.SZ
[22:23:20] [5分钟] 2333/5205: 000509.SZ OK
[22:23:20] [5分钟] 第 2334/5205 只: 002005.SZ
[22:23:20] [5分钟] 2334/5205: 002005.SZ OK
[22:23:20] [5分钟] 第 2335/5205 只: 300246.SZ
[22:23:20] [5分钟] 2335/5205: 300246.SZ OK
[22:23:20] [5分钟] 第 2336/5205 只: 000166.SZ
[22:23:20] [5分钟] 2336/5205: 000166.SZ OK
[22:23:20] [5分钟] 第 2337/5205 只: 301231.SZ
[22:23:20] [5分钟] 2337/5205: 301231.SZ OK
[22:23:20] [5分钟] 第 2338/5205 只: 000791.SZ
[22:23:20] [5分钟] 2338/5205: 000791.SZ OK
[22:23:20] [5分钟] 第 2339/5205 只: 300900.SZ
[22:23:20] [5分钟] 2339/5205: 300900.SZ OK
[22:23:20] [5分钟] 第 2340/5205 只: 003006.SZ
[22:23:20] [5分钟] 2340/5205: 003006.SZ OK
[22:23:20] [5分钟] 第 2341/5205 只: 002686.SZ
[22:23:20] [5分钟] 2341/5205: 002686.SZ OK
[22:23:20] [5分钟] 第 2342/5205 只: 300042.SZ
[22:23:20] [5分钟] 2342/5205: 300042.SZ OK
[22:23:20] [5分钟] 第 2343/5205 只: 300459.SZ
[22:23:20] [5分钟] 2343/5205: 300459.SZ OK
[22:23:20] [5分钟] 第 2344/5205 只: 000779.SZ
[22:23:20] [5分钟] 2344/5205: 000779.SZ OK
[22:23:20] [5分钟] 第 2345/5205 只: 002275.SZ
[22:23:20] [5分钟] 2345/5205: 002275.SZ OK
[22:23:20] [5分钟] 第 2346/5205 只: 300036.SZ
[22:23:20] [5分钟] 2346/5205: 300036.SZ OK
[22:23:20] [5分钟] 第 2347/5205 只: 002201.SZ
[22:23:20] [5分钟] 2347/5205: 002201.SZ OK
[22:23:20] [5分钟] 第 2348/5205 只: 002377.SZ
[22:23:20] [5分钟] 2348/5205: 002377.SZ OK
[22:23:20] [5分钟] 第 2349/5205 只: 300140.SZ
[22:23:20] [5分钟] 2349/5205: 300140.SZ OK
[22:23:20] [5分钟] 第 2350/5205 只: 002303.SZ
[22:23:20] [5分钟] 2350/5205: 002303.SZ OK
[22:23:20] [5分钟 2350/5205] 成功2350，失败0，当前 002303.SZ
[22:23:20] [5分钟] 第 2351/5205 只: 002718.SZ
[22:23:20] [5分钟] 2351/5205: 002718.SZ OK
[22:23:20] [5分钟] 第 2352/5205 只: 300134.SZ
[22:23:20] [5分钟] 2352/5205: 300134.SZ OK
[22:23:20] [5分钟] 第 2353/5205 只: 300802.SZ
[22:23:20] [5分钟] 2353/5205: 300802.SZ OK
[22:23:20] [5分钟] 第 2354/5205 只: 301333.SZ
[22:23:20] [5分钟] 2354/5205: 301333.SZ OK
[22:23:20] [5分钟] 第 2355/5205 只: 300876.SZ
[22:23:20] [5分钟] 2355/5205: 300876.SZ OK
[22:23:20] [5分钟] 第 2356/5205 只: 300051.SZ
[22:23:20] [5分钟] 2356/5205: 300051.SZ OK
[22:23:20] [5分钟] 第 2357/5205 只: 002266.SZ
[22:23:20] [5分钟] 2357/5205: 002266.SZ OK
[22:23:20] [5分钟] 第 2358/5205 只: 300025.SZ
[22:23:20] [5分钟] 2358/5205: 300025.SZ OK
[22:23:20] [5分钟] 第 2359/5205 只: 002212.SZ
[22:23:20] [5分钟] 2359/5205: 002212.SZ OK
[22:23:20] [5分钟] 第 2360/5205 只: 002609.SZ
[22:23:20] [5分钟] 2360/5205: 002609.SZ OK
[22:23:20] [5分钟] 第 2361/5205 只: 302132.SZ
[22:23:20] [5分钟] 2361/5205: 302132.SZ OK
[22:23:20] [5分钟] 第 2362/5205 只: 301222.SZ
[22:23:20] [5分钟] 2362/5205: 301222.SZ OK
[22:23:20] [5分钟] 第 2363/5205 只: 000782.SZ
[22:23:20] [5分钟] 2363/5205: 000782.SZ OK
[22:23:20] [5分钟] 第 2364/5205 只: 300913.SZ
[22:23:20] [5分钟] 2364/5205: 300913.SZ OK
[22:23:20] [5分钟] 第 2365/5205 只: 003015.SZ
[22:23:20] [5分钟] 2365/5205: 003015.SZ OK
[22:23:20] [5分钟] 第 2366/5205 只: 002695.SZ
[22:23:20] [5分钟] 2366/5205: 002695.SZ OK
[22:23:20] [5分钟] 第 2367/5205 只: 301256.SZ
[22:23:20] [5分钟] 2367/5205: 301256.SZ OK
[22:23:20] [5分钟] 第 2368/5205 只: 300967.SZ
[22:23:20] [5分钟] 2368/5205: 300967.SZ OK
[22:23:20] [5分钟] 第 2369/5205 只: 300811.SZ
[22:23:20] [5分钟] 2369/5205: 300811.SZ OK
[22:23:20] [5分钟] 第 2370/5205 只: 002797.SZ
[22:23:20] [5分钟] 2370/5205: 002797.SZ OK
[22:23:20] [5分钟] 第 2371/5205 只: 301320.SZ
[22:23:20] [5分钟] 2371/5205: 301320.SZ OK
[22:23:20] [5分钟] 第 2372/5205 只: 000680.SZ
[22:23:20] [5分钟] 2372/5205: 000680.SZ OK
[22:23:20] [5分钟] 第 2373/5205 只: 300865.SZ
[22:23:20] [5分钟] 2373/5205: 300865.SZ OK
[22:23:20] [5分钟] 第 2374/5205 只: 002364.SZ
[22:23:20] [5分钟] 2374/5205: 002364.SZ OK
[22:23:20] [5分钟] 第 2375/5205 只: 300153.SZ
[22:23:20] [5分钟] 2375/5205: 300153.SZ OK
[22:23:20] [5分钟] 第 2376/5205 只: 300548.SZ
[22:23:20] [5分钟] 2376/5205: 300548.SZ OK
[22:23:20] [5分钟] 第 2377/5205 只: 000668.SZ
[22:23:20] [5分钟] 2377/5205: 000668.SZ OK
[22:23:20] [5分钟] 第 2378/5205 只: 002310.SZ
[22:23:20] [5分钟] 2378/5205: 002310.SZ OK
[22:23:20] [5分钟] 第 2379/5205 只: 300127.SZ
[22:23:20] [5分钟] 2379/5205: 300127.SZ OK
[22:23:20] [5分钟] 第 2380/5205 只: 301150.SZ
[22:23:20] [5分钟] 2380/5205: 301150.SZ OK
[22:23:20] [5分钟] 第 2381/5205 只: 002856.SZ
[22:23:20] [5分钟] 2381/5205: 002856.SZ OK
[22:23:20] [5分钟] 第 2382/5205 只: 001270.SZ
[22:23:20] [5分钟] 2382/5205: 001270.SZ OK
[22:23:20] [5分钟] 第 2383/5205 只: 000935.SZ
[22:23:20] [5分钟] 2383/5205: 000935.SZ OK
[22:23:20] [5分钟] 第 2384/5205 只: 002188.SZ
[22:23:20] [5分钟] 2384/5205: 002188.SZ OK
[22:23:20] [5分钟] 第 2385/5205 只: 002593.SZ
[22:23:20] [5分钟] 2385/5205: 002593.SZ OK
[22:23:20] [5分钟] 第 2386/5205 只: 002822.SZ
[22:23:20] [5分钟] 2386/5205: 002822.SZ OK
[22:23:20] [5分钟] 第 2387/5205 只: 002114.SZ
[22:23:20] [5分钟] 2387/5205: 002114.SZ OK
[22:23:20] [5分钟] 第 2388/5205 只: 300738.SZ
[22:23:20] [5分钟] 2388/5205: 300738.SZ OK
[22:23:20] [5分钟] 第 2389/5205 只: 001298.SZ
[22:23:20] [5分钟] 2389/5205: 001298.SZ OK
[22:23:20] [5分钟] 第 2390/5205 只: 300323.SZ
[22:23:20] [5分钟] 2390/5205: 300323.SZ OK
[22:23:20] [5分钟] 第 2391/5205 只: 002160.SZ
[22:23:20] [5分钟] 2391/5205: 002160.SZ OK
[22:23:20] [5分钟] 第 2392/5205 只: 300357.SZ
[22:23:20] [5分钟] 2392/5205: 300357.SZ OK
[22:23:20] [5分钟] 第 2393/5205 只: 300221.SZ
[22:23:20] [5分钟] 2393/5205: 300221.SZ OK
[22:23:20] [5分钟] 第 2394/5205 只: 002016.SZ
[22:23:20] [5分钟] 2394/5205: 002016.SZ OK
[22:23:20] [5分钟] 第 2395/5205 只: 300255.SZ
[22:23:20] [5分钟] 2395/5205: 300255.SZ OK
[22:23:20] [5分钟] 第 2396/5205 只: 002479.SZ
[22:23:20] [5分钟] 2396/5205: 002479.SZ OK
[22:23:20] [5分钟] 第 2397/5205 只: 002062.SZ
[22:23:20] [5分钟] 2397/5205: 002062.SZ OK
[22:23:20] [5分钟] 第 2398/5205 只: 301449.SZ
[22:23:20] [5分钟] 2398/5205: 301449.SZ OK
[22:23:20] [5分钟] 第 2399/5205 只: 301052.SZ
[22:23:20] [5分钟] 2399/5205: 301052.SZ OK
[22:23:20] [5分钟] 第 2400/5205 只: 301026.SZ
[22:23:20] [5分钟] 2400/5205: 301026.SZ OK
[22:23:20] [5分钟 2400/5205] 成功2400，失败0，当前 301026.SZ
[22:23:20] [5分钟] 第 2401/5205 只: 002920.SZ
[22:23:20] [5分钟] 2401/5205: 002920.SZ OK
[22:23:20] [5分钟] 第 2402/5205 只: 000586.SZ
[22:23:20] [5分钟] 2402/5205: 000586.SZ OK
[22:23:20] [5分钟] 第 2403/5205 只: 001306.SZ
[22:23:20] [5分钟] 2403/5205: 001306.SZ OK
[22:23:20] [5分钟] 第 2404/5205 只: 000837.SZ
[22:23:20] [5分钟] 2404/5205: 000837.SZ OK
[22:23:20] [5分钟] 第 2405/5205 只: 002491.SZ
[22:23:20] [5分钟] 2405/5205: 002491.SZ OK
[22:23:20] [5分钟] 第 2406/5205 只: 300837.SZ
[22:23:20] [5分钟] 2406/5205: 300837.SZ OK
[22:23:20] [5分钟] 第 2407/5205 只: 301306.SZ
[22:23:20] [5分钟] 2407/5205: 301306.SZ OK
[22:23:20] [5分钟] 第 2408/5205 只: 300586.SZ
[22:23:20] [5分钟] 2408/5205: 300586.SZ OK
[22:23:20] [5分钟] 第 2409/5205 只: 300843.SZ
[22:23:20] [5分钟] 2409/5205: 300843.SZ OK
[22:23:20] [5分钟] 第 2410/5205 只: 301372.SZ
[22:23:20] [5分钟] 2410/5205: 301372.SZ OK
[22:23:20] [5分钟] 第 2411/5205 只: 002759.SZ
[22:23:20] [5分钟] 2411/5205: 002759.SZ OK
[22:23:20] [5分钟] 第 2412/5205 只: 002342.SZ
[22:23:20] [5分钟] 2412/5205: 002342.SZ OK
[22:23:20] [5分钟] 第 2413/5205 只: 300175.SZ
[22:23:20] [5分钟] 2413/5205: 300175.SZ OK
[22:23:20] [5分钟] 第 2414/5205 只: 300101.SZ
[22:23:20] [5分钟] 2414/5205: 300101.SZ OK
[22:23:20] [5分钟] 第 2415/5205 只: 300077.SZ
[22:23:20] [5分钟] 2415/5205: 300077.SZ OK
[22:23:20] [5分钟] 第 2416/5205 只: 002240.SZ
[22:23:20] [5分钟] 2416/5205: 002240.SZ OK
[22:23:20] [5分钟] 第 2417/5205 只: 300418.SZ
[22:23:20] [5分钟] 2417/5205: 300418.SZ OK
[22:23:20] [5分钟] 第 2418/5205 只: 300003.SZ
[22:23:20] [5分钟] 2418/5205: 300003.SZ OK
[22:23:20] [5分钟] 第 2419/5205 只: 301298.SZ
[22:23:20] [5分钟] 2419/5205: 301298.SZ OK
[22:23:20] [5分钟] 第 2420/5205 只: 000738.SZ
[22:23:20] [5分钟] 2420/5205: 000738.SZ OK
[22:23:20] [5分钟] 第 2421/5205 只: 301683.SZ
[22:23:20] [5分钟] 2421/5205: 301683.SZ OK
[22:23:20] [5分钟] 第 2422/5205 只: 002234.SZ
[22:23:20] [5分钟] 2422/5205: 002234.SZ OK
[22:23:20] [5分钟] 第 2423/5205 只: 300484.SZ
[22:23:20] [5分钟] 2423/5205: 300484.SZ OK
[22:23:20] [5分钟] 第 2424/5205 只: 003033.SZ
[22:23:20] [5分钟] 2424/5205: 003033.SZ OK
[22:23:20] [5分钟] 第 2425/5205 只: 300935.SZ
[22:23:20] [5分钟] 2425/5205: 300935.SZ OK
[22:23:20] [5分钟] 第 2426/5205 只: 301270.SZ
[22:23:20] [5分钟] 2426/5205: 301270.SZ OK
[22:23:20] [5分钟] 第 2427/5205 只: 300941.SZ
[22:23:20] [5分钟] 2427/5205: 300941.SZ OK
[22:23:20] [5分钟] 第 2428/5205 只: 300207.SZ
[22:23:20] [5分钟] 2428/5205: 300207.SZ OK
[22:23:20] [5分钟] 第 2429/5205 只: 301487.SZ
[22:23:20] [5分钟] 2429/5205: 301487.SZ OK
[22:23:20] [5分钟] 第 2430/5205 只: 002030.SZ
[22:23:20] [5分钟] 2430/5205: 002030.SZ OK
[22:23:20] [5分钟] 第 2431/5205 只: 300668.SZ
[22:23:20] [5分钟] 2431/5205: 300668.SZ OK
[22:23:20] [5分钟] 第 2432/5205 只: 000548.SZ
[22:23:20] [5分钟] 2432/5205: 000548.SZ OK
[22:23:20] [5分钟] 第 2433/5205 只: 000153.SZ
[22:23:20] [5分钟] 2433/5205: 000153.SZ OK
[22:23:20] [5分钟] 第 2434/5205 只: 002044.SZ
[22:23:20] [5分钟] 2434/5205: 002044.SZ OK
[22:23:20] [5分钟] 第 2435/5205 只: 002972.SZ
[22:23:20] [5分钟] 2435/5205: 002972.SZ OK
[22:23:20] [5分钟] 第 2436/5205 只: 002906.SZ
[22:23:20] [5分钟] 2436/5205: 002906.SZ OK
[22:23:20] [5分钟] 第 2437/5205 只: 301000.SZ
[22:23:20] [5分钟] 2437/5205: 301000.SZ OK
[22:23:20] [5分钟] 第 2438/5205 只: 300680.SZ
[22:23:20] [5分钟] 2438/5205: 300680.SZ OK
[22:23:20] [5分钟] 第 2439/5205 只: 000811.SZ
[22:23:20] [5分钟] 2439/5205: 000811.SZ OK
[22:23:20] [5分钟] 第 2440/5205 只: 000967.SZ
[22:23:20] [5分钟] 2440/5205: 000967.SZ OK
[22:23:20] [5分钟] 第 2441/5205 只: 002870.SZ
[22:23:20] [5分钟] 2441/5205: 002870.SZ OK
[22:23:20] [5分钟] 第 2442/5205 只: 301176.SZ
[22:23:20] [5分钟] 2442/5205: 301176.SZ OK
[22:23:20] [5分钟] 第 2443/5205 只: 001256.SZ
[22:23:20] [5分钟] 2443/5205: 001256.SZ OK
[22:23:20] [5分钟] 第 2444/5205 只: 000913.SZ
[22:23:20] [5分钟] 2444/5205: 000913.SZ OK
[22:23:20] [5分钟] 第 2445/5205 只: 301102.SZ
[22:23:20] [5分钟] 2445/5205: 301102.SZ OK
[22:23:20] [5分钟] 第 2446/5205 只: 301519.SZ
[22:23:20] [5分钟] 2446/5205: 301519.SZ OK
[22:23:20] [5分钟] 第 2447/5205 只: 300782.SZ
[22:23:20] [5分钟] 2447/5205: 300782.SZ OK
[22:23:20] [5分钟] 第 2448/5205 只: 001222.SZ
[22:23:20] [5分钟] 2448/5205: 001222.SZ OK
[22:23:20] [5分钟] 第 2449/5205 只: 300399.SZ
[22:23:20] [5分钟] 2449/5205: 300399.SZ OK
[22:23:20] [5分钟] 第 2450/5205 只: 002132.SZ
[22:23:20] [5分钟] 2450/5205: 002132.SZ OK
[22:23:20] [5分钟 2450/5205] 成功2450，失败0，当前 002132.SZ
[22:23:20] [5分钟] 第 2451/5205 只: 002529.SZ
[22:23:20] [5分钟] 2451/5205: 002529.SZ OK
[22:23:20] [5分钟] 第 2452/5205 只: 300305.SZ
[22:23:20] [5分钟] 2452/5205: 300305.SZ OK
[22:23:20] [5分钟] 第 2453/5205 只: 002898.SZ
[22:23:20] [5分钟] 2453/5205: 002898.SZ OK
[22:23:20] [5分钟] 第 2454/5205 只: 000025.SZ
[22:23:20] [5分钟] 2454/5205: 000025.SZ OK
[22:23:20] [5分钟] 第 2455/5205 只: 301585.SZ
[22:23:20] [5分钟] 2455/5205: 301585.SZ OK
[22:23:20] [5分钟] 第 2456/5205 只: 002146.SZ
[22:23:20] [5分钟] 2456/5205: 002146.SZ OK
[22:23:20] [5分钟] 第 2457/5205 只: 300371.SZ
[22:23:20] [5分钟] 2457/5205: 300371.SZ OK
[22:23:20] [5分钟] 第 2458/5205 只: 301067.SZ
[22:23:20] [5分钟] 2458/5205: 301067.SZ OK
[22:23:20] [5分钟] 第 2459/5205 只: 002961.SZ
[22:23:20] [5分钟] 2459/5205: 002961.SZ OK
[22:23:20] [5分钟] 第 2460/5205 只: 000876.SZ
[22:23:20] [5分钟] 2460/5205: 000876.SZ OK
[22:23:20] [5分钟] 第 2461/5205 只: 002915.SZ
[22:23:20] [5分钟] 2461/5205: 002915.SZ OK
[22:23:20] [5分钟] 第 2462/5205 只: 301013.SZ
[22:23:20] [5分钟] 2462/5205: 301013.SZ OK
[22:23:20] [5分钟] 第 2463/5205 只: 301408.SZ
[22:23:20] [5分钟] 2463/5205: 301408.SZ OK
[22:23:20] [5分钟] 第 2464/5205 只: 300693.SZ
[22:23:20] [5分钟] 2464/5205: 300693.SZ OK
[22:23:20] [5分钟] 第 2465/5205 只: 001333.SZ
[22:23:20] [5分钟] 2465/5205: 001333.SZ OK
[22:23:20] [5分钟] 第 2466/5205 只: 300288.SZ
[22:23:20] [5分钟] 2466/5205: 300288.SZ OK
[22:23:20] [5分钟] 第 2467/5205 只: 000802.SZ
[22:23:20] [5分钟] 2467/5205: 000802.SZ OK
[22:23:20] [5分钟] 第 2468/5205 只: 300214.SZ
[22:23:20] [5分钟] 2468/5205: 300214.SZ OK
[22:23:20] [5分钟] 第 2469/5205 只: 002989.SZ
[22:23:20] [5分钟] 2469/5205: 002989.SZ OK
[22:23:20] [5分钟] 第 2470/5205 只: 002023.SZ
[22:23:20] [5分钟] 2470/5205: 002023.SZ OK
[22:23:20] [5分钟] 第 2471/5205 只: 002438.SZ
[22:23:20] [5分钟] 2471/5205: 002438.SZ OK
[22:23:20] [5分钟] 第 2472/5205 只: 300260.SZ
[22:23:20] [5分钟] 2472/5205: 300260.SZ OK
[22:23:20] [5分钟] 第 2473/5205 只: 002057.SZ
[22:23:20] [5分钟] 2473/5205: 002057.SZ OK
[22:23:20] [5分钟] 第 2474/5205 只: 002121.SZ
[22:23:20] [5分钟] 2474/5205: 002121.SZ OK
[22:23:20] [5分钟] 第 2475/5205 只: 300316.SZ
[22:23:20] [5分钟] 2475/5205: 300316.SZ OK
[22:23:20] [5分钟] 第 2476/5205 只: 000036.SZ
[22:23:20] [5分钟] 2476/5205: 000036.SZ OK
[22:23:20] [5分钟] 第 2477/5205 只: 301596.SZ
[22:23:20] [5分钟] 2477/5205: 301596.SZ OK
[22:23:20] [5分钟] 第 2478/5205 只: 002155.SZ
[22:23:20] [5分钟] 2478/5205: 002155.SZ OK
[22:23:20] [5分钟] 第 2479/5205 只: 300779.SZ
[22:23:20] [5分钟] 2479/5205: 300779.SZ OK
[22:23:20] [5分钟] 第 2480/5205 只: 000042.SZ
[22:23:20] [5分钟] 2480/5205: 000042.SZ OK
[22:23:20] [5分钟] 第 2481/5205 只: 002863.SZ
[22:23:20] [5分钟] 2481/5205: 002863.SZ OK
[22:23:20] [5分钟] 第 2482/5205 只: 301165.SZ
[22:23:20] [5分钟] 2482/5205: 301165.SZ OK
[22:23:20] [5分钟] 第 2483/5205 只: 000900.SZ
[22:23:20] [5分钟] 2483/5205: 000900.SZ OK
[22:23:20] [5分钟] 第 2484/5205 只: 301111.SZ
[22:23:20] [5分钟] 2484/5205: 301111.SZ OK
[22:23:20] [5分钟] 第 2485/5205 只: 002817.SZ
[22:23:20] [5分钟] 2485/5205: 002817.SZ OK
[22:23:20] [5分钟] 第 2486/5205 只: 300791.SZ
[22:23:20] [5分钟] 2486/5205: 300791.SZ OK
[22:23:20] [5分钟] 第 2487/5205 只: 001231.SZ
[22:23:20] [5分钟] 2487/5205: 001231.SZ OK
[22:23:20] [5分钟] 第 2488/5205 只: 002351.SZ
[22:23:20] [5分钟] 2488/5205: 002351.SZ OK
[22:23:20] [5分钟] 第 2489/5205 只: 300166.SZ
[22:23:20] [5分钟] 2489/5205: 300166.SZ OK
[22:23:20] [5分钟] 第 2490/5205 只: 300509.SZ
[22:23:20] [5分钟] 2490/5205: 300509.SZ OK
[22:23:20] [5分钟] 第 2491/5205 只: 300112.SZ
[22:23:20] [5分钟] 2491/5205: 300112.SZ OK
[22:23:20] [5分钟] 第 2492/5205 只: 301389.SZ
[22:23:20] [5分钟] 2492/5205: 301389.SZ OK
[22:23:20] [5分钟] 第 2493/5205 只: 000629.SZ
[22:23:20] [5分钟] 2493/5205: 000629.SZ OK
[22:23:20] [5分钟] 第 2494/5205 只: 300824.SZ
[22:23:20] [5分钟] 2494/5205: 300824.SZ OK
[22:23:20] [5分钟] 第 2495/5205 只: 301315.SZ
[22:23:20] [5分钟] 2495/5205: 301315.SZ OK
[22:23:20] [5分钟] 第 2496/5205 只: 300595.SZ
[22:23:20] [5分钟] 2496/5205: 300595.SZ OK
[22:23:20] [5分钟] 第 2497/5205 只: 300850.SZ
[22:23:20] [5分钟] 2497/5205: 300850.SZ OK
[22:23:20] [5分钟] 第 2498/5205 只: 301361.SZ
[22:23:20] [5分钟] 2498/5205: 301361.SZ OK
[22:23:20] [5分钟] 第 2499/5205 只: 301217.SZ
[22:23:20] [5分钟] 2499/5205: 301217.SZ OK
[22:23:20] [5分钟] 第 2500/5205 只: 300497.SZ
[22:23:20] [5分钟] 2500/5205: 300497.SZ OK
[22:23:20] [5分钟 2500/5205] 成功2500，失败0，当前 300497.SZ
[22:23:20] [5分钟] 第 2501/5205 只: 003020.SZ
[22:23:20] [5分钟] 2501/5205: 003020.SZ OK
[22:23:20] [5分钟] 第 2502/5205 只: 300926.SZ
[22:23:20] [5分钟] 2502/5205: 300926.SZ OK
[22:23:20] [5分钟] 第 2503/5205 只: 301678.SZ
[22:23:20] [5分钟] 2503/5205: 301678.SZ OK
[22:23:20] [5分钟] 第 2504/5205 只: 301263.SZ
[22:23:20] [5分钟] 2504/5205: 301263.SZ OK
[22:23:20] [5分钟] 第 2505/5205 只: 300952.SZ
[22:23:20] [5分钟] 2505/5205: 300952.SZ OK
[22:23:20] [5分钟] 第 2506/5205 只: 002648.SZ
[22:23:20] [5分钟] 2506/5205: 002648.SZ OK
[22:23:20] [5分钟] 第 2507/5205 只: 002253.SZ
[22:23:20] [5分钟] 2507/5205: 002253.SZ OK
[22:23:20] [5分钟] 第 2508/5205 只: 300010.SZ
[22:23:20] [5分钟] 2508/5205: 300010.SZ OK
[22:23:20] [5分钟] 第 2509/5205 只: 002227.SZ
[22:23:20] [5分钟] 2509/5205: 002227.SZ OK
[22:23:20] [5分钟] 第 2510/5205 只: 300650.SZ
[22:23:20] [5分钟] 2510/5205: 300650.SZ OK
[22:23:20] [5分钟] 第 2511/5205 只: 000570.SZ
[22:23:20] [5分钟] 2511/5205: 000570.SZ OK
[22:23:20] [5分钟] 第 2512/5205 只: 002467.SZ
[22:23:20] [5分钟] 2512/5205: 002467.SZ OK
[22:23:20] [5分钟] 第 2513/5205 只: 300624.SZ
[22:23:20] [5分钟] 2513/5205: 300624.SZ OK
[22:23:20] [5分钟] 第 2514/5205 只: 000504.SZ
[22:23:20] [5分钟] 2514/5205: 000504.SZ OK
[22:23:20] [5分钟] 第 2515/5205 只: 002413.SZ
[22:23:20] [5分钟] 2515/5205: 002413.SZ OK
[22:23:20] [5分钟] 第 2516/5205 只: 002008.SZ
[22:23:20] [5分钟] 2516/5205: 002008.SZ OK
[22:23:20] [5分钟] 第 2517/5205 只: 000598.SZ
[22:23:20] [5分钟] 2517/5205: 000598.SZ OK
[22:23:20] [5分钟] 第 2518/5205 只: 301038.SZ
[22:23:20] [5分钟] 2518/5205: 301038.SZ OK
[22:23:20] [5分钟] 第 2519/5205 只: 001318.SZ
[22:23:20] [5分钟] 2519/5205: 001318.SZ OK
[22:23:20] [5分钟] 第 2520/5205 只: 000829.SZ
[22:23:20] [5分钟] 2520/5205: 000829.SZ OK
[22:23:20] [5分钟] 第 2521/5205 只: 002094.SZ
[22:23:20] [5分钟] 2521/5205: 002094.SZ OK
[22:23:20] [5分钟] 第 2522/5205 只: 002196.SZ
[22:23:20] [5分钟] 2522/5205: 002196.SZ OK
[22:23:20] [5分钟] 第 2523/5205 只: 002848.SZ
[22:23:20] [5分钟] 2523/5205: 002848.SZ OK
[22:23:20] [5分钟] 第 2524/5205 只: 301555.SZ
[22:23:20] [5分钟] 2524/5205: 301555.SZ OK
[22:23:20] [5分钟] 第 2525/5205 只: 002565.SZ
[22:23:20] [5分钟] 2525/5205: 002565.SZ OK
[22:23:20] [5分钟] 第 2526/5205 只: 300752.SZ
[22:23:20] [5分钟] 2526/5205: 300752.SZ OK
[22:23:20] [5分钟] 第 2527/5205 只: 300349.SZ
[22:23:20] [5分钟] 2527/5205: 300349.SZ OK
[22:23:20] [5分钟] 第 2528/5205 只: 000069.SZ
[22:23:20] [5分钟] 2528/5205: 000069.SZ OK
[22:23:20] [5分钟] 第 2529/5205 只: 002511.SZ
[22:23:20] [5分钟] 2529/5205: 002511.SZ OK
[22:23:20] [5分钟] 第 2530/5205 只: 001286.SZ
[22:23:20] [5分钟] 2530/5205: 001286.SZ OK
[22:23:20] [5分钟] 第 2531/5205 只: 300726.SZ
[22:23:20] [5分钟] 2531/5205: 300726.SZ OK
[22:23:20] [5分钟] 第 2532/5205 只: 002789.SZ
[22:23:20] [5分钟] 2532/5205: 002789.SZ OK
[22:23:20] [5分钟] 第 2533/5205 只: 002392.SZ
[22:23:20] [5分钟] 2533/5205: 002392.SZ OK
[22:23:20] [5分钟] 第 2534/5205 只: 002715.SZ
[22:23:20] [5分钟] 2534/5205: 002715.SZ OK
[22:23:20] [5分钟] 第 2535/5205 只: 300893.SZ
[22:23:20] [5分钟] 2535/5205: 300893.SZ OK
[22:23:20] [5分钟] 第 2536/5205 只: 300139.SZ
[22:23:20] [5分钟] 2536/5205: 300139.SZ OK
[22:23:20] [5分钟] 第 2537/5205 只: 300522.SZ
[22:23:20] [5分钟] 2537/5205: 300522.SZ OK
[22:23:20] [5分钟] 第 2538/5205 只: 002761.SZ
[22:23:20] [5分钟] 2538/5205: 002761.SZ OK
[22:23:20] [5分钟] 第 2539/5205 只: 300556.SZ
[22:23:20] [5分钟] 2539/5205: 300556.SZ OK
[22:23:20] [5分钟] 第 2540/5205 只: 000676.SZ
[22:23:20] [5分钟] 2540/5205: 000676.SZ OK
[22:23:20] [5分钟] 第 2541/5205 只: 300420.SZ
[22:23:20] [5分钟] 2541/5205: 300420.SZ OK
[22:23:20] [5分钟] 第 2542/5205 只: 000700.SZ
[22:23:20] [5分钟] 2542/5205: 000700.SZ OK
[22:23:20] [5分钟] 第 2543/5205 只: 002617.SZ
[22:23:20] [5分钟] 2543/5205: 002617.SZ OK
[22:23:20] [5分钟] 第 2544/5205 只: 300991.SZ
[22:23:20] [5分钟] 2544/5205: 300991.SZ OK
[22:23:20] [5分钟] 第 2545/5205 只: 300454.SZ
[22:23:20] [5分钟] 2545/5205: 300454.SZ OK
[22:23:20] [5分钟] 第 2546/5205 只: 002278.SZ
[22:23:20] [5分钟] 2546/5205: 002278.SZ OK
[22:23:20] [5分钟] 第 2547/5205 只: 002663.SZ
[22:23:20] [5分钟] 2547/5205: 002663.SZ OK
[22:23:20] [5分钟] 第 2548/5205 只: 301248.SZ
[22:23:20] [5分钟] 2548/5205: 301248.SZ OK
[22:23:20] [5分钟] 第 2549/5205 只: 300979.SZ
[22:23:20] [5分钟] 2549/5205: 300979.SZ OK
[22:23:20] [5分钟] 第 2550/5205 只: 002290.SZ
[22:23:20] [5分钟] 2550/5205: 002290.SZ OK
[22:23:20] [5分钟 2550/5205] 成功2550，失败0，当前 002290.SZ
[22:23:20] [5分钟] 第 2551/5205 只: 002706.SZ
[22:23:20] [5分钟] 2551/5205: 002706.SZ OK
[22:23:20] [5分钟] 第 2552/5205 只: 300880.SZ
[22:23:20] [5分钟] 2552/5205: 300880.SZ OK
[22:23:20] [5分钟] 第 2553/5205 只: 300531.SZ
[22:23:20] [5分钟] 2553/5205: 300531.SZ OK
[22:23:20] [5分钟] 第 2554/5205 只: 002369.SZ
[22:23:20] [5分钟] 2554/5205: 002369.SZ OK
[22:23:20] [5分钟] 第 2555/5205 只: 002772.SZ
[22:23:20] [5分钟] 2555/5205: 002772.SZ OK
[22:23:20] [5分钟] 第 2556/5205 只: 300545.SZ
[22:23:20] [5分钟] 2556/5205: 300545.SZ OK
[22:23:20] [5分钟] 第 2557/5205 只: 000665.SZ
[22:23:20] [5分钟] 2557/5205: 000665.SZ OK
[22:23:20] [5分钟] 第 2558/5205 只: 300868.SZ
[22:23:20] [5分钟] 2558/5205: 300868.SZ OK
[22:23:20] [5分钟] 第 2559/5205 只: 301359.SZ
[22:23:20] [5分钟] 2559/5205: 301359.SZ OK
[22:23:20] [5分钟] 第 2560/5205 只: 002381.SZ
[22:23:20] [5分钟] 2560/5205: 002381.SZ OK
[22:23:20] [5分钟] 第 2561/5205 只: 003018.SZ
[22:23:20] [5分钟] 2561/5205: 003018.SZ OK
[22:23:20] [5分钟] 第 2562/5205 只: 002698.SZ
[22:23:20] [5分钟] 2562/5205: 002698.SZ OK
[22:23:20] [5分钟] 第 2563/5205 只: 002283.SZ
[22:23:20] [5分钟] 2563/5205: 002283.SZ OK
[22:23:20] [5分钟] 第 2564/5205 只: 300433.SZ
[22:23:20] [5分钟] 2564/5205: 300433.SZ OK
[22:23:20] [5分钟] 第 2565/5205 只: 000713.SZ
[22:23:20] [5分钟] 2565/5205: 000713.SZ OK
[22:23:20] [5分钟] 第 2566/5205 只: 300982.SZ
[22:23:20] [5分钟] 2566/5205: 300982.SZ OK
[22:23:20] [5分钟] 第 2567/5205 只: 300447.SZ
[22:23:20] [5分钟] 2567/5205: 300447.SZ OK
[22:23:20] [5分钟] 第 2568/5205 只: 000767.SZ
[22:23:20] [5分钟] 2568/5205: 000767.SZ OK
[22:23:20] [5分钟] 第 2569/5205 只: 002670.SZ
[22:23:20] [5分钟] 2569/5205: 002670.SZ OK
[22:23:20] [5分钟] 第 2570/5205 只: 002959.SZ
[22:23:20] [5分钟] 2570/5205: 002959.SZ OK
[22:23:20] [5分钟] 第 2571/5205 只: 300643.SZ
[22:23:20] [5分钟] 2571/5205: 300643.SZ OK
[22:23:20] [5分钟] 第 2572/5205 只: 300258.SZ
[22:23:20] [5分钟] 2572/5205: 300258.SZ OK
[22:23:20] [5分钟] 第 2573/5205 只: 000563.SZ
[22:23:20] [5分钟] 2573/5205: 000563.SZ OK
[22:23:20] [5分钟] 第 2574/5205 只: 002474.SZ
[22:23:20] [5分钟] 2574/5205: 002474.SZ OK
[22:23:20] [5分钟] 第 2575/5205 只: 300637.SZ
[22:23:20] [5分钟] 2575/5205: 300637.SZ OK
[22:23:20] [5分钟] 第 2576/5205 只: 000517.SZ
[22:23:20] [5分钟] 2576/5205: 000517.SZ OK
[22:23:20] [5分钟] 第 2577/5205 只: 002400.SZ
[22:23:20] [5分钟] 2577/5205: 002400.SZ OK
[22:23:20] [5分钟] 第 2578/5205 只: 002576.SZ
[22:23:20] [5分钟] 2578/5205: 002576.SZ OK
[22:23:20] [5分钟] 第 2579/5205 只: 300741.SZ
[22:23:20] [5分钟] 2579/5205: 300741.SZ OK
[22:23:20] [5分钟] 第 2580/5205 只: 002119.SZ
[22:23:20] [5分钟] 2580/5205: 002119.SZ OK
[22:23:20] [5分钟] 第 2581/5205 只: 300735.SZ
[22:23:20] [5分钟] 2581/5205: 300735.SZ OK
[22:23:20] [5分钟] 第 2582/5205 只: 000415.SZ
[22:23:20] [5分钟] 2582/5205: 000415.SZ OK
[22:23:20] [5分钟] 第 2583/5205 只: 000938.SZ
[22:23:20] [5分钟] 2583/5205: 000938.SZ OK
[22:23:20] [5分钟] 第 2584/5205 只: 002185.SZ
[22:23:20] [5分钟] 2584/5205: 002185.SZ OK
[22:23:20] [5分钟] 第 2585/5205 只: 301129.SZ
[22:23:20] [5分钟] 2585/5205: 301129.SZ OK
[22:23:20] [5分钟] 第 2586/5205 只: 001209.SZ
[22:23:20] [5分钟] 2586/5205: 001209.SZ OK
[22:23:20] [5分钟] 第 2587/5205 只: 301666.SZ
[22:23:20] [5分钟] 2587/5205: 301666.SZ OK
[22:23:20] [5分钟] 第 2588/5205 只: 301209.SZ
[22:23:20] [5分钟] 2588/5205: 301209.SZ OK
[22:23:20] [5分钟] 第 2589/5205 只: 300092.SZ
[22:23:20] [5分钟] 2589/5205: 300092.SZ OK
[22:23:20] [5分钟] 第 2590/5205 只: 300489.SZ
[22:23:20] [5分钟] 2590/5205: 300489.SZ OK
[22:23:20] [5分钟] 第 2591/5205 只: 300938.SZ
[22:23:20] [5分钟] 2591/5205: 300938.SZ OK
[22:23:20] [5分钟] 第 2592/5205 只: 300415.SZ
[22:23:20] [5分钟] 2592/5205: 300415.SZ OK
[22:23:20] [5分钟] 第 2593/5205 只: 000735.SZ
[22:23:20] [5分钟] 2593/5205: 000735.SZ OK
[22:23:20] [5分钟] 第 2594/5205 只: 301295.SZ
[22:23:20] [5分钟] 2594/5205: 301295.SZ OK
[22:23:20] [5分钟] 第 2595/5205 只: 002622.SZ
[22:23:20] [5分钟] 2595/5205: 002622.SZ OK
[22:23:20] [5分钟] 第 2596/5205 只: 002239.SZ
[22:23:20] [5分钟] 2596/5205: 002239.SZ OK
[22:23:20] [5分钟] 第 2597/5205 只: 300461.SZ
[22:23:20] [5分钟] 2597/5205: 300461.SZ OK
[22:23:20] [5分钟] 第 2598/5205 只: 002656.SZ
[22:23:20] [5分钟] 2598/5205: 002656.SZ OK
[22:23:20] [5分钟] 第 2599/5205 只: 300517.SZ
[22:23:20] [5分钟] 2599/5205: 300517.SZ OK
[22:23:20] [5分钟] 第 2600/5205 只: 000637.SZ
[22:23:20] [5分钟] 2600/5205: 000637.SZ OK
[22:23:20] [5分钟 2600/5205] 成功2600，失败0，当前 000637.SZ
[22:23:20] [5分钟] 第 2601/5205 只: 301397.SZ
[22:23:20] [5分钟] 2601/5205: 301397.SZ OK
[22:23:20] [5分钟] 第 2602/5205 只: 300563.SZ
[22:23:20] [5分钟] 2602/5205: 300563.SZ OK
[22:23:20] [5分钟] 第 2603/5205 只: 300190.SZ
[22:23:20] [5分钟] 2603/5205: 300190.SZ OK
[22:23:20] [5分钟] 第 2604/5205 只: 002550.SZ
[22:23:20] [5分钟] 2604/5205: 002550.SZ OK
[22:23:20] [5分钟] 第 2605/5205 只: 300767.SZ
[22:23:20] [5分钟] 2605/5205: 300767.SZ OK
[22:23:20] [5分钟] 第 2606/5205 只: 002524.SZ
[22:23:20] [5分钟] 2606/5205: 002524.SZ OK
[22:23:20] [5分钟] 第 2607/5205 只: 300308.SZ
[22:23:20] [5分钟] 2607/5205: 300308.SZ OK
[22:23:20] [5分钟] 第 2608/5205 只: 300713.SZ
[22:23:20] [5分钟] 2608/5205: 300713.SZ OK
[22:23:20] [5分钟] 第 2609/5205 只: 301588.SZ
[22:23:20] [5分钟] 2609/5205: 301588.SZ OK
[22:23:20] [5分钟] 第 2610/5205 只: 301193.SZ
[22:23:20] [5分钟] 2610/5205: 301193.SZ OK
[22:23:20] [5分钟] 第 2611/5205 只: 002895.SZ
[22:23:20] [5分钟] 2611/5205: 002895.SZ OK
[22:23:20] [5分钟] 第 2612/5205 只: 000028.SZ
[22:23:20] [5分钟] 2612/5205: 000028.SZ OK
[22:23:20] [5分钟] 第 2613/5205 只: 002809.SZ
[22:23:20] [5分钟] 2613/5205: 002809.SZ OK
[22:23:20] [5分钟] 第 2614/5205 只: 300394.SZ
[22:23:20] [5分钟] 2614/5205: 300394.SZ OK
[22:23:20] [5分钟] 第 2615/5205 只: 301560.SZ
[22:23:20] [5分钟] 2615/5205: 301560.SZ OK
[22:23:20] [5分钟] 第 2616/5205 只: 300296.SZ
[22:23:20] [5分钟] 2616/5205: 300296.SZ OK
[22:23:20] [5分钟] 第 2617/5205 只: 301079.SZ
[22:23:20] [5分钟] 2617/5205: 301079.SZ OK
[22:23:20] [5分钟] 第 2618/5205 只: 001359.SZ
[22:23:20] [5分钟] 2618/5205: 001359.SZ OK
[22:23:20] [5分钟] 第 2619/5205 只: 000868.SZ
[22:23:20] [5分钟] 2619/5205: 000868.SZ OK
[22:23:20] [5分钟] 第 2620/5205 只: 300665.SZ
[22:23:20] [5分钟] 2620/5205: 300665.SZ OK
[22:23:20] [5分钟] 第 2621/5205 只: 000545.SZ
[22:23:20] [5分钟] 2621/5205: 000545.SZ OK
[22:23:20] [5分钟] 第 2622/5205 只: 002049.SZ
[22:23:20] [5分钟] 2622/5205: 002049.SZ OK
[22:23:20] [5分钟] 第 2623/5205 只: 002452.SZ
[22:23:20] [5分钟] 2623/5205: 002452.SZ OK
[22:23:20] [5分钟] 第 2624/5205 只: 300611.SZ
[22:23:20] [5分钟] 2624/5205: 300611.SZ OK
[22:23:20] [5分钟] 第 2625/5205 只: 000531.SZ
[22:23:20] [5分钟] 2625/5205: 000531.SZ OK
[22:23:20] [5分钟] 第 2626/5205 只: 002997.SZ
[22:23:20] [5分钟] 2626/5205: 002997.SZ OK
[22:23:20] [5分钟] 第 2627/5205 只: 301091.SZ
[22:23:20] [5分钟] 2627/5205: 301091.SZ OK
[22:23:20] [5分钟] 第 2628/5205 只: 002426.SZ
[22:23:20] [5分钟] 2628/5205: 002426.SZ OK
[22:23:20] [5分钟] 第 2629/5205 只: 000880.SZ
[22:23:20] [5分钟] 2629/5205: 000880.SZ OK
[22:23:20] [5分钟] 第 2630/5205 只: 301507.SZ
[22:23:20] [5分钟] 2630/5205: 301507.SZ OK
[22:23:20] [5分钟] 第 2631/5205 只: 300387.SZ
[22:23:20] [5分钟] 2631/5205: 300387.SZ OK
[22:23:20] [5分钟] 第 2632/5205 只: 301168.SZ
[22:23:20] [5分钟] 2632/5205: 301168.SZ OK
[22:23:20] [5分钟] 第 2633/5205 只: 001248.SZ
[22:23:20] [5分钟] 2633/5205: 001248.SZ OK
[22:23:20] [5分钟] 第 2634/5205 只: 002158.SZ
[22:23:20] [5分钟] 2634/5205: 002158.SZ OK
[22:23:20] [5分钟] 第 2635/5205 只: 002543.SZ
[22:23:20] [5分钟] 2635/5205: 002543.SZ OK
[22:23:20] [5分钟] 第 2636/5205 只: 300774.SZ
[22:23:20] [5分钟] 2636/5205: 300774.SZ OK
[22:23:20] [5分钟] 第 2637/5205 只: 002537.SZ
[22:23:20] [5分钟] 2637/5205: 002537.SZ OK
[22:23:20] [5分钟] 第 2638/5205 只: 300700.SZ
[22:23:20] [5分钟] 2638/5205: 300700.SZ OK
[22:23:20] [5分钟] 第 2639/5205 只: 000420.SZ
[22:23:20] [5分钟] 2639/5205: 000420.SZ OK
[22:23:20] [5分钟] 第 2640/5205 只: 301180.SZ
[22:23:20] [5分钟] 2640/5205: 301180.SZ OK
[22:23:20] [5分钟] 第 2641/5205 只: 002886.SZ
[22:23:20] [5分钟] 2641/5205: 002886.SZ OK
[22:23:20] [5分钟] 第 2642/5205 只: 300676.SZ
[22:23:20] [5分钟] 2642/5205: 300676.SZ OK
[22:23:20] [5分钟] 第 2643/5205 只: 002441.SZ
[22:23:20] [5分钟] 2643/5205: 002441.SZ OK
[22:23:20] [5分钟] 第 2644/5205 只: 300219.SZ
[22:23:20] [5分钟] 2644/5205: 300219.SZ OK
[22:23:20] [5分钟] 第 2645/5205 只: 300602.SZ
[22:23:20] [5分钟] 2645/5205: 300602.SZ OK
[22:23:20] [5分钟] 第 2646/5205 只: 301499.SZ
[22:23:20] [5分钟] 2646/5205: 301499.SZ OK
[22:23:20] [5分钟] 第 2647/5205 只: 002984.SZ
[22:23:20] [5分钟] 2647/5205: 002984.SZ OK
[22:23:20] [5分钟] 第 2648/5205 只: 301082.SZ
[22:23:20] [5分钟] 2648/5205: 301082.SZ OK
[22:23:20] [5分钟] 第 2649/5205 只: 000893.SZ
[22:23:20] [5分钟] 2649/5205: 000893.SZ OK
[22:23:20] [5分钟] 第 2650/5205 只: 002918.SZ
[22:23:20] [5分钟] 2650/5205: 002918.SZ OK
[22:23:20] [5分钟 2650/5205] 成功2650，失败0，当前 002918.SZ
[22:23:20] [5分钟] 第 2651/5205 只: 300285.SZ
[22:23:20] [5分钟] 2651/5205: 300285.SZ OK
[22:23:20] [5分钟] 第 2652/5205 只: 300406.SZ
[22:23:20] [5分钟] 2652/5205: 300406.SZ OK
[22:23:20] [5分钟] 第 2653/5205 只: 000726.SZ
[22:23:20] [5分钟] 2653/5205: 000726.SZ OK
[22:23:20] [5分钟] 第 2654/5205 只: 301286.SZ
[22:23:20] [5分钟] 2654/5205: 301286.SZ OK
[22:23:20] [5分钟] 第 2655/5205 只: 002631.SZ
[22:23:20] [5分钟] 2655/5205: 002631.SZ OK
[22:23:20] [5分钟] 第 2656/5205 只: 300472.SZ
[22:23:20] [5分钟] 2656/5205: 300472.SZ OK
[22:23:20] [5分钟] 第 2657/5205 只: 300069.SZ
[22:23:20] [5分钟] 2657/5205: 300069.SZ OK
[22:23:20] [5分钟] 第 2658/5205 只: 000752.SZ
[22:23:20] [5分钟] 2658/5205: 000752.SZ OK
[22:23:20] [5分钟] 第 2659/5205 只: 002645.SZ
[22:23:20] [5分钟] 2659/5205: 002645.SZ OK
[22:23:20] [5分钟] 第 2660/5205 只: 301601.SZ
[22:23:20] [5分钟] 2660/5205: 301601.SZ OK
[22:23:20] [5分钟] 第 2661/5205 只: 300081.SZ
[22:23:20] [5分钟] 2661/5205: 300081.SZ OK
[22:23:20] [5分钟] 第 2662/5205 只: 300829.SZ
[22:23:20] [5分钟] 2662/5205: 300829.SZ OK
[22:23:20] [5分钟] 第 2663/5205 只: 301318.SZ
[22:23:20] [5分钟] 2663/5205: 301318.SZ OK
[22:23:20] [5分钟] 第 2664/5205 只: 300183.SZ
[22:23:20] [5分钟] 2664/5205: 300183.SZ OK
[22:23:20] [5分钟] 第 2665/5205 只: 300598.SZ
[22:23:20] [5分钟] 2665/5205: 300598.SZ OK
[22:23:20] [5分钟] 第 2666/5205 只: 002733.SZ
[22:23:20] [5分钟] 2666/5205: 002733.SZ OK
[22:23:20] [5分钟] 第 2667/5205 只: 002328.SZ
[22:23:20] [5分钟] 2667/5205: 002328.SZ OK
[22:23:20] [5分钟] 第 2668/5205 只: 300504.SZ
[22:23:20] [5分钟] 2668/5205: 300504.SZ OK
[22:23:20] [5分钟] 第 2669/5205 只: 002747.SZ
[22:23:20] [5分钟] 2669/5205: 002747.SZ OK
[22:23:20] [5分钟] 第 2670/5205 只: 300570.SZ
[22:23:20] [5分钟] 2670/5205: 300570.SZ OK
[22:23:20] [5分钟] 第 2671/5205 只: 000650.SZ
[22:23:20] [5分钟] 2671/5205: 000650.SZ OK
[22:23:20] [5分钟] 第 2672/5205 只: 300435.SZ
[22:23:20] [5分钟] 2672/5205: 300435.SZ OK
[22:23:20] [5分钟] 第 2673/5205 只: 000715.SZ
[22:23:20] [5分钟] 2673/5205: 000715.SZ OK
[22:23:20] [5分钟] 第 2674/5205 只: 002219.SZ
[22:23:20] [5分钟] 2674/5205: 002219.SZ OK
[22:23:20] [5分钟] 第 2675/5205 只: 002602.SZ
[22:23:20] [5分钟] 2675/5205: 002602.SZ OK
[22:23:20] [5分钟] 第 2676/5205 只: 300984.SZ
[22:23:20] [5分钟] 2676/5205: 300984.SZ OK
[22:23:20] [5分钟] 第 2677/5205 只: 300441.SZ
[22:23:20] [5分钟] 2677/5205: 300441.SZ OK
[22:23:20] [5分钟] 第 2678/5205 只: 000761.SZ
[22:23:20] [5分钟] 2678/5205: 000761.SZ OK
[22:23:20] [5分钟] 第 2679/5205 只: 002676.SZ
[22:23:20] [5分钟] 2679/5205: 002676.SZ OK
[22:23:20] [5分钟] 第 2680/5205 只: 301229.SZ
[22:23:20] [5分钟] 2680/5205: 301229.SZ OK
[22:23:20] [5分钟] 第 2681/5205 只: 000789.SZ
[22:23:20] [5分钟] 2681/5205: 000789.SZ OK
[22:23:20] [5分钟] 第 2682/5205 只: 301632.SZ
[22:23:20] [5分钟] 2682/5205: 301632.SZ OK
[22:23:20] [5分钟] 第 2683/5205 只: 300918.SZ
[22:23:20] [5分钟] 2683/5205: 300918.SZ OK
[22:23:20] [5分钟] 第 2684/5205 只: 002285.SZ
[22:23:20] [5分钟] 2684/5205: 002285.SZ OK
[22:23:20] [5分钟] 第 2685/5205 只: 002387.SZ
[22:23:20] [5分钟] 2685/5205: 002387.SZ OK
[22:23:20] [5分钟] 第 2686/5205 只: 002700.SZ
[22:23:20] [5分钟] 2686/5205: 002700.SZ OK
[22:23:20] [5分钟] 第 2687/5205 只: 300886.SZ
[22:23:20] [5分钟] 2687/5205: 300886.SZ OK
[22:23:20] [5分钟] 第 2688/5205 只: 300537.SZ
[22:23:20] [5分钟] 2688/5205: 300537.SZ OK
[22:23:20] [5分钟] 第 2689/5205 只: 000617.SZ
[22:23:20] [5分钟] 2689/5205: 000617.SZ OK
[22:23:20] [5分钟] 第 2690/5205 只: 002774.SZ
[22:23:20] [5分钟] 2690/5205: 002774.SZ OK
[22:23:20] [5分钟] 第 2691/5205 只: 300158.SZ
[22:23:20] [5分钟] 2691/5205: 300158.SZ OK
[22:23:20] [5分钟] 第 2692/5205 只: 300543.SZ
[22:23:20] [5分钟] 2692/5205: 300543.SZ OK
[22:23:20] [5分钟] 第 2693/5205 只: 000663.SZ
[22:23:20] [5分钟] 2693/5205: 000663.SZ OK
[22:23:20] [5分钟] 第 2694/5205 只: 002183.SZ
[22:23:20] [5分钟] 2694/5205: 002183.SZ OK
[22:23:20] [5分钟] 第 2695/5205 只: 002598.SZ
[22:23:20] [5分钟] 2695/5205: 002598.SZ OK
[22:23:20] [5分钟] 第 2696/5205 只: 002829.SZ
[22:23:20] [5分钟] 2696/5205: 002829.SZ OK
[22:23:20] [5分钟] 第 2697/5205 只: 002570.SZ
[22:23:20] [5分钟] 2697/5205: 002570.SZ OK
[22:23:20] [5分钟] 第 2698/5205 只: 300747.SZ
[22:23:20] [5分钟] 2698/5205: 300747.SZ OK
[22:23:20] [5分钟] 第 2699/5205 只: 300733.SZ
[22:23:20] [5分钟] 2699/5205: 300733.SZ OK
[22:23:20] [5分钟] 第 2700/5205 只: 300328.SZ
[22:23:20] [5分钟] 2700/5205: 300328.SZ OK
[22:23:20] [5分钟 2700/5205] 成功2700，失败0，当前 300328.SZ
[22:23:20] [5分钟] 第 2701/5205 只: 000008.SZ
[22:23:20] [5分钟] 2701/5205: 000008.SZ OK
[22:23:20] [5分钟] 第 2702/5205 只: 300645.SZ
[22:23:20] [5分钟] 2702/5205: 300645.SZ OK
[22:23:20] [5分钟] 第 2703/5205 只: 000565.SZ
[22:23:20] [5分钟] 2703/5205: 000565.SZ OK
[22:23:20] [5分钟] 第 2704/5205 只: 002472.SZ
[22:23:20] [5分钟] 2704/5205: 002472.SZ OK
[22:23:20] [5分钟] 第 2705/5205 只: 002069.SZ
[22:23:20] [5分钟] 2705/5205: 002069.SZ OK
[22:23:20] [5分钟] 第 2706/5205 只: 300631.SZ
[22:23:20] [5分钟] 2706/5205: 300631.SZ OK
[22:23:20] [5分钟] 第 2707/5205 只: 001391.SZ
[22:23:20] [5分钟] 2707/5205: 001391.SZ OK
[22:23:20] [5分钟] 第 2708/5205 只: 002406.SZ
[22:23:20] [5分钟] 2708/5205: 002406.SZ OK
[22:23:20] [5分钟] 第 2709/5205 只: 002081.SZ
[22:23:20] [5分钟] 2709/5205: 002081.SZ OK
[22:23:20] [5分钟] 第 2710/5205 只: 301059.SZ
[22:23:20] [5分钟] 2710/5205: 301059.SZ OK
[22:23:20] [5分钟] 第 2711/5205 只: 001379.SZ
[22:23:20] [5分钟] 2711/5205: 001379.SZ OK
[22:23:20] [5分钟] 第 2712/5205 只: 000848.SZ
[22:23:20] [5分钟] 2712/5205: 000848.SZ OK
[22:23:20] [5分钟] 第 2713/5205 只: 002563.SZ
[22:23:20] [5分钟] 2713/5205: 002563.SZ OK
[22:23:20] [5分钟] 第 2714/5205 只: 002178.SZ
[22:23:20] [5分钟] 2714/5205: 002178.SZ OK
[22:23:20] [5分钟] 第 2715/5205 只: 002517.SZ
[22:23:20] [5分钟] 2715/5205: 002517.SZ OK
[22:23:20] [5分钟] 第 2716/5205 只: 300720.SZ
[22:23:20] [5分钟] 2716/5205: 300720.SZ OK
[22:23:20] [5分钟] 第 2717/5205 只: 001280.SZ
[22:23:20] [5分钟] 2717/5205: 001280.SZ OK
[22:23:20] [5分钟] 第 2718/5205 只: 000400.SZ
[22:23:20] [5分钟] 2718/5205: 000400.SZ OK
[22:23:20] [5分钟] 第 2719/5205 只: 002190.SZ
[22:23:20] [5分钟] 2719/5205: 002190.SZ OK
[22:23:20] [5分钟] 第 2720/5205 只: 000959.SZ
[22:23:20] [5分钟] 2720/5205: 000959.SZ OK
[22:23:20] [5分钟] 第 2721/5205 只: 301148.SZ
[22:23:20] [5分钟] 2721/5205: 301148.SZ OK
[22:23:20] [5分钟] 第 2722/5205 只: 001268.SZ
[22:23:20] [5分钟] 2722/5205: 001268.SZ OK
[22:23:20] [5分钟] 第 2723/5205 只: 002938.SZ
[22:23:20] [5分钟] 2723/5205: 002938.SZ OK
[22:23:20] [5分钟] 第 2724/5205 只: 002092.SZ
[22:23:20] [5分钟] 2724/5205: 002092.SZ OK
[22:23:20] [5分钟] 第 2725/5205 只: 002489.SZ
[22:23:20] [5分钟] 2725/5205: 002489.SZ OK
[22:23:20] [5分钟] 第 2726/5205 只: 300656.SZ
[22:23:20] [5分钟] 2726/5205: 300656.SZ OK
[22:23:20] [5分钟] 第 2727/5205 只: 000576.SZ
[22:23:20] [5分钟] 2727/5205: 000576.SZ OK
[22:23:20] [5分钟] 第 2728/5205 只: 002461.SZ
[22:23:20] [5分钟] 2728/5205: 002461.SZ OK
[22:23:20] [5分钟] 第 2729/5205 只: 300622.SZ
[22:23:20] [5分钟] 2729/5205: 300622.SZ OK
[22:23:20] [5分钟] 第 2730/5205 只: 001382.SZ
[22:23:20] [5分钟] 2730/5205: 001382.SZ OK
[22:23:20] [5分钟] 第 2731/5205 只: 300239.SZ
[22:23:20] [5分钟] 2731/5205: 300239.SZ OK
[22:23:20] [5分钟] 第 2732/5205 只: 002415.SZ
[22:23:20] [5分钟] 2732/5205: 002415.SZ OK
[22:23:20] [5分钟] 第 2733/5205 只: 002296.SZ
[22:23:20] [5分钟] 2733/5205: 002296.SZ OK
[22:23:20] [5分钟] 第 2734/5205 只: 300426.SZ
[22:23:20] [5分钟] 2734/5205: 300426.SZ OK
[22:23:20] [5分钟] 第 2735/5205 只: 002611.SZ
[22:23:20] [5分钟] 2735/5205: 002611.SZ OK
[22:23:20] [5分钟] 第 2736/5205 只: 300997.SZ
[22:23:20] [5分钟] 2736/5205: 300997.SZ OK
[22:23:20] [5分钟] 第 2737/5205 只: 300049.SZ
[22:23:20] [5分钟] 2737/5205: 300049.SZ OK
[22:23:20] [5分钟] 第 2738/5205 只: 300452.SZ
[22:23:20] [5分钟] 2738/5205: 300452.SZ OK
[22:23:20] [5分钟] 第 2739/5205 只: 002713.SZ
[22:23:20] [5分钟] 2739/5205: 002713.SZ OK
[22:23:20] [5分钟] 第 2740/5205 只: 300895.SZ
[22:23:20] [5分钟] 2740/5205: 300895.SZ OK
[22:23:20] [5分钟] 第 2741/5205 只: 002767.SZ
[22:23:20] [5分钟] 2741/5205: 002767.SZ OK
[22:23:20] [5分钟] 第 2742/5205 只: 300550.SZ
[22:23:20] [5分钟] 2742/5205: 300550.SZ OK
[22:23:20] [5分钟] 第 2743/5205 只: 000670.SZ
[22:23:20] [5分钟] 2743/5205: 000670.SZ OK
[22:23:20] [5分钟] 第 2744/5205 只: 300809.SZ
[22:23:20] [5分钟] 2744/5205: 300809.SZ OK
[22:23:20] [5分钟] 第 2745/5205 只: 002394.SZ
[22:23:20] [5分钟] 2745/5205: 002394.SZ OK
[22:23:20] [5分钟] 第 2746/5205 只: 301338.SZ
[22:23:20] [5分钟] 2746/5205: 301338.SZ OK
[22:23:20] [5分钟] 第 2747/5205 只: 000698.SZ
[22:23:20] [5分钟] 2747/5205: 000698.SZ OK
[22:23:20] [5分钟] 第 2748/5205 只: 301018.SZ
[22:23:20] [5分钟] 2748/5205: 301018.SZ OK
[22:23:20] [5分钟] 第 2749/5205 只: 300698.SZ
[22:23:20] [5分钟] 2749/5205: 300698.SZ OK
[22:23:20] [5分钟] 第 2750/5205 只: 001338.SZ
[22:23:20] [5分钟] 2750/5205: 001338.SZ OK
[22:23:20] [5分钟 2750/5205] 成功2750，失败0，当前 001338.SZ
[22:23:20] [5分钟] 第 2751/5205 只: 300283.SZ
[22:23:20] [5分钟] 2751/5205: 300283.SZ OK
[22:23:20] [5分钟] 第 2752/5205 只: 000809.SZ
[22:23:20] [5分钟] 2752/5205: 000809.SZ OK
[22:23:20] [5分钟] 第 2753/5205 只: 300670.SZ
[22:23:20] [5分钟] 2753/5205: 300670.SZ OK
[22:23:20] [5分钟] 第 2754/5205 只: 000550.SZ
[22:23:20] [5分钟] 2754/5205: 000550.SZ OK
[22:23:20] [5分钟] 第 2755/5205 只: 300604.SZ
[22:23:20] [5分钟] 2755/5205: 300604.SZ OK
[22:23:20] [5分钟] 第 2756/5205 只: 002982.SZ
[22:23:20] [5分钟] 2756/5205: 002982.SZ OK
[22:23:20] [5分钟] 第 2757/5205 只: 000524.SZ
[22:23:20] [5分钟] 2757/5205: 000524.SZ OK
[22:23:20] [5分钟] 第 2758/5205 只: 000895.SZ
[22:23:20] [5分钟] 2758/5205: 000895.SZ OK
[22:23:20] [5分钟] 第 2759/5205 只: 002028.SZ
[22:23:20] [5分钟] 2759/5205: 002028.SZ OK
[22:23:20] [5分钟] 第 2760/5205 只: 002545.SZ
[22:23:20] [5分钟] 2760/5205: 002545.SZ OK
[22:23:20] [5分钟] 第 2761/5205 只: 300369.SZ
[22:23:20] [5分钟] 2761/5205: 300369.SZ OK
[22:23:20] [5分钟] 第 2762/5205 只: 300772.SZ
[22:23:20] [5分钟] 2762/5205: 300772.SZ OK
[22:23:20] [5分钟] 第 2763/5205 只: 000049.SZ
[22:23:20] [5分钟] 2763/5205: 000049.SZ OK
[22:23:20] [5分钟] 第 2764/5205 只: 000997.SZ
[22:23:20] [5分钟] 2764/5205: 000997.SZ OK
[22:23:20] [5分钟] 第 2765/5205 只: 002531.SZ
[22:23:20] [5分钟] 2765/5205: 002531.SZ OK
[22:23:20] [5分钟] 第 2766/5205 只: 300706.SZ
[22:23:20] [5分钟] 2766/5205: 300706.SZ OK
[22:23:20] [5分钟] 第 2767/5205 只: 301186.SZ
[22:23:20] [5分钟] 2767/5205: 301186.SZ OK
[22:23:20] [5分钟] 第 2768/5205 只: 002880.SZ
[22:23:20] [5分钟] 2768/5205: 002880.SZ OK
[22:23:20] [5分钟] 第 2769/5205 只: 000426.SZ
[22:23:20] [5分钟] 2769/5205: 000426.SZ OK
[22:23:20] [5分钟] 第 2770/5205 只: 301501.SZ
[22:23:20] [5分钟] 2770/5205: 301501.SZ OK
[22:23:20] [5分钟] 第 2771/5205 只: 300381.SZ
[22:23:20] [5分钟] 2771/5205: 300381.SZ OK
[22:23:20] [5分钟] 第 2772/5205 只: 301575.SZ
[22:23:20] [5分钟] 2772/5205: 301575.SZ OK
[22:23:20] [5分钟] 第 2773/5205 只: 002868.SZ
[22:23:20] [5分钟] 2773/5205: 002868.SZ OK
[22:23:20] [5分钟] 第 2774/5205 只: 002735.SZ
[22:23:20] [5分钟] 2774/5205: 002735.SZ OK
[22:23:20] [5分钟] 第 2775/5205 只: 300502.SZ
[22:23:20] [5分钟] 2775/5205: 300502.SZ OK
[22:23:20] [5分钟] 第 2776/5205 只: 300119.SZ
[22:23:20] [5分钟] 2776/5205: 300119.SZ OK
[22:23:20] [5分钟] 第 2777/5205 只: 301382.SZ
[22:23:20] [5分钟] 2777/5205: 301382.SZ OK
[22:23:20] [5分钟] 第 2778/5205 只: 002741.SZ
[22:23:20] [5分钟] 2778/5205: 002741.SZ OK
[22:23:20] [5分钟] 第 2779/5205 只: 300576.SZ
[22:23:20] [5分钟] 2779/5205: 300576.SZ OK
[22:23:20] [5分钟] 第 2780/5205 只: 000656.SZ
[22:23:20] [5分钟] 2780/5205: 000656.SZ OK
[22:23:20] [5分钟] 第 2781/5205 只: 300185.SZ
[22:23:20] [5分钟] 2781/5205: 300185.SZ OK
[22:23:20] [5分钟] 第 2782/5205 只: 301268.SZ
[22:23:20] [5分钟] 2782/5205: 301268.SZ OK
[22:23:20] [5分钟] 第 2783/5205 只: 300959.SZ
[22:23:20] [5分钟] 2783/5205: 300959.SZ OK
[22:23:20] [5分钟] 第 2784/5205 只: 301607.SZ
[22:23:20] [5分钟] 2784/5205: 301607.SZ OK
[22:23:20] [5分钟] 第 2785/5205 只: 300087.SZ
[22:23:20] [5分钟] 2785/5205: 300087.SZ OK
[22:23:20] [5分钟] 第 2786/5205 只: 001896.SZ
[22:23:20] [5分钟] 2786/5205: 001896.SZ OK
[22:23:20] [5分钟] 第 2787/5205 只: 300400.SZ
[22:23:20] [5分钟] 2787/5205: 300400.SZ OK
[22:23:20] [5分钟] 第 2788/5205 只: 301280.SZ
[22:23:20] [5分钟] 2788/5205: 301280.SZ OK
[22:23:20] [5分钟] 第 2789/5205 只: 000720.SZ
[22:23:20] [5分钟] 2789/5205: 000720.SZ OK
[22:23:20] [5分钟] 第 2790/5205 只: 002637.SZ
[22:23:20] [5分钟] 2790/5205: 002637.SZ OK
[22:23:20] [5分钟] 第 2791/5205 只: 300474.SZ
[22:23:20] [5分钟] 2791/5205: 300474.SZ OK
[22:23:20] [5分钟] 第 2792/5205 只: 002643.SZ
[22:23:20] [5分钟] 2792/5205: 002643.SZ OK
[22:23:20] [5分钟] 第 2793/5205 只: 002258.SZ
[22:23:20] [5分钟] 2793/5205: 002258.SZ OK
[22:23:20] [5分钟] 第 2794/5205 只: 300848.SZ
[22:23:20] [5分钟] 2794/5205: 300848.SZ OK
[22:23:20] [5分钟] 第 2795/5205 只: 301379.SZ
[22:23:20] [5分钟] 2795/5205: 301379.SZ OK
[22:23:20] [5分钟] 第 2796/5205 只: 300196.SZ
[22:23:20] [5分钟] 2796/5205: 300196.SZ OK
[22:23:20] [5分钟] 第 2797/5205 只: 002726.SZ
[22:23:20] [5分钟] 2797/5205: 002726.SZ OK
[22:23:20] [5分钟] 第 2798/5205 只: 300511.SZ
[22:23:20] [5分钟] 2798/5205: 300511.SZ OK
[22:23:20] [5分钟] 第 2799/5205 只: 301391.SZ
[22:23:20] [5分钟] 2799/5205: 301391.SZ OK
[22:23:20] [5分钟] 第 2800/5205 只: 000631.SZ
[22:23:20] [5分钟] 2800/5205: 000631.SZ OK
[22:23:20] [5分钟 2800/5205] 成功2800，失败0，当前 000631.SZ
[22:23:20] [5分钟] 第 2801/5205 只: 002752.SZ
[22:23:20] [5分钟] 2801/5205: 002752.SZ OK
[22:23:20] [5分钟] 第 2802/5205 只: 002349.SZ
[22:23:20] [5分钟] 2802/5205: 002349.SZ OK
[22:23:20] [5分钟] 第 2803/5205 只: 300565.SZ
[22:23:20] [5分钟] 2803/5205: 300565.SZ OK
[22:23:20] [5分钟] 第 2804/5205 只: 300413.SZ
[22:23:20] [5分钟] 2804/5205: 300413.SZ OK
[22:23:20] [5分钟] 第 2805/5205 只: 300008.SZ
[22:23:20] [5分钟] 2805/5205: 300008.SZ OK
[22:23:20] [5分钟] 第 2806/5205 只: 301293.SZ
[22:23:20] [5分钟] 2806/5205: 301293.SZ OK
[22:23:20] [5分钟] 第 2807/5205 只: 000733.SZ
[22:23:20] [5分钟] 2807/5205: 000733.SZ OK
[22:23:20] [5分钟] 第 2808/5205 只: 002624.SZ
[22:23:20] [5分钟] 2808/5205: 002624.SZ OK
[22:23:20] [5分钟] 第 2809/5205 只: 300467.SZ
[22:23:20] [5分钟] 2809/5205: 300467.SZ OK
[22:23:20] [5分钟] 第 2810/5205 只: 002650.SZ
[22:23:20] [5分钟] 2810/5205: 002650.SZ OK
[22:23:20] [5分钟] 第 2811/5205 只: 300094.SZ
[22:23:20] [5分钟] 2811/5205: 300094.SZ OK
[22:23:20] [5分钟] 第 2812/5205 只: 003038.SZ
[22:23:20] [5分钟] 2812/5205: 003038.SZ OK
[22:23:20] [5分钟] 第 2813/5205 只: 300278.SZ
[22:23:20] [5分钟] 2813/5205: 300278.SZ OK
[22:23:20] [5分钟] 第 2814/5205 只: 300663.SZ
[22:23:20] [5分钟] 2814/5205: 300663.SZ OK
[22:23:20] [5分钟] 第 2815/5205 只: 000543.SZ
[22:23:20] [5分钟] 2815/5205: 000543.SZ OK
[22:23:20] [5分钟] 第 2816/5205 只: 000158.SZ
[22:23:20] [5分钟] 2816/5205: 000158.SZ OK
[22:23:20] [5分钟] 第 2817/5205 只: 002454.SZ
[22:23:20] [5分钟] 2817/5205: 002454.SZ OK
[22:23:20] [5分钟] 第 2818/5205 只: 300617.SZ
[22:23:20] [5分钟] 2818/5205: 300617.SZ OK
[22:23:20] [5分钟] 第 2819/5205 只: 002991.SZ
[22:23:20] [5分钟] 2819/5205: 002991.SZ OK
[22:23:20] [5分钟] 第 2820/5205 只: 301097.SZ
[22:23:20] [5分钟] 2820/5205: 301097.SZ OK
[22:23:20] [5分钟] 第 2821/5205 只: 000537.SZ
[22:23:20] [5分钟] 2821/5205: 000537.SZ OK
[22:23:20] [5分钟] 第 2822/5205 只: 000886.SZ
[22:23:20] [5分钟] 2822/5205: 000886.SZ OK
[22:23:20] [5分钟] 第 2823/5205 只: 002420.SZ
[22:23:20] [5分钟] 2823/5205: 002420.SZ OK
[22:23:20] [5分钟] 第 2824/5205 只: 300290.SZ
[22:23:20] [5分钟] 2824/5205: 300290.SZ OK
[22:23:20] [5分钟] 第 2825/5205 只: 002979.SZ
[22:23:20] [5分钟] 2825/5205: 002979.SZ OK
[22:23:20] [5分钟] 第 2826/5205 只: 301109.SZ
[22:23:20] [5分钟] 2826/5205: 301109.SZ OK
[22:23:20] [5分钟] 第 2827/5205 只: 301512.SZ
[22:23:20] [5分钟] 2827/5205: 301512.SZ OK
[22:23:20] [5分钟] 第 2828/5205 只: 300789.SZ
[22:23:20] [5分钟] 2828/5205: 300789.SZ OK
[22:23:20] [5分钟] 第 2829/5205 只: 001229.SZ
[22:23:20] [5分钟] 2829/5205: 001229.SZ OK
[22:23:20] [5分钟] 第 2830/5205 只: 301566.SZ
[22:23:20] [5分钟] 2830/5205: 301566.SZ OK
[22:23:20] [5分钟] 第 2831/5205 只: 002556.SZ
[22:23:20] [5分钟] 2831/5205: 002556.SZ OK
[22:23:20] [5分钟] 第 2832/5205 只: 300761.SZ
[22:23:20] [5分钟] 2832/5205: 300761.SZ OK
[22:23:20] [5分钟] 第 2833/5205 只: 002139.SZ
[22:23:20] [5分钟] 2833/5205: 002139.SZ OK
[22:23:20] [5分钟] 第 2834/5205 只: 002522.SZ
[22:23:20] [5分钟] 2834/5205: 002522.SZ OK
[22:23:20] [5分钟] 第 2835/5205 只: 300715.SZ
[22:23:20] [5分钟] 2835/5205: 300715.SZ OK
[22:23:20] [5分钟] 第 2836/5205 只: 301195.SZ
[22:23:20] [5分钟] 2836/5205: 301195.SZ OK
[22:23:20] [5分钟] 第 2837/5205 只: 002893.SZ
[22:23:20] [5分钟] 2837/5205: 002893.SZ OK
[22:23:20] [5分钟] 第 2838/5205 只: 002362.SZ
[22:23:20] [5分钟] 2838/5205: 002362.SZ OK
[22:23:20] [5分钟] 第 2839/5205 只: 002779.SZ
[22:23:20] [5分钟] 2839/5205: 002779.SZ OK
[22:23:20] [5分钟] 第 2840/5205 只: 300155.SZ
[22:23:20] [5分钟] 2840/5205: 300155.SZ OK
[22:23:20] [5分钟] 第 2841/5205 只: 002316.SZ
[22:23:21] [5分钟] 2841/5205: 002316.SZ OK
[22:23:21] [5分钟] 第 2842/5205 只: 300121.SZ
[22:23:21] [5分钟] 2842/5205: 300121.SZ OK
[22:23:21] [5分钟] 第 2843/5205 只: 300817.SZ
[22:23:21] [5分钟] 2843/5205: 300817.SZ OK
[22:23:21] [5分钟] 第 2844/5205 只: 002791.SZ
[22:23:21] [5分钟] 2844/5205: 002791.SZ OK
[22:23:21] [5分钟] 第 2845/5205 只: 000686.SZ
[22:23:21] [5分钟] 2845/5205: 000686.SZ OK
[22:23:21] [5分钟] 第 2846/5205 只: 301326.SZ
[22:23:21] [5分钟] 2846/5205: 301326.SZ OK
[22:23:21] [5分钟] 第 2847/5205 只: 300863.SZ
[22:23:21] [5分钟] 2847/5205: 300863.SZ OK
[22:23:21] [5分钟] 第 2848/5205 只: 300915.SZ
[22:23:21] [5分钟] 2848/5205: 300915.SZ OK
[22:23:21] [5分钟] 第 2849/5205 只: 003013.SZ
[22:23:21] [5分钟] 2849/5205: 003013.SZ OK
[22:23:21] [5分钟] 第 2850/5205 只: 002693.SZ
[22:23:21] [5分钟] 2850/5205: 002693.SZ OK
[22:23:21] [5分钟 2850/5205] 成功2850，失败0，当前 002693.SZ
[22:23:21] [5分钟] 第 2851/5205 只: 300961.SZ
[22:23:21] [5分钟] 2851/5205: 300961.SZ OK
[22:23:21] [5分钟] 第 2852/5205 只: 300057.SZ
[22:23:21] [5分钟] 2852/5205: 300057.SZ OK
[22:23:21] [5分钟] 第 2853/5205 只: 300438.SZ
[22:23:21] [5分钟] 2853/5205: 300438.SZ OK
[22:23:21] [5分钟] 第 2854/5205 只: 000718.SZ
[22:23:21] [5分钟] 2854/5205: 000718.SZ OK
[22:23:21] [5分钟] 第 2855/5205 只: 002214.SZ
[22:23:21] [5分钟] 2855/5205: 002214.SZ OK
[22:23:21] [5分钟] 第 2856/5205 只: 300989.SZ
[22:23:21] [5分钟] 2856/5205: 300989.SZ OK
[22:23:21] [5分钟] 第 2857/5205 只: 002952.SZ
[22:23:21] [5分钟] 2857/5205: 002952.SZ OK
[22:23:21] [5分钟] 第 2858/5205 只: 301020.SZ
[22:23:21] [5分钟] 2858/5205: 301020.SZ OK
[22:23:21] [5分钟] 第 2859/5205 只: 002926.SZ
[22:23:21] [5分钟] 2859/5205: 002926.SZ OK
[22:23:21] [5分钟] 第 2860/5205 只: 001300.SZ
[22:23:21] [5分钟] 2860/5205: 001300.SZ OK
[22:23:21] [5分钟] 第 2861/5205 只: 002497.SZ
[22:23:21] [5分钟] 2861/5205: 002497.SZ OK
[22:23:21] [5分钟] 第 2862/5205 只: 000831.SZ
[22:23:21] [5分钟] 2862/5205: 000831.SZ OK
[22:23:21] [5分钟] 第 2863/5205 只: 300227.SZ
[22:23:21] [5分钟] 2863/5205: 300227.SZ OK
[22:23:21] [5分钟] 第 2864/5205 只: 002010.SZ
[22:23:21] [5分钟] 2864/5205: 002010.SZ OK
[22:23:21] [5分钟] 第 2865/5205 只: 300648.SZ
[22:23:21] [5分钟] 2865/5205: 300648.SZ OK
[22:23:21] [5分钟] 第 2866/5205 只: 300253.SZ
[22:23:21] [5分钟] 2866/5205: 300253.SZ OK
[22:23:21] [5分钟] 第 2867/5205 只: 000568.SZ
[22:23:21] [5分钟] 2867/5205: 000568.SZ OK
[22:23:21] [5分钟] 第 2868/5205 只: 002064.SZ
[22:23:21] [5分钟] 2868/5205: 002064.SZ OK
[22:23:21] [5分钟] 第 2869/5205 只: 002112.SZ
[22:23:21] [5分钟] 2869/5205: 002112.SZ OK
[22:23:21] [5分钟] 第 2870/5205 只: 002166.SZ
[22:23:21] [5分钟] 2870/5205: 002166.SZ OK
[22:23:21] [5分钟] 第 2871/5205 只: 300351.SZ
[22:23:21] [5分钟] 2871/5205: 300351.SZ OK
[22:23:21] [5分钟] 第 2872/5205 只: 301156.SZ
[22:23:21] [5分钟] 2872/5205: 301156.SZ OK
[22:23:21] [5分钟] 第 2873/5205 只: 002850.SZ
[22:23:21] [5分钟] 2873/5205: 002850.SZ OK
[22:23:21] [5分钟] 第 2874/5205 只: 002595.SZ
[22:23:21] [5分钟] 2874/5205: 002595.SZ OK
[22:23:21] [5分钟] 第 2875/5205 只: 000933.SZ
[22:23:21] [5分钟] 2875/5205: 000933.SZ OK
[22:23:21] [5分钟] 第 2876/5205 只: 301539.SZ
[22:23:21] [5分钟] 2876/5205: 301539.SZ OK
[22:23:21] [5分钟] 第 2877/5205 只: 002824.SZ
[22:23:21] [5分钟] 2877/5205: 002824.SZ OK
[22:23:21] [5分钟] 第 2878/5205 只: 301122.SZ
[22:23:21] [5分钟] 2878/5205: 301122.SZ OK
[22:23:21] [5分钟] 第 2879/5205 只: 000099.SZ
[22:23:21] [5分钟] 2879/5205: 000099.SZ OK
[22:23:21] [5分钟] 第 2880/5205 只: 001202.SZ
[22:23:21] [5分钟] 2880/5205: 001202.SZ OK
[22:23:21] [5分钟] 第 2881/5205 只: 300234.SZ
[22:23:21] [5分钟] 2881/5205: 300234.SZ OK
[22:23:21] [5分钟] 第 2882/5205 只: 002418.SZ
[22:23:21] [5分钟] 2882/5205: 002418.SZ OK
[22:23:21] [5分钟] 第 2883/5205 只: 002003.SZ
[22:23:21] [5分钟] 2883/5205: 002003.SZ OK
[22:23:21] [5分钟] 第 2884/5205 只: 300240.SZ
[22:23:21] [5分钟] 2884/5205: 300240.SZ OK
[22:23:21] [5分钟] 第 2885/5205 只: 002077.SZ
[22:23:21] [5分钟] 2885/5205: 002077.SZ OK
[22:23:21] [5分钟] 第 2886/5205 只: 002941.SZ
[22:23:21] [5分钟] 2886/5205: 002941.SZ OK
[22:23:21] [5分钟] 第 2887/5205 只: 301047.SZ
[22:23:21] [5分钟] 2887/5205: 301047.SZ OK
[22:23:21] [5分钟] 第 2888/5205 只: 001367.SZ
[22:23:21] [5分钟] 2888/5205: 001367.SZ OK
[22:23:21] [5分钟] 第 2889/5205 只: 000856.SZ
[22:23:21] [5分钟] 2889/5205: 000856.SZ OK
[22:23:21] [5分钟] 第 2890/5205 只: 301428.SZ
[22:23:21] [5分钟] 2890/5205: 301428.SZ OK
[22:23:21] [5分钟] 第 2891/5205 只: 000593.SZ
[22:23:21] [5分钟] 2891/5205: 000593.SZ OK
[22:23:21] [5分钟] 第 2892/5205 只: 301033.SZ
[22:23:21] [5分钟] 2892/5205: 301033.SZ OK
[22:23:21] [5分钟] 第 2893/5205 只: 002935.SZ
[22:23:21] [5分钟] 2893/5205: 002935.SZ OK
[22:23:21] [5分钟] 第 2894/5205 只: 001313.SZ
[22:23:21] [5分钟] 2894/5205: 001313.SZ OK
[22:23:21] [5分钟] 第 2895/5205 只: 002484.SZ
[22:23:21] [5分钟] 2895/5205: 002484.SZ OK
[22:23:21] [5分钟] 第 2896/5205 只: 000822.SZ
[22:23:21] [5分钟] 2896/5205: 000822.SZ OK
[22:23:21] [5分钟] 第 2897/5205 只: 002843.SZ
[22:23:21] [5分钟] 2897/5205: 002843.SZ OK
[22:23:21] [5分钟] 第 2898/5205 只: 002586.SZ
[22:23:21] [5分钟] 2898/5205: 002586.SZ OK
[22:23:21] [5分钟] 第 2899/5205 只: 000920.SZ
[22:23:21] [5分钟] 2899/5205: 000920.SZ OK
[22:23:21] [5分钟] 第 2900/5205 只: 002837.SZ
[22:23:21] [5分钟] 2900/5205: 002837.SZ OK
[22:23:21] [5分钟 2900/5205] 成功2900，失败0，当前 002837.SZ
[22:23:21] [5分钟] 第 2901/5205 只: 301131.SZ
[22:23:21] [5分钟] 2901/5205: 301131.SZ OK
[22:23:21] [5分钟] 第 2902/5205 只: 001211.SZ
[22:23:21] [5分钟] 2902/5205: 001211.SZ OK
[22:23:21] [5分钟] 第 2903/5205 只: 002101.SZ
[22:23:21] [5分钟] 2903/5205: 002101.SZ OK
[22:23:21] [5分钟] 第 2904/5205 只: 001696.SZ
[22:23:21] [5分钟] 2904/5205: 001696.SZ OK
[22:23:21] [5分钟] 第 2905/5205 只: 000016.SZ
[22:23:21] [5分钟] 2905/5205: 000016.SZ OK
[22:23:21] [5分钟] 第 2906/5205 只: 002175.SZ
[22:23:21] [5分钟] 2906/5205: 002175.SZ OK
[22:23:21] [5分钟] 第 2907/5205 只: 300759.SZ
[22:23:21] [5分钟] 2907/5205: 300759.SZ OK
[22:23:21] [5分钟] 第 2908/5205 只: 300342.SZ
[22:23:21] [5分钟] 2908/5205: 300342.SZ OK
[22:23:21] [5分钟] 第 2909/5205 只: 000062.SZ
[22:23:21] [5分钟] 2909/5205: 000062.SZ OK
[22:23:21] [5分钟] 第 2910/5205 只: 300804.SZ
[22:23:21] [5分钟] 2910/5205: 300804.SZ OK
[22:23:21] [5分钟] 第 2911/5205 只: 002782.SZ
[22:23:21] [5分钟] 2911/5205: 002782.SZ OK
[22:23:21] [5分钟] 第 2912/5205 只: 002399.SZ
[22:23:21] [5分钟] 2912/5205: 002399.SZ OK
[22:23:21] [5分钟] 第 2913/5205 只: 000695.SZ
[22:23:21] [5分钟] 2913/5205: 000695.SZ OK
[22:23:21] [5分钟] 第 2914/5205 只: 301335.SZ
[22:23:21] [5分钟] 2914/5205: 301335.SZ OK
[22:23:21] [5分钟] 第 2915/5205 只: 300870.SZ
[22:23:21] [5分钟] 2915/5205: 300870.SZ OK
[22:23:21] [5分钟] 第 2916/5205 只: 002371.SZ
[22:23:21] [5分钟] 2916/5205: 002371.SZ OK
[22:23:21] [5分钟] 第 2917/5205 只: 300146.SZ
[22:23:21] [5分钟] 2917/5205: 300146.SZ OK
[22:23:21] [5分钟] 第 2918/5205 只: 002305.SZ
[22:23:21] [5分钟] 2918/5205: 002305.SZ OK
[22:23:21] [5分钟] 第 2919/5205 只: 300898.SZ
[22:23:21] [5分钟] 2919/5205: 300898.SZ OK
[22:23:21] [5分钟] 第 2920/5205 只: 300132.SZ
[22:23:21] [5分钟] 2920/5205: 300132.SZ OK
[22:23:21] [5分钟] 第 2921/5205 只: 300529.SZ
[22:23:21] [5分钟] 2921/5205: 300529.SZ OK
[22:23:21] [5分钟] 第 2922/5205 只: 000609.SZ
[22:23:21] [5分钟] 2922/5205: 000609.SZ OK
[22:23:21] [5分钟] 第 2923/5205 只: 300044.SZ
[22:23:21] [5分钟] 2923/5205: 300044.SZ OK
[22:23:21] [5分钟] 第 2924/5205 只: 002273.SZ
[22:23:21] [5分钟] 2924/5205: 002273.SZ OK
[22:23:21] [5分钟] 第 2925/5205 只: 002668.SZ
[22:23:21] [5分钟] 2925/5205: 002668.SZ OK
[22:23:21] [5分钟] 第 2926/5205 只: 300030.SZ
[22:23:21] [5分钟] 2926/5205: 300030.SZ OK
[22:23:21] [5分钟] 第 2927/5205 只: 002207.SZ
[22:23:21] [5分钟] 2927/5205: 002207.SZ OK
[22:23:21] [5分钟] 第 2928/5205 只: 000797.SZ
[22:23:21] [5分钟] 2928/5205: 000797.SZ OK
[22:23:21] [5分钟] 第 2929/5205 只: 301237.SZ
[22:23:21] [5分钟] 2929/5205: 301237.SZ OK
[22:23:21] [5分钟] 第 2930/5205 只: 300906.SZ
[22:23:21] [5分钟] 2930/5205: 300906.SZ OK
[22:23:21] [5分钟] 第 2931/5205 只: 003000.SZ
[22:23:21] [5分钟] 2931/5205: 003000.SZ OK
[22:23:21] [5分钟] 第 2932/5205 只: 301658.SZ
[22:23:21] [5分钟] 2932/5205: 301658.SZ OK
[22:23:21] [5分钟] 第 2933/5205 只: 300972.SZ
[22:23:21] [5分钟] 2933/5205: 300972.SZ OK
[22:23:21] [5分钟] 第 2934/5205 只: 000972.SZ
[22:23:21] [5分钟] 2934/5205: 000972.SZ OK
[22:23:21] [5分钟] 第 2935/5205 只: 002865.SZ
[22:23:21] [5分钟] 2935/5205: 002865.SZ OK
[22:23:21] [5分钟] 第 2936/5205 只: 301163.SZ
[22:23:21] [5分钟] 2936/5205: 301163.SZ OK
[22:23:21] [5分钟] 第 2937/5205 只: 301578.SZ
[22:23:21] [5分钟] 2937/5205: 301578.SZ OK
[22:23:21] [5分钟] 第 2938/5205 只: 000906.SZ
[22:23:21] [5分钟] 2938/5205: 000906.SZ OK
[22:23:21] [5分钟] 第 2939/5205 只: 301117.SZ
[22:23:21] [5分钟] 2939/5205: 301117.SZ OK
[22:23:21] [5分钟] 第 2940/5205 只: 002811.SZ
[22:23:21] [5分钟] 2940/5205: 002811.SZ OK
[22:23:21] [5分钟] 第 2941/5205 只: 001237.SZ
[22:23:21] [5分钟] 2941/5205: 001237.SZ OK
[22:23:21] [5分钟] 第 2942/5205 只: 300797.SZ
[22:23:21] [5分钟] 2942/5205: 300797.SZ OK
[22:23:21] [5分钟] 第 2943/5205 只: 002127.SZ
[22:23:21] [5分钟] 2943/5205: 002127.SZ OK
[22:23:21] [5分钟] 第 2944/5205 只: 300310.SZ
[22:23:21] [5分钟] 2944/5205: 300310.SZ OK
[22:23:21] [5分钟] 第 2945/5205 只: 301590.SZ
[22:23:21] [5分钟] 2945/5205: 301590.SZ OK
[22:23:21] [5分钟] 第 2946/5205 只: 000030.SZ
[22:23:21] [5分钟] 2946/5205: 000030.SZ OK
[22:23:21] [5分钟] 第 2947/5205 只: 002153.SZ
[22:23:21] [5分钟] 2947/5205: 002153.SZ OK
[22:23:21] [5分钟] 第 2948/5205 只: 002548.SZ
[22:23:21] [5分钟] 2948/5205: 002548.SZ OK
[22:23:21] [5分钟] 第 2949/5205 只: 300364.SZ
[22:23:21] [5分钟] 2949/5205: 300364.SZ OK
[22:23:21] [5分钟] 第 2950/5205 只: 300212.SZ
[22:23:21] [5分钟] 2950/5205: 300212.SZ OK
[22:23:21] [5分钟 2950/5205] 成功2950，失败0，当前 300212.SZ
[22:23:21] [5分钟] 第 2951/5205 只: 300609.SZ
[22:23:21] [5分钟] 2951/5205: 300609.SZ OK
[22:23:21] [5分钟] 第 2952/5205 只: 000529.SZ
[22:23:21] [5分钟] 2952/5205: 000529.SZ OK
[22:23:21] [5分钟] 第 2953/5205 只: 301089.SZ
[22:23:21] [5分钟] 2953/5205: 301089.SZ OK
[22:23:21] [5分钟] 第 2954/5205 只: 000898.SZ
[22:23:21] [5分钟] 2954/5205: 000898.SZ OK
[22:23:21] [5分钟] 第 2955/5205 只: 002025.SZ
[22:23:21] [5分钟] 2955/5205: 002025.SZ OK
[22:23:21] [5分钟] 第 2956/5205 只: 300266.SZ
[22:23:21] [5分钟] 2956/5205: 300266.SZ OK
[22:23:21] [5分钟] 第 2957/5205 只: 002051.SZ
[22:23:21] [5分钟] 2957/5205: 002051.SZ OK
[22:23:21] [5分钟] 第 2958/5205 只: 301061.SZ
[22:23:21] [5分钟] 2958/5205: 301061.SZ OK
[22:23:21] [5分钟] 第 2959/5205 只: 002967.SZ
[22:23:21] [5分钟] 2959/5205: 002967.SZ OK
[22:23:21] [5分钟] 第 2960/5205 只: 002913.SZ
[22:23:21] [5分钟] 2960/5205: 002913.SZ OK
[22:23:21] [5分钟] 第 2961/5205 只: 301015.SZ
[22:23:21] [5分钟] 2961/5205: 301015.SZ OK
[22:23:21] [5分钟] 第 2962/5205 只: 001335.SZ
[22:23:21] [5分钟] 2962/5205: 001335.SZ OK
[22:23:21] [5分钟] 第 2963/5205 只: 300695.SZ
[22:23:21] [5分钟] 2963/5205: 300695.SZ OK
[22:23:21] [5分钟] 第 2964/5205 只: 300479.SZ
[22:23:21] [5分钟] 2964/5205: 300479.SZ OK
[22:23:21] [5分钟] 第 2965/5205 只: 300062.SZ
[22:23:21] [5分钟] 2965/5205: 300062.SZ OK
[22:23:21] [5分钟] 第 2966/5205 只: 000759.SZ
[22:23:21] [5分钟] 2966/5205: 000759.SZ OK
[22:23:21] [5分钟] 第 2967/5205 只: 002255.SZ
[22:23:21] [5分钟] 2967/5205: 002255.SZ OK
[22:23:21] [5分钟] 第 2968/5205 只: 300016.SZ
[22:23:21] [5分钟] 2968/5205: 300016.SZ OK
[22:23:21] [5分钟] 第 2969/5205 只: 301696.SZ
[22:23:21] [5分钟] 2969/5205: 301696.SZ OK
[22:23:21] [5分钟] 第 2970/5205 只: 002221.SZ
[22:23:21] [5分钟] 2970/5205: 002221.SZ OK
[22:23:21] [5分钟] 第 2971/5205 只: 301211.SZ
[22:23:21] [5分钟] 2971/5205: 301211.SZ OK
[22:23:21] [5分钟] 第 2972/5205 只: 300491.SZ
[22:23:21] [5分钟] 2972/5205: 300491.SZ OK
[22:23:21] [5分钟] 第 2973/5205 只: 003026.SZ
[22:23:21] [5分钟] 2973/5205: 003026.SZ OK
[22:23:21] [5分钟] 第 2974/5205 只: 300920.SZ
[22:23:21] [5分钟] 2974/5205: 300920.SZ OK
[22:23:21] [5分钟] 第 2975/5205 只: 301265.SZ
[22:23:21] [5分钟] 2975/5205: 301265.SZ OK
[22:23:21] [5分钟] 第 2976/5205 只: 300822.SZ
[22:23:21] [5分钟] 2976/5205: 300822.SZ OK
[22:23:21] [5分钟] 第 2977/5205 只: 301313.SZ
[22:23:21] [5分钟] 2977/5205: 301313.SZ OK
[22:23:21] [5分钟] 第 2978/5205 只: 300188.SZ
[22:23:21] [5分钟] 2978/5205: 300188.SZ OK
[22:23:21] [5分钟] 第 2979/5205 只: 300593.SZ
[22:23:21] [5分钟] 2979/5205: 300593.SZ OK
[22:23:21] [5分钟] 第 2980/5205 只: 300856.SZ
[22:23:21] [5分钟] 2980/5205: 300856.SZ OK
[22:23:21] [5分钟] 第 2981/5205 只: 301367.SZ
[22:23:21] [5分钟] 2981/5205: 301367.SZ OK
[22:23:21] [5分钟] 第 2982/5205 只: 002357.SZ
[22:23:21] [5分钟] 2982/5205: 002357.SZ OK
[22:23:21] [5分钟] 第 2983/5205 只: 300160.SZ
[22:23:21] [5分钟] 2983/5205: 300160.SZ OK
[22:23:21] [5分钟] 第 2984/5205 只: 002738.SZ
[22:23:21] [5分钟] 2984/5205: 002738.SZ OK
[22:23:21] [5分钟] 第 2985/5205 只: 002323.SZ
[22:23:21] [5分钟] 2985/5205: 002323.SZ OK
[22:23:21] [5分钟] 第 2986/5205 只: 301202.SZ
[22:23:21] [5分钟] 2986/5205: 301202.SZ OK
[22:23:21] [5分钟] 第 2987/5205 只: 300099.SZ
[22:23:21] [5分钟] 2987/5205: 300099.SZ OK
[22:23:21] [5分钟] 第 2988/5205 只: 300482.SZ
[22:23:21] [5分钟] 2988/5205: 300482.SZ OK
[22:23:21] [5分钟] 第 2989/5205 只: 003035.SZ
[22:23:21] [5分钟] 2989/5205: 003035.SZ OK
[22:23:21] [5分钟] 第 2990/5205 只: 300933.SZ
[22:23:21] [5分钟] 2990/5205: 300933.SZ OK
[22:23:21] [5分钟] 第 2991/5205 只: 301276.SZ
[22:23:21] [5分钟] 2991/5205: 301276.SZ OK
[22:23:21] [5分钟] 第 2992/5205 只: 300947.SZ
[22:23:21] [5分钟] 2992/5205: 300947.SZ OK
[22:23:21] [5分钟] 第 2993/5205 只: 003041.SZ
[22:23:21] [5分钟] 2993/5205: 003041.SZ OK
[22:23:21] [5分钟] 第 2994/5205 只: 300071.SZ
[22:23:21] [5分钟] 2994/5205: 300071.SZ OK
[22:23:21] [5分钟] 第 2995/5205 只: 002246.SZ
[22:23:21] [5分钟] 2995/5205: 002246.SZ OK
[22:23:21] [5分钟] 第 2996/5205 只: 300005.SZ
[22:23:21] [5分钟] 2996/5205: 300005.SZ OK
[22:23:21] [5分钟] 第 2997/5205 只: 002629.SZ
[22:23:21] [5分钟] 2997/5205: 002629.SZ OK
[22:23:21] [5分钟] 第 2998/5205 只: 002232.SZ
[22:23:21] [5分钟] 2998/5205: 002232.SZ OK
[22:23:21] [5分钟] 第 2999/5205 只: 002344.SZ
[22:23:21] [5分钟] 2999/5205: 002344.SZ OK
[22:23:21] [5分钟] 第 3000/5205 只: 300568.SZ
[22:23:21] [5分钟] 3000/5205: 300568.SZ OK
[22:23:21] [5分钟 3000/5205] 成功3000，失败0，当前 300568.SZ
[22:23:21] [5分钟] 第 3001/5205 只: 300173.SZ
[22:23:21] [5分钟] 3001/5205: 300173.SZ OK
[22:23:21] [5分钟] 第 3002/5205 只: 002330.SZ
[22:23:21] [5分钟] 3002/5205: 002330.SZ OK
[22:23:21] [5分钟] 第 3003/5205 只: 300107.SZ
[22:23:21] [5分钟] 3003/5205: 300107.SZ OK
[22:23:21] [5分钟] 第 3004/5205 只: 300831.SZ
[22:23:21] [5分钟] 3004/5205: 300831.SZ OK
[22:23:21] [5分钟] 第 3005/5205 只: 301300.SZ
[22:23:21] [5分钟] 3005/5205: 301300.SZ OK
[22:23:21] [5分钟] 第 3006/5205 只: 300580.SZ
[22:23:21] [5分钟] 3006/5205: 300580.SZ OK
[22:23:21] [5分钟] 第 3007/5205 只: 300845.SZ
[22:23:21] [5分钟] 3007/5205: 300845.SZ OK
[22:23:21] [5分钟] 第 3008/5205 只: 000989.SZ
[22:23:21] [5分钟] 3008/5205: 000989.SZ OK
[22:23:21] [5分钟] 第 3009/5205 只: 002134.SZ
[22:23:21] [5分钟] 3009/5205: 002134.SZ OK
[22:23:21] [5分钟] 第 3010/5205 只: 300303.SZ
[22:23:21] [5分钟] 3010/5205: 300303.SZ OK
[22:23:21] [5分钟] 第 3011/5205 只: 300718.SZ
[22:23:21] [5分钟] 3011/5205: 300718.SZ OK
[22:23:21] [5分钟] 第 3012/5205 只: 301583.SZ
[22:23:21] [5分钟] 3012/5205: 301583.SZ OK
[22:23:21] [5分钟] 第 3013/5205 只: 301198.SZ
[22:23:21] [5分钟] 3013/5205: 301198.SZ OK
[22:23:21] [5分钟] 第 3014/5205 只: 002140.SZ
[22:23:21] [5分钟] 3014/5205: 002140.SZ OK
[22:23:21] [5分钟] 第 3015/5205 只: 300377.SZ
[22:23:21] [5分钟] 3015/5205: 300377.SZ OK
[22:23:21] [5分钟] 第 3016/5205 只: 002876.SZ
[22:23:21] [5分钟] 3016/5205: 002876.SZ OK
[22:23:21] [5分钟] 第 3017/5205 只: 301170.SZ
[22:23:21] [5分钟] 3017/5205: 301170.SZ OK
[22:23:21] [5分钟] 第 3018/5205 只: 000915.SZ
[22:23:21] [5分钟] 3018/5205: 000915.SZ OK
[22:23:21] [5分钟] 第 3019/5205 只: 002802.SZ
[22:23:21] [5分钟] 3019/5205: 002802.SZ OK
[22:23:21] [5分钟] 第 3020/5205 只: 300784.SZ
[22:23:21] [5分钟] 3020/5205: 300784.SZ OK
[22:23:21] [5分钟] 第 3021/5205 只: 301072.SZ
[22:23:21] [5分钟] 3021/5205: 301072.SZ OK
[22:23:21] [5分钟] 第 3022/5205 只: 301469.SZ
[22:23:21] [5分钟] 3022/5205: 301469.SZ OK
[22:23:21] [5分钟] 第 3023/5205 只: 000863.SZ
[22:23:21] [5分钟] 3023/5205: 000863.SZ OK
[22:23:21] [5分钟] 第 3024/5205 只: 002900.SZ
[22:23:21] [5分钟] 3024/5205: 002900.SZ OK
[22:23:21] [5分钟] 第 3025/5205 只: 301006.SZ
[22:23:21] [5分钟] 3025/5205: 301006.SZ OK
[22:23:21] [5分钟] 第 3026/5205 只: 001326.SZ
[22:23:21] [5分钟] 3026/5205: 001326.SZ OK
[22:23:21] [5分钟] 第 3027/5205 只: 300686.SZ
[22:23:21] [5分钟] 3027/5205: 300686.SZ OK
[22:23:21] [5分钟] 第 3028/5205 只: 300201.SZ
[22:23:21] [5分钟] 3028/5205: 300201.SZ OK
[22:23:21] [5分钟] 第 3029/5205 只: 002036.SZ
[22:23:21] [5分钟] 3029/5205: 002036.SZ OK
[22:23:21] [5分钟] 第 3030/5205 只: 300275.SZ
[22:23:21] [5分钟] 3030/5205: 300275.SZ OK
[22:23:21] [5分钟] 第 3031/5205 只: 000155.SZ
[22:23:21] [5分钟] 3031/5205: 000155.SZ OK
[22:23:21] [5分钟] 第 3032/5205 只: 002042.SZ
[22:23:21] [5分钟] 3032/5205: 002042.SZ OK
[22:23:21] [5分钟] 第 3033/5205 只: 002459.SZ
[22:23:21] [5分钟] 3033/5205: 002459.SZ OK
[22:23:21] [5分钟] 第 3034/5205 只: 300955.SZ
[22:23:21] [5分钟] 3034/5205: 300955.SZ OK
[22:23:21] [5分钟] 第 3035/5205 只: 300490.SZ
[22:23:21] [5分钟] 3035/5205: 300490.SZ OK
[22:23:21] [5分钟] 第 3036/5205 只: 301210.SZ
[22:23:21] [5分钟] 3036/5205: 301210.SZ OK
[22:23:21] [5分钟] 第 3037/5205 只: 003027.SZ
[22:23:21] [5分钟] 3037/5205: 003027.SZ OK
[22:23:21] [5分钟] 第 3038/5205 只: 300921.SZ
[22:23:21] [5分钟] 3038/5205: 300921.SZ OK
[22:23:21] [5分钟] 第 3039/5205 只: 300017.SZ
[22:23:21] [5分钟] 3039/5205: 300017.SZ OK
[22:23:21] [5分钟] 第 3040/5205 只: 000758.SZ
[22:23:21] [5分钟] 3040/5205: 000758.SZ OK
[22:23:21] [5分钟] 第 3041/5205 只: 300063.SZ
[22:23:21] [5分钟] 3041/5205: 300063.SZ OK
[22:23:21] [5分钟] 第 3042/5205 只: 300478.SZ
[22:23:21] [5分钟] 3042/5205: 300478.SZ OK
[22:23:21] [5分钟] 第 3043/5205 只: 001872.SZ
[22:23:21] [5分钟] 3043/5205: 001872.SZ OK
[22:23:21] [5分钟] 第 3044/5205 只: 002254.SZ
[22:23:21] [5分钟] 3044/5205: 002254.SZ OK
[22:23:21] [5分钟] 第 3045/5205 只: 002322.SZ
[22:23:21] [5分钟] 3045/5205: 002322.SZ OK
[22:23:21] [5分钟] 第 3046/5205 只: 002739.SZ
[22:23:21] [5分钟] 3046/5205: 002739.SZ OK
[22:23:21] [5分钟] 第 3047/5205 只: 300115.SZ
[22:23:21] [5分钟] 3047/5205: 300115.SZ OK
[22:23:21] [5分钟] 第 3048/5205 只: 002356.SZ
[22:23:21] [5分钟] 3048/5205: 002356.SZ OK
[22:23:21] [5分钟] 第 3049/5205 只: 300161.SZ
[22:23:21] [5分钟] 3049/5205: 300161.SZ OK
[22:23:21] [5分钟] 第 3050/5205 只: 300857.SZ
[22:23:21] [5分钟] 3050/5205: 300857.SZ OK
[22:23:21] [5分钟 3050/5205] 成功3050，失败0，当前 300857.SZ
[22:23:21] [5分钟] 第 3051/5205 只: 301366.SZ
[22:23:21] [5分钟] 3051/5205: 301366.SZ OK
[22:23:21] [5分钟] 第 3052/5205 只: 300823.SZ
[22:23:21] [5分钟] 3052/5205: 300823.SZ OK
[22:23:21] [5分钟] 第 3053/5205 只: 300592.SZ
[22:23:21] [5分钟] 3053/5205: 300592.SZ OK
[22:23:21] [5分钟] 第 3054/5205 只: 300189.SZ
[22:23:21] [5分钟] 3054/5205: 300189.SZ OK
[22:23:21] [5分钟] 第 3055/5205 只: 301312.SZ
[22:23:21] [5分钟] 3055/5205: 301312.SZ OK
[22:23:21] [5分钟] 第 3056/5205 只: 002549.SZ
[22:23:21] [5分钟] 3056/5205: 002549.SZ OK
[22:23:21] [5分钟] 第 3057/5205 只: 002152.SZ
[22:23:21] [5分钟] 3057/5205: 002152.SZ OK
[22:23:21] [5分钟] 第 3058/5205 只: 000045.SZ
[22:23:21] [5分钟] 3058/5205: 000045.SZ OK
[22:23:21] [5分钟] 第 3059/5205 只: 300365.SZ
[22:23:21] [5分钟] 3059/5205: 300365.SZ OK
[22:23:21] [5分钟] 第 3060/5205 只: 002126.SZ
[22:23:21] [5分钟] 3060/5205: 002126.SZ OK
[22:23:21] [5分钟] 第 3061/5205 只: 000031.SZ
[22:23:21] [5分钟] 3061/5205: 000031.SZ OK
[22:23:21] [5分钟] 第 3062/5205 只: 301591.SZ
[22:23:21] [5分钟] 3062/5205: 301591.SZ OK
[22:23:21] [5分钟] 第 3063/5205 只: 300311.SZ
[22:23:21] [5分钟] 3063/5205: 300311.SZ OK
[22:23:21] [5分钟] 第 3064/5205 只: 300796.SZ
[22:23:21] [5分钟] 3064/5205: 300796.SZ OK
[22:23:21] [5分钟] 第 3065/5205 只: 001236.SZ
[22:23:21] [5分钟] 3065/5205: 001236.SZ OK
[22:23:21] [5分钟] 第 3066/5205 只: 301116.SZ
[22:23:21] [5分钟] 3066/5205: 301116.SZ OK
[22:23:21] [5分钟] 第 3067/5205 只: 002810.SZ
[22:23:21] [5分钟] 3067/5205: 002810.SZ OK
[22:23:21] [5分钟] 第 3068/5205 只: 000973.SZ
[22:23:21] [5分钟] 3068/5205: 000973.SZ OK
[22:23:21] [5分钟] 第 3069/5205 只: 002864.SZ
[22:23:21] [5分钟] 3069/5205: 002864.SZ OK
[22:23:21] [5分钟] 第 3070/5205 只: 301162.SZ
[22:23:21] [5分钟] 3070/5205: 301162.SZ OK
[22:23:21] [5分钟] 第 3071/5205 只: 300694.SZ
[22:23:21] [5分钟] 3071/5205: 300694.SZ OK
[22:23:21] [5分钟] 第 3072/5205 只: 002912.SZ
[22:23:21] [5分钟] 3072/5205: 002912.SZ OK
[22:23:21] [5分钟] 第 3073/5205 只: 301060.SZ
[22:23:21] [5分钟] 3073/5205: 301060.SZ OK
[22:23:21] [5分钟] 第 3074/5205 只: 002966.SZ
[22:23:21] [5分钟] 3074/5205: 002966.SZ OK
[22:23:21] [5分钟] 第 3075/5205 只: 300267.SZ
[22:23:21] [5分钟] 3075/5205: 300267.SZ OK
[22:23:21] [5分钟] 第 3076/5205 只: 002050.SZ
[22:23:21] [5分钟] 3076/5205: 002050.SZ OK
[22:23:21] [5分钟] 第 3077/5205 只: 301088.SZ
[22:23:21] [5分钟] 3077/5205: 301088.SZ OK
[22:23:21] [5分钟] 第 3078/5205 只: 000528.SZ
[22:23:21] [5分钟] 3078/5205: 000528.SZ OK
[22:23:21] [5分钟] 第 3079/5205 只: 300608.SZ
[22:23:21] [5分钟] 3079/5205: 300608.SZ OK
[22:23:21] [5分钟] 第 3080/5205 只: 300213.SZ
[22:23:21] [5分钟] 3080/5205: 300213.SZ OK
[22:23:21] [5分钟] 第 3081/5205 只: 000899.SZ
[22:23:21] [5分钟] 3081/5205: 000899.SZ OK
[22:23:21] [5分钟] 第 3082/5205 只: 002024.SZ
[22:23:21] [5分钟] 3082/5205: 002024.SZ OK
[22:23:21] [5分钟] 第 3083/5205 只: 300785.SZ
[22:23:21] [5分钟] 3083/5205: 300785.SZ OK
[22:23:21] [5分钟] 第 3084/5205 只: 001225.SZ
[22:23:21] [5分钟] 3084/5205: 001225.SZ OK
[22:23:21] [5分钟] 第 3085/5205 只: 301105.SZ
[22:23:21] [5分钟] 3085/5205: 301105.SZ OK
[22:23:21] [5分钟] 第 3086/5205 只: 002803.SZ
[22:23:21] [5分钟] 3086/5205: 002803.SZ OK
[22:23:21] [5分钟] 第 3087/5205 只: 000960.SZ
[22:23:21] [5分钟] 3087/5205: 000960.SZ OK
[22:23:21] [5分钟] 第 3088/5205 只: 002877.SZ
[22:23:21] [5分钟] 3088/5205: 002877.SZ OK
[22:23:21] [5分钟] 第 3089/5205 只: 301171.SZ
[22:23:21] [5分钟] 3089/5205: 301171.SZ OK
[22:23:21] [5分钟] 第 3090/5205 只: 002141.SZ
[22:23:21] [5分钟] 3090/5205: 002141.SZ OK
[22:23:21] [5分钟] 第 3091/5205 只: 000056.SZ
[22:23:21] [5分钟] 3091/5205: 000056.SZ OK
[22:23:21] [5分钟] 第 3092/5205 只: 300376.SZ
[22:23:21] [5分钟] 3092/5205: 300376.SZ OK
[22:23:21] [5分钟] 第 3093/5205 只: 000988.SZ
[22:23:21] [5分钟] 3093/5205: 000988.SZ OK
[22:23:21] [5分钟] 第 3094/5205 只: 002135.SZ
[22:23:21] [5分钟] 3094/5205: 002135.SZ OK
[22:23:21] [5分钟] 第 3095/5205 只: 301199.SZ
[22:23:21] [5分钟] 3095/5205: 301199.SZ OK
[22:23:21] [5分钟] 第 3096/5205 只: 300719.SZ
[22:23:21] [5分钟] 3096/5205: 300719.SZ OK
[22:23:21] [5分钟] 第 3097/5205 只: 300302.SZ
[22:23:21] [5分钟] 3097/5205: 300302.SZ OK
[22:23:21] [5分钟] 第 3098/5205 只: 300274.SZ
[22:23:21] [5分钟] 3098/5205: 300274.SZ OK
[22:23:21] [5分钟] 第 3099/5205 只: 002458.SZ
[22:23:21] [5分钟] 3099/5205: 002458.SZ OK
[22:23:21] [5分钟] 第 3100/5205 只: 002043.SZ
[22:23:21] [5分钟] 3100/5205: 002043.SZ OK
[22:23:21] [5分钟 3100/5205] 成功3100，失败0，当前 002043.SZ
[22:23:21] [5分钟] 第 3101/5205 只: 300200.SZ
[22:23:21] [5分钟] 3101/5205: 300200.SZ OK
[22:23:21] [5分钟] 第 3102/5205 只: 002037.SZ
[22:23:21] [5分钟] 3102/5205: 002037.SZ OK
[22:23:21] [5分钟] 第 3103/5205 只: 300687.SZ
[22:23:21] [5分钟] 3103/5205: 300687.SZ OK
[22:23:21] [5分钟] 第 3104/5205 只: 002901.SZ
[22:23:21] [5分钟] 3104/5205: 002901.SZ OK
[22:23:21] [5分钟] 第 3105/5205 只: 301007.SZ
[22:23:21] [5分钟] 3105/5205: 301007.SZ OK
[22:23:21] [5分钟] 第 3106/5205 只: 000816.SZ
[22:23:21] [5分钟] 3106/5205: 000816.SZ OK
[22:23:21] [5分钟] 第 3107/5205 只: 301468.SZ
[22:23:21] [5分钟] 3107/5205: 301468.SZ OK
[22:23:21] [5分钟] 第 3108/5205 只: 301073.SZ
[22:23:21] [5分钟] 3108/5205: 301073.SZ OK
[22:23:21] [5分钟] 第 3109/5205 只: 002975.SZ
[22:23:21] [5分钟] 3109/5205: 002975.SZ OK
[22:23:21] [5分钟] 第 3110/5205 只: 000862.SZ
[22:23:21] [5分钟] 3110/5205: 000862.SZ OK
[22:23:21] [5分钟] 第 3111/5205 只: 300004.SZ
[22:23:21] [5分钟] 3111/5205: 300004.SZ OK
[22:23:21] [5分钟] 第 3112/5205 只: 002233.SZ
[22:23:21] [5分钟] 3112/5205: 002233.SZ OK
[22:23:21] [5分钟] 第 3113/5205 只: 002628.SZ
[22:23:21] [5分钟] 3113/5205: 002628.SZ OK
[22:23:21] [5分钟] 第 3114/5205 只: 300070.SZ
[22:23:21] [5分钟] 3114/5205: 300070.SZ OK
[22:23:21] [5分钟] 第 3115/5205 只: 002247.SZ
[22:23:21] [5分钟] 3115/5205: 002247.SZ OK
[22:23:21] [5分钟] 第 3116/5205 只: 301277.SZ
[22:23:21] [5分钟] 3116/5205: 301277.SZ OK
[22:23:21] [5分钟] 第 3117/5205 只: 300946.SZ
[22:23:21] [5分钟] 3117/5205: 300946.SZ OK
[22:23:21] [5分钟] 第 3118/5205 只: 003040.SZ
[22:23:21] [5分钟] 3118/5205: 003040.SZ OK
[22:23:21] [5分钟] 第 3119/5205 只: 300483.SZ
[22:23:21] [5分钟] 3119/5205: 300483.SZ OK
[22:23:21] [5分钟] 第 3120/5205 只: 300098.SZ
[22:23:21] [5分钟] 3120/5205: 300098.SZ OK
[22:23:21] [5分钟] 第 3121/5205 只: 301203.SZ
[22:23:21] [5分钟] 3121/5205: 301203.SZ OK
[22:23:21] [5分钟] 第 3122/5205 只: 301618.SZ
[22:23:21] [5分钟] 3122/5205: 301618.SZ OK
[22:23:21] [5分钟] 第 3123/5205 只: 300932.SZ
[22:23:21] [5分钟] 3123/5205: 300932.SZ OK
[22:23:21] [5分钟] 第 3124/5205 只: 300844.SZ
[22:23:21] [5分钟] 3124/5205: 300844.SZ OK
[22:23:21] [5分钟] 第 3125/5205 只: 300830.SZ
[22:23:21] [5分钟] 3125/5205: 300830.SZ OK
[22:23:21] [5分钟] 第 3126/5205 只: 300581.SZ
[22:23:21] [5分钟] 3126/5205: 300581.SZ OK
[22:23:21] [5分钟] 第 3127/5205 只: 301301.SZ
[22:23:21] [5分钟] 3127/5205: 301301.SZ OK
[22:23:21] [5分钟] 第 3128/5205 只: 002331.SZ
[22:23:21] [5分钟] 3128/5205: 002331.SZ OK
[22:23:21] [5分钟] 第 3129/5205 只: 300106.SZ
[22:23:21] [5分钟] 3129/5205: 300106.SZ OK
[22:23:21] [5分钟] 第 3130/5205 只: 002345.SZ
[22:23:21] [5分钟] 3130/5205: 002345.SZ OK
[22:23:21] [5分钟] 第 3131/5205 只: 300172.SZ
[22:23:21] [5分钟] 3131/5205: 300172.SZ OK
[22:23:21] [5分钟] 第 3132/5205 只: 300569.SZ
[22:23:21] [5分钟] 3132/5205: 300569.SZ OK
[22:23:21] [5分钟] 第 3133/5205 只: 300252.SZ
[22:23:21] [5分钟] 3133/5205: 300252.SZ OK
[22:23:21] [5分钟] 第 3134/5205 只: 300649.SZ
[22:23:21] [5分钟] 3134/5205: 300649.SZ OK
[22:23:21] [5分钟] 第 3135/5205 只: 002065.SZ
[22:23:21] [5分钟] 3135/5205: 002065.SZ OK
[22:23:21] [5分钟] 第 3136/5205 只: 300226.SZ
[22:23:21] [5分钟] 3136/5205: 300226.SZ OK
[22:23:21] [5分钟] 第 3137/5205 只: 002011.SZ
[22:23:21] [5分钟] 3137/5205: 002011.SZ OK
[22:23:21] [5分钟] 第 3138/5205 只: 001301.SZ
[22:23:21] [5分钟] 3138/5205: 001301.SZ OK
[22:23:21] [5分钟] 第 3139/5205 只: 301021.SZ
[22:23:21] [5分钟] 3139/5205: 301021.SZ OK
[22:23:21] [5分钟] 第 3140/5205 只: 002927.SZ
[22:23:21] [5分钟] 3140/5205: 002927.SZ OK
[22:23:21] [5分钟] 第 3141/5205 只: 000581.SZ
[22:23:21] [5分钟] 3141/5205: 000581.SZ OK
[22:23:21] [5分钟] 第 3142/5205 只: 000830.SZ
[22:23:21] [5分钟] 3142/5205: 000830.SZ OK
[22:23:21] [5分钟] 第 3143/5205 只: 002496.SZ
[22:23:21] [5分钟] 3143/5205: 002496.SZ OK
[22:23:21] [5分钟] 第 3144/5205 只: 002953.SZ
[22:23:21] [5分钟] 3144/5205: 002953.SZ OK
[22:23:21] [5分钟] 第 3145/5205 只: 301055.SZ
[22:23:21] [5分钟] 3145/5205: 301055.SZ OK
[22:23:21] [5分钟] 第 3146/5205 只: 000932.SZ
[22:23:21] [5分钟] 3146/5205: 000932.SZ OK
[22:23:21] [5分钟] 第 3147/5205 只: 002594.SZ
[22:23:21] [5分钟] 3147/5205: 002594.SZ OK
[22:23:21] [5分钟] 第 3148/5205 只: 001203.SZ
[22:23:21] [5分钟] 3148/5205: 001203.SZ OK
[22:23:21] [5分钟] 第 3149/5205 只: 002825.SZ
[22:23:21] [5分钟] 3149/5205: 002825.SZ OK
[22:23:21] [5分钟] 第 3150/5205 只: 301123.SZ
[22:23:21] [5分钟] 3150/5205: 301123.SZ OK
[22:23:21] [5分钟 3150/5205] 成功3150，失败0，当前 301123.SZ
[22:23:21] [5分钟] 第 3151/5205 只: 301538.SZ
[22:23:21] [5分钟] 3151/5205: 301538.SZ OK
[22:23:21] [5分钟] 第 3152/5205 只: 001277.SZ
[22:23:21] [5分钟] 3152/5205: 001277.SZ OK
[22:23:21] [5分钟] 第 3153/5205 只: 301157.SZ
[22:23:21] [5分钟] 3153/5205: 301157.SZ OK
[22:23:21] [5分钟] 第 3154/5205 只: 002851.SZ
[22:23:21] [5分钟] 3154/5205: 002851.SZ OK
[22:23:21] [5分钟] 第 3155/5205 只: 002167.SZ
[22:23:21] [5分钟] 3155/5205: 002167.SZ OK
[22:23:21] [5分钟] 第 3156/5205 只: 000070.SZ
[22:23:21] [5分钟] 3156/5205: 000070.SZ OK
[22:23:21] [5分钟] 第 3157/5205 只: 300350.SZ
[22:23:21] [5分钟] 3157/5205: 300350.SZ OK
[22:23:21] [5分钟] 第 3158/5205 只: 002508.SZ
[22:23:21] [5分钟] 3158/5205: 002508.SZ OK
[22:23:21] [5分钟] 第 3159/5205 只: 000004.SZ
[22:23:21] [5分钟] 3159/5205: 000004.SZ OK
[22:23:21] [5分钟] 第 3160/5205 只: 300324.SZ
[22:23:21] [5分钟] 3160/5205: 300324.SZ OK
[22:23:21] [5分钟] 第 3161/5205 只: 300862.SZ
[22:23:21] [5分钟] 3161/5205: 300862.SZ OK
[22:23:21] [5分钟] 第 3162/5205 只: 301353.SZ
[22:23:21] [5分钟] 3162/5205: 301353.SZ OK
[22:23:21] [5分钟] 第 3163/5205 只: 002790.SZ
[22:23:21] [5分钟] 3163/5205: 002790.SZ OK
[22:23:21] [5分钟] 第 3164/5205 只: 300816.SZ
[22:23:21] [5分钟] 3164/5205: 300816.SZ OK
[22:23:21] [5分钟] 第 3165/5205 只: 301327.SZ
[22:23:21] [5分钟] 3165/5205: 301327.SZ OK
[22:23:21] [5分钟] 第 3166/5205 只: 002317.SZ
[22:23:21] [5分钟] 3166/5205: 002317.SZ OK
[22:23:21] [5分钟] 第 3167/5205 只: 300120.SZ
[22:23:21] [5分钟] 3167/5205: 300120.SZ OK
[22:23:21] [5分钟] 第 3168/5205 只: 002778.SZ
[22:23:21] [5分钟] 3168/5205: 002778.SZ OK
[22:23:21] [5分钟] 第 3169/5205 只: 002363.SZ
[22:23:21] [5分钟] 3169/5205: 002363.SZ OK
[22:23:21] [5分钟] 第 3170/5205 只: 300154.SZ
[22:23:21] [5分钟] 3170/5205: 300154.SZ OK
[22:23:21] [5分钟] 第 3171/5205 只: 000719.SZ
[22:23:21] [5分钟] 3171/5205: 000719.SZ OK
[22:23:21] [5分钟] 第 3172/5205 只: 300439.SZ
[22:23:21] [5分钟] 3172/5205: 300439.SZ OK
[22:23:21] [5分钟] 第 3173/5205 只: 300022.SZ
[22:23:21] [5分钟] 3173/5205: 300022.SZ OK
[22:23:21] [5分钟] 第 3174/5205 只: 300988.SZ
[22:23:21] [5分钟] 3174/5205: 300988.SZ OK
[22:23:21] [5分钟] 第 3175/5205 只: 002215.SZ
[22:23:21] [5分钟] 3175/5205: 002215.SZ OK
[22:23:21] [5分钟] 第 3176/5205 只: 300056.SZ
[22:23:21] [5分钟] 3176/5205: 300056.SZ OK
[22:23:21] [5分钟] 第 3177/5205 只: 002261.SZ
[22:23:21] [5分钟] 3177/5205: 002261.SZ OK
[22:23:21] [5分钟] 第 3178/5205 只: 301251.SZ
[22:23:21] [5分钟] 3178/5205: 301251.SZ OK
[22:23:21] [5分钟] 第 3179/5205 只: 300960.SZ
[22:23:21] [5分钟] 3179/5205: 300960.SZ OK
[22:23:21] [5分钟] 第 3180/5205 只: 301225.SZ
[22:23:21] [5分钟] 3180/5205: 301225.SZ OK
[22:23:21] [5分钟] 第 3181/5205 只: 000785.SZ
[22:23:21] [5分钟] 3181/5205: 000785.SZ OK
[22:23:21] [5分钟] 第 3182/5205 只: 002289.SZ
[22:23:21] [5分钟] 3182/5205: 002289.SZ OK
[22:23:21] [5分钟] 第 3183/5205 只: 002692.SZ
[22:23:21] [5分钟] 3183/5205: 002692.SZ OK
[22:23:21] [5分钟] 第 3184/5205 只: 003012.SZ
[22:23:21] [5分钟] 3184/5205: 003012.SZ OK
[22:23:21] [5分钟] 第 3185/5205 只: 300899.SZ
[22:23:21] [5分钟] 3185/5205: 300899.SZ OK
[22:23:21] [5分钟] 第 3186/5205 只: 002304.SZ
[22:23:21] [5分钟] 3186/5205: 002304.SZ OK
[22:23:21] [5分钟] 第 3187/5205 只: 000608.SZ
[22:23:21] [5分钟] 3187/5205: 000608.SZ OK
[22:23:21] [5分钟] 第 3188/5205 只: 300528.SZ
[22:23:21] [5分钟] 3188/5205: 300528.SZ OK
[22:23:21] [5分钟] 第 3189/5205 只: 300133.SZ
[22:23:21] [5分钟] 3189/5205: 300133.SZ OK
[22:23:21] [5分钟] 第 3190/5205 只: 002370.SZ
[22:23:21] [5分钟] 3190/5205: 002370.SZ OK
[22:23:21] [5分钟] 第 3191/5205 只: 300147.SZ
[22:23:21] [5分钟] 3191/5205: 300147.SZ OK
[22:23:21] [5分钟] 第 3192/5205 只: 300871.SZ
[22:23:21] [5分钟] 3192/5205: 300871.SZ OK
[22:23:21] [5分钟] 第 3193/5205 只: 002398.SZ
[22:23:21] [5分钟] 3193/5205: 002398.SZ OK
[22:23:21] [5分钟] 第 3194/5205 只: 002783.SZ
[22:23:21] [5分钟] 3194/5205: 002783.SZ OK
[22:23:21] [5分钟] 第 3195/5205 只: 300805.SZ
[22:23:21] [5分钟] 3195/5205: 300805.SZ OK
[22:23:21] [5分钟] 第 3196/5205 只: 300973.SZ
[22:23:21] [5分钟] 3196/5205: 300973.SZ OK
[22:23:21] [5分钟] 第 3197/5205 只: 301236.SZ
[22:23:21] [5分钟] 3197/5205: 301236.SZ OK
[22:23:21] [5分钟] 第 3198/5205 只: 000796.SZ
[22:23:21] [5分钟] 3198/5205: 000796.SZ OK
[22:23:21] [5分钟] 第 3199/5205 只: 002681.SZ
[22:23:21] [5分钟] 3199/5205: 002681.SZ OK
[22:23:21] [5分钟] 第 3200/5205 只: 300907.SZ
[22:23:21] [5分钟] 3200/5205: 300907.SZ OK
[22:23:21] [5分钟 3200/5205] 成功3200，失败0，当前 300907.SZ
[22:23:21] [5分钟] 第 3201/5205 只: 003001.SZ
[22:23:21] [5分钟] 3201/5205: 003001.SZ OK
[22:23:21] [5分钟] 第 3202/5205 只: 300031.SZ
[22:23:21] [5分钟] 3202/5205: 300031.SZ OK
[22:23:21] [5分钟] 第 3203/5205 只: 002206.SZ
[22:23:21] [5分钟] 3203/5205: 002206.SZ OK
[22:23:21] [5分钟] 第 3204/5205 只: 300045.SZ
[22:23:21] [5分钟] 3204/5205: 300045.SZ OK
[22:23:21] [5分钟] 第 3205/5205 只: 002669.SZ
[22:23:21] [5分钟] 3205/5205: 002669.SZ OK
[22:23:21] [5分钟] 第 3206/5205 只: 002272.SZ
[22:23:21] [5分钟] 3206/5205: 002272.SZ OK
[22:23:21] [5分钟] 第 3207/5205 只: 001312.SZ
[22:23:21] [5分钟] 3207/5205: 001312.SZ OK
[22:23:21] [5分钟] 第 3208/5205 只: 301032.SZ
[22:23:21] [5分钟] 3208/5205: 301032.SZ OK
[22:23:21] [5分钟] 第 3209/5205 只: 301429.SZ
[22:23:21] [5分钟] 3209/5205: 301429.SZ OK
[22:23:21] [5分钟] 第 3210/5205 只: 000592.SZ
[22:23:21] [5分钟] 3210/5205: 000592.SZ OK
[22:23:21] [5分钟] 第 3211/5205 只: 000823.SZ
[22:23:21] [5分钟] 3211/5205: 000823.SZ OK
[22:23:21] [5分钟] 第 3212/5205 只: 002485.SZ
[22:23:21] [5分钟] 3212/5205: 002485.SZ OK
[22:23:21] [5分钟] 第 3213/5205 只: 001366.SZ
[22:23:21] [5分钟] 3213/5205: 001366.SZ OK
[22:23:21] [5分钟] 第 3214/5205 只: 002940.SZ
[22:23:21] [5分钟] 3214/5205: 002940.SZ OK
[22:23:21] [5分钟] 第 3215/5205 只: 301046.SZ
[22:23:21] [5分钟] 3215/5205: 301046.SZ OK
[22:23:21] [5分钟] 第 3216/5205 只: 300241.SZ
[22:23:21] [5分钟] 3216/5205: 300241.SZ OK
[22:23:21] [5分钟] 第 3217/5205 只: 002076.SZ
[22:23:21] [5分钟] 3217/5205: 002076.SZ OK
[22:23:21] [5分钟] 第 3218/5205 只: 300235.SZ
[22:23:21] [5分钟] 3218/5205: 300235.SZ OK
[22:23:21] [5分钟] 第 3219/5205 只: 002419.SZ
[22:23:21] [5分钟] 3219/5205: 002419.SZ OK
[22:23:21] [5分钟] 第 3220/5205 只: 002174.SZ
[22:23:21] [5分钟] 3220/5205: 002174.SZ OK
[22:23:21] [5分钟] 第 3221/5205 只: 000063.SZ
[22:23:21] [5分钟] 3221/5205: 000063.SZ OK
[22:23:21] [5分钟] 第 3222/5205 只: 300343.SZ
[22:23:21] [5分钟] 3222/5205: 300343.SZ OK
[22:23:21] [5分钟] 第 3223/5205 只: 300758.SZ
[22:23:21] [5分钟] 3223/5205: 300758.SZ OK
[22:23:21] [5分钟] 第 3224/5205 只: 002100.SZ
[22:23:21] [5分钟] 3224/5205: 002100.SZ OK
[22:23:21] [5分钟] 第 3225/5205 只: 000017.SZ
[22:23:21] [5分钟] 3225/5205: 000017.SZ OK
[22:23:21] [5分钟] 第 3226/5205 只: 300337.SZ
[22:23:21] [5分钟] 3226/5205: 300337.SZ OK
[22:23:21] [5分钟] 第 3227/5205 只: 000921.SZ
[22:23:21] [5分钟] 3227/5205: 000921.SZ OK
[22:23:21] [5分钟] 第 3228/5205 只: 002587.SZ
[22:23:21] [5分钟] 3228/5205: 002587.SZ OK
[22:23:21] [5分钟] 第 3229/5205 只: 001210.SZ
[22:23:21] [5分钟] 3229/5205: 001210.SZ OK
[22:23:21] [5分钟] 第 3230/5205 只: 002836.SZ
[22:23:21] [5分钟] 3230/5205: 002836.SZ OK
[22:23:21] [5分钟] 第 3231/5205 只: 301130.SZ
[22:23:21] [5分钟] 3231/5205: 301130.SZ OK
[22:23:21] [5分钟] 第 3232/5205 只: 000955.SZ
[22:23:21] [5分钟] 3232/5205: 000955.SZ OK
[22:23:21] [5分钟] 第 3233/5205 只: 002842.SZ
[22:23:21] [5分钟] 3233/5205: 002842.SZ OK
[22:23:21] [5分钟] 第 3234/5205 只: 300184.SZ
[22:23:21] [5分钟] 3234/5205: 300184.SZ OK
[22:23:21] [5分钟] 第 3235/5205 只: 000657.SZ
[22:23:21] [5分钟] 3235/5205: 000657.SZ OK
[22:23:21] [5分钟] 第 3236/5205 只: 300577.SZ
[22:23:21] [5分钟] 3236/5205: 300577.SZ OK
[22:23:21] [5分钟] 第 3237/5205 只: 002734.SZ
[22:23:21] [5分钟] 3237/5205: 002734.SZ OK
[22:23:21] [5分钟] 第 3238/5205 只: 000623.SZ
[22:23:21] [5分钟] 3238/5205: 000623.SZ OK
[22:23:21] [5分钟] 第 3239/5205 只: 301383.SZ
[22:23:21] [5分钟] 3239/5205: 301383.SZ OK
[22:23:21] [5分钟] 第 3240/5205 只: 300118.SZ
[22:23:21] [5分钟] 3240/5205: 300118.SZ OK
[22:23:21] [5分钟] 第 3241/5205 只: 300503.SZ
[22:23:21] [5分钟] 3241/5205: 300503.SZ OK
[22:23:21] [5分钟] 第 3242/5205 只: 000755.SZ
[22:23:21] [5分钟] 3242/5205: 000755.SZ OK
[22:23:21] [5分钟] 第 3243/5205 只: 300475.SZ
[22:23:21] [5分钟] 3243/5205: 300475.SZ OK
[22:23:21] [5分钟] 第 3244/5205 只: 002259.SZ
[22:23:21] [5分钟] 3244/5205: 002259.SZ OK
[22:23:21] [5分钟] 第 3245/5205 只: 002642.SZ
[22:23:21] [5分钟] 3245/5205: 002642.SZ OK
[22:23:21] [5分钟] 第 3246/5205 只: 000721.SZ
[22:23:21] [5分钟] 3246/5205: 000721.SZ OK
[22:23:21] [5分钟] 第 3247/5205 只: 301281.SZ
[22:23:21] [5分钟] 3247/5205: 301281.SZ OK
[22:23:21] [5分钟] 第 3248/5205 只: 300401.SZ
[22:23:21] [5分钟] 3248/5205: 300401.SZ OK
[22:23:21] [5分钟] 第 3249/5205 只: 002636.SZ
[22:23:21] [5分钟] 3249/5205: 002636.SZ OK
[22:23:21] [5分钟] 第 3250/5205 只: 300086.SZ
[22:23:21] [5分钟] 3250/5205: 300086.SZ OK
[22:23:21] [5分钟 3250/5205] 成功3250，失败0，当前 300086.SZ
[22:23:21] [5分钟] 第 3251/5205 只: 301606.SZ
[22:23:21] [5分钟] 3251/5205: 301606.SZ OK
[22:23:21] [5分钟] 第 3252/5205 只: 301269.SZ
[22:23:21] [5分钟] 3252/5205: 301269.SZ OK
[22:23:21] [5分钟] 第 3253/5205 只: 300958.SZ
[22:23:21] [5分钟] 3253/5205: 300958.SZ OK
[22:23:21] [5分钟] 第 3254/5205 只: 000525.SZ
[22:23:21] [5分钟] 3254/5205: 000525.SZ OK
[22:23:21] [5分钟] 第 3255/5205 只: 002983.SZ
[22:23:21] [5分钟] 3255/5205: 002983.SZ OK
[22:23:21] [5分钟] 第 3256/5205 只: 301085.SZ
[22:23:21] [5分钟] 3256/5205: 301085.SZ OK
[22:23:21] [5分钟] 第 3257/5205 只: 300605.SZ
[22:23:21] [5分钟] 3257/5205: 300605.SZ OK
[22:23:21] [5分钟] 第 3258/5205 只: 002432.SZ
[22:23:21] [5分钟] 3258/5205: 002432.SZ OK
[22:23:21] [5分钟] 第 3259/5205 只: 002029.SZ
[22:23:21] [5分钟] 3259/5205: 002029.SZ OK
[22:23:21] [5分钟] 第 3260/5205 只: 000551.SZ
[22:23:21] [5分钟] 3260/5205: 000551.SZ OK
[22:23:21] [5分钟] 第 3261/5205 只: 300671.SZ
[22:23:21] [5分钟] 3261/5205: 300671.SZ OK
[22:23:21] [5分钟] 第 3262/5205 只: 002446.SZ
[22:23:21] [5分钟] 3262/5205: 002446.SZ OK
[22:23:21] [5分钟] 第 3263/5205 只: 001339.SZ
[22:23:21] [5分钟] 3263/5205: 001339.SZ OK
[22:23:21] [5分钟] 第 3264/5205 只: 300699.SZ
[22:23:21] [5分钟] 3264/5205: 300699.SZ OK
[22:23:21] [5分钟] 第 3265/5205 只: 301019.SZ
[22:23:21] [5分钟] 3265/5205: 301019.SZ OK
[22:23:21] [5分钟] 第 3266/5205 只: 002869.SZ
[22:23:21] [5分钟] 3266/5205: 002869.SZ OK
[22:23:21] [5分钟] 第 3267/5205 只: 300380.SZ
[22:23:21] [5分钟] 3267/5205: 300380.SZ OK
[22:23:21] [5分钟] 第 3268/5205 只: 301500.SZ
[22:23:21] [5分钟] 3268/5205: 301500.SZ OK
[22:23:21] [5分钟] 第 3269/5205 只: 002530.SZ
[22:23:21] [5分钟] 3269/5205: 002530.SZ OK
[22:23:21] [5分钟] 第 3270/5205 只: 301187.SZ
[22:23:21] [5分钟] 3270/5205: 301187.SZ OK
[22:23:21] [5分钟] 第 3271/5205 只: 002881.SZ
[22:23:21] [5分钟] 3271/5205: 002881.SZ OK
[22:23:21] [5分钟] 第 3272/5205 只: 300707.SZ
[22:23:21] [5分钟] 3272/5205: 300707.SZ OK
[22:23:21] [5分钟] 第 3273/5205 只: 002544.SZ
[22:23:21] [5分钟] 3273/5205: 002544.SZ OK
[22:23:21] [5分钟] 第 3274/5205 只: 000048.SZ
[22:23:21] [5分钟] 3274/5205: 000048.SZ OK
[22:23:21] [5分钟] 第 3275/5205 只: 300773.SZ
[22:23:21] [5分钟] 3275/5205: 300773.SZ OK
[22:23:21] [5分钟] 第 3276/5205 只: 300368.SZ
[22:23:21] [5分钟] 3276/5205: 300368.SZ OK
[22:23:21] [5分钟] 第 3277/5205 只: 002978.SZ
[22:23:21] [5分钟] 3277/5205: 002978.SZ OK
[22:23:21] [5分钟] 第 3278/5205 只: 300291.SZ
[22:23:21] [5分钟] 3278/5205: 300291.SZ OK
[22:23:21] [5分钟] 第 3279/5205 只: 000536.SZ
[22:23:21] [5分钟] 3279/5205: 000536.SZ OK
[22:23:21] [5分钟] 第 3280/5205 只: 002990.SZ
[22:23:21] [5分钟] 3280/5205: 002990.SZ OK
[22:23:21] [5分钟] 第 3281/5205 只: 301096.SZ
[22:23:21] [5分钟] 3281/5205: 301096.SZ OK
[22:23:21] [5分钟] 第 3282/5205 只: 300616.SZ
[22:23:21] [5分钟] 3282/5205: 300616.SZ OK
[22:23:21] [5分钟] 第 3283/5205 只: 002421.SZ
[22:23:21] [5分钟] 3283/5205: 002421.SZ OK
[22:23:21] [5分钟] 第 3284/5205 只: 000887.SZ
[22:23:21] [5分钟] 3284/5205: 000887.SZ OK
[22:23:21] [5分钟] 第 3285/5205 只: 000159.SZ
[22:23:21] [5分钟] 3285/5205: 000159.SZ OK
[22:23:21] [5分钟] 第 3286/5205 只: 300662.SZ
[22:23:21] [5分钟] 3286/5205: 300662.SZ OK
[22:23:21] [5分钟] 第 3287/5205 只: 300279.SZ
[22:23:21] [5分钟] 3287/5205: 300279.SZ OK
[22:23:21] [5分钟] 第 3288/5205 只: 002455.SZ
[22:23:21] [5分钟] 3288/5205: 002455.SZ OK
[22:23:21] [5分钟] 第 3289/5205 只: 002523.SZ
[22:23:21] [5分钟] 3289/5205: 002523.SZ OK
[22:23:21] [5分钟] 第 3290/5205 只: 000985.SZ
[22:23:21] [5分钟] 3290/5205: 000985.SZ OK
[22:23:21] [5分钟] 第 3291/5205 只: 002138.SZ
[22:23:21] [5分钟] 3291/5205: 002138.SZ OK
[22:23:21] [5分钟] 第 3292/5205 只: 002892.SZ
[22:23:21] [5分钟] 3292/5205: 002892.SZ OK
[22:23:21] [5分钟] 第 3293/5205 只: 002557.SZ
[22:23:21] [5分钟] 3293/5205: 002557.SZ OK
[22:23:21] [5分钟] 第 3294/5205 只: 300760.SZ
[22:23:21] [5分钟] 3294/5205: 300760.SZ OK
[22:23:21] [5分钟] 第 3295/5205 只: 301567.SZ
[22:23:21] [5分钟] 3295/5205: 301567.SZ OK
[22:23:21] [5分钟] 第 3296/5205 只: 000919.SZ
[22:23:21] [5分钟] 3296/5205: 000919.SZ OK
[22:23:21] [5分钟] 第 3297/5205 只: 001228.SZ
[22:23:21] [5分钟] 3297/5205: 001228.SZ OK
[22:23:21] [5分钟] 第 3298/5205 只: 300393.SZ
[22:23:21] [5分钟] 3298/5205: 300393.SZ OK
[22:23:21] [5分钟] 第 3299/5205 只: 300788.SZ
[22:23:21] [5分钟] 3299/5205: 300788.SZ OK
[22:23:21] [5分钟] 第 3300/5205 只: 301513.SZ
[22:23:21] [5分钟] 3300/5205: 301513.SZ OK
[22:23:21] [5分钟 3300/5205] 成功3300，失败0，当前 301513.SZ
[22:23:21] [5分钟] 第 3301/5205 只: 301108.SZ
[22:23:21] [5分钟] 3301/5205: 301108.SZ OK
[22:23:21] [5分钟] 第 3302/5205 只: 002348.SZ
[22:23:21] [5分钟] 3302/5205: 002348.SZ OK
[22:23:21] [5分钟] 第 3303/5205 只: 002753.SZ
[22:23:21] [5分钟] 3303/5205: 002753.SZ OK
[22:23:21] [5分钟] 第 3304/5205 只: 300564.SZ
[22:23:21] [5分钟] 3304/5205: 300564.SZ OK
[22:23:21] [5分钟] 第 3305/5205 只: 002727.SZ
[22:23:21] [5分钟] 3305/5205: 002727.SZ OK
[22:23:21] [5分钟] 第 3306/5205 只: 000630.SZ
[22:23:21] [5分钟] 3306/5205: 000630.SZ OK
[22:23:21] [5分钟] 第 3307/5205 只: 301390.SZ
[22:23:21] [5分钟] 3307/5205: 301390.SZ OK
[22:23:21] [5分钟] 第 3308/5205 只: 300510.SZ
[22:23:21] [5分钟] 3308/5205: 300510.SZ OK
[22:23:21] [5分钟] 第 3309/5205 只: 300197.SZ
[22:23:21] [5分钟] 3309/5205: 300197.SZ OK
[22:23:21] [5分钟] 第 3310/5205 只: 300849.SZ
[22:23:21] [5分钟] 3310/5205: 300849.SZ OK
[22:23:21] [5分钟] 第 3311/5205 只: 301378.SZ
[22:23:21] [5分钟] 3311/5205: 301378.SZ OK
[22:23:21] [5分钟] 第 3312/5205 只: 300095.SZ
[22:23:21] [5分钟] 3312/5205: 300095.SZ OK
[22:23:21] [5分钟] 第 3313/5205 只: 003039.SZ
[22:23:21] [5分钟] 3313/5205: 003039.SZ OK
[22:23:21] [5分钟] 第 3314/5205 只: 300466.SZ
[22:23:21] [5分钟] 3314/5205: 300466.SZ OK
[22:23:21] [5分钟] 第 3315/5205 只: 002651.SZ
[22:23:21] [5分钟] 3315/5205: 002651.SZ OK
[22:23:21] [5分钟] 第 3316/5205 只: 301292.SZ
[22:23:21] [5分钟] 3316/5205: 301292.SZ OK
[22:23:21] [5分钟] 第 3317/5205 只: 300009.SZ
[22:23:21] [5分钟] 3317/5205: 300009.SZ OK
[22:23:21] [5分钟] 第 3318/5205 只: 300412.SZ
[22:23:21] [5分钟] 3318/5205: 300412.SZ OK
[22:23:21] [5分钟] 第 3319/5205 只: 002625.SZ
[22:23:21] [5分钟] 3319/5205: 002625.SZ OK
[22:23:21] [5分钟] 第 3320/5205 只: 000009.SZ
[22:23:21] [5分钟] 3320/5205: 000009.SZ OK
[22:23:21] [5分钟] 第 3321/5205 只: 300329.SZ
[22:23:21] [5分钟] 3321/5205: 300329.SZ OK
[22:23:21] [5分钟] 第 3322/5205 只: 300732.SZ
[22:23:21] [5分钟] 3322/5205: 300732.SZ OK
[22:23:21] [5分钟] 第 3323/5205 只: 002571.SZ
[22:23:21] [5分钟] 3323/5205: 002571.SZ OK
[22:23:21] [5分钟] 第 3324/5205 只: 300746.SZ
[22:23:21] [5分钟] 3324/5205: 300746.SZ OK
[22:23:21] [5分钟] 第 3325/5205 只: 002599.SZ
[22:23:21] [5分钟] 3325/5205: 002599.SZ OK
[22:23:21] [5分钟] 第 3326/5205 只: 002182.SZ
[22:23:21] [5分钟] 3326/5205: 002182.SZ OK
[22:23:21] [5分钟] 第 3327/5205 只: 301535.SZ
[22:23:21] [5分钟] 3327/5205: 301535.SZ OK
[22:23:21] [5分钟] 第 3328/5205 只: 002828.SZ
[22:23:21] [5分钟] 3328/5205: 002828.SZ OK
[22:23:21] [5分钟] 第 3329/5205 只: 001378.SZ
[22:23:21] [5分钟] 3329/5205: 001378.SZ OK
[22:23:21] [5分钟] 第 3330/5205 只: 301058.SZ
[22:23:21] [5分钟] 3330/5205: 301058.SZ OK
[22:23:21] [5分钟] 第 3331/5205 只: 002080.SZ
[22:23:21] [5分钟] 3331/5205: 002080.SZ OK
[22:23:21] [5分钟] 第 3332/5205 只: 000510.SZ
[22:23:21] [5分钟] 3332/5205: 000510.SZ OK
[22:23:21] [5分钟] 第 3333/5205 只: 001390.SZ
[22:23:21] [5分钟] 3333/5205: 001390.SZ OK
[22:23:21] [5分钟] 第 3334/5205 只: 002407.SZ
[22:23:21] [5分钟] 3334/5205: 002407.SZ OK
[22:23:21] [5分钟] 第 3335/5205 只: 000564.SZ
[22:23:21] [5分钟] 3335/5205: 000564.SZ OK
[22:23:21] [5分钟] 第 3336/5205 只: 300644.SZ
[22:23:21] [5分钟] 3336/5205: 300644.SZ OK
[22:23:21] [5分钟] 第 3337/5205 只: 002068.SZ
[22:23:21] [5分钟] 3337/5205: 002068.SZ OK
[22:23:21] [5分钟] 第 3338/5205 只: 000788.SZ
[22:23:21] [5分钟] 3338/5205: 000788.SZ OK
[22:23:21] [5分钟] 第 3339/5205 只: 301633.SZ
[22:23:21] [5分钟] 3339/5205: 301633.SZ OK
[22:23:21] [5分钟] 第 3340/5205 只: 301228.SZ
[22:23:21] [5分钟] 3340/5205: 301228.SZ OK
[22:23:21] [5分钟] 第 3341/5205 只: 002284.SZ
[22:23:21] [5分钟] 3341/5205: 002284.SZ OK
[22:23:21] [5分钟] 第 3342/5205 只: 300919.SZ
[22:23:21] [5分钟] 3342/5205: 300919.SZ OK
[22:23:21] [5分钟] 第 3343/5205 只: 300440.SZ
[22:23:21] [5分钟] 3343/5205: 300440.SZ OK
[22:23:21] [5分钟] 第 3344/5205 只: 002677.SZ
[22:23:21] [5分钟] 3344/5205: 002677.SZ OK
[22:23:21] [5分钟] 第 3345/5205 只: 300434.SZ
[22:23:21] [5分钟] 3345/5205: 300434.SZ OK
[22:23:21] [5分钟] 第 3346/5205 只: 300985.SZ
[22:23:21] [5分钟] 3346/5205: 300985.SZ OK
[22:23:21] [5分钟] 第 3347/5205 只: 002603.SZ
[22:23:21] [5分钟] 3347/5205: 002603.SZ OK
[22:23:21] [5分钟] 第 3348/5205 只: 002218.SZ
[22:23:21] [5分钟] 3348/5205: 002218.SZ OK
[22:23:21] [5分钟] 第 3349/5205 只: 002775.SZ
[22:23:21] [5分钟] 3349/5205: 002775.SZ OK
[22:23:21] [5分钟] 第 3350/5205 只: 300542.SZ
[22:23:21] [5分钟] 3350/5205: 300542.SZ OK
[22:23:21] [5分钟 3350/5205] 成功3350，失败0，当前 300542.SZ
[22:23:21] [5分钟] 第 3351/5205 只: 300159.SZ
[22:23:21] [5分钟] 3351/5205: 300159.SZ OK
[22:23:21] [5分钟] 第 3352/5205 只: 300887.SZ
[22:23:21] [5分钟] 3352/5205: 300887.SZ OK
[22:23:21] [5分钟] 第 3353/5205 只: 002701.SZ
[22:23:21] [5分钟] 3353/5205: 002701.SZ OK
[22:23:21] [5分钟] 第 3354/5205 只: 300536.SZ
[22:23:21] [5分钟] 3354/5205: 300536.SZ OK
[22:23:21] [5分钟] 第 3355/5205 只: 002386.SZ
[22:23:21] [5分钟] 3355/5205: 002386.SZ OK
[22:23:21] [5分钟] 第 3356/5205 只: 300453.SZ
[22:23:21] [5分钟] 3356/5205: 300453.SZ OK
[22:23:21] [5分钟] 第 3357/5205 只: 300048.SZ
[22:23:21] [5分钟] 3357/5205: 300048.SZ OK
[22:23:21] [5分钟] 第 3358/5205 只: 002664.SZ
[22:23:21] [5分钟] 3358/5205: 002664.SZ OK
[22:23:21] [5分钟] 第 3359/5205 只: 000707.SZ
[22:23:21] [5分钟] 3359/5205: 000707.SZ OK
[22:23:21] [5分钟] 第 3360/5205 只: 300427.SZ
[22:23:21] [5分钟] 3360/5205: 300427.SZ OK
[22:23:21] [5分钟] 第 3361/5205 只: 300996.SZ
[22:23:21] [5分钟] 3361/5205: 300996.SZ OK
[22:23:21] [5分钟] 第 3362/5205 只: 002297.SZ
[22:23:21] [5分钟] 3362/5205: 002297.SZ OK
[22:23:21] [5分钟] 第 3363/5205 只: 002395.SZ
[22:23:21] [5分钟] 3363/5205: 002395.SZ OK
[22:23:21] [5分钟] 第 3364/5205 只: 300808.SZ
[22:23:21] [5分钟] 3364/5205: 300808.SZ OK
[22:23:21] [5分钟] 第 3365/5205 只: 301339.SZ
[22:23:21] [5分钟] 3365/5205: 301339.SZ OK
[22:23:21] [5分钟] 第 3366/5205 只: 002766.SZ
[22:23:21] [5分钟] 3366/5205: 002766.SZ OK
[22:23:21] [5分钟] 第 3367/5205 只: 300551.SZ
[22:23:21] [5分钟] 3367/5205: 300551.SZ OK
[22:23:21] [5分钟] 第 3368/5205 只: 300894.SZ
[22:23:21] [5分钟] 3368/5205: 300894.SZ OK
[22:23:21] [5分钟] 第 3369/5205 只: 002712.SZ
[22:23:21] [5分钟] 3369/5205: 002712.SZ OK
[22:23:21] [5分钟] 第 3370/5205 只: 002309.SZ
[22:23:21] [5分钟] 3370/5205: 002309.SZ OK
[22:23:21] [5分钟] 第 3371/5205 只: 000605.SZ
[22:23:21] [5分钟] 3371/5205: 000605.SZ OK
[22:23:21] [5分钟] 第 3372/5205 只: 300525.SZ
[22:23:21] [5分钟] 3372/5205: 300525.SZ OK
[22:23:21] [5分钟] 第 3373/5205 只: 000958.SZ
[22:23:21] [5分钟] 3373/5205: 000958.SZ OK
[22:23:21] [5分钟] 第 3374/5205 只: 001269.SZ
[22:23:21] [5分钟] 3374/5205: 001269.SZ OK
[22:23:21] [5分钟] 第 3375/5205 只: 301149.SZ
[22:23:21] [5分钟] 3375/5205: 301149.SZ OK
[22:23:21] [5分钟] 第 3376/5205 只: 301552.SZ
[22:23:21] [5分钟] 3376/5205: 301552.SZ OK
[22:23:21] [5分钟] 第 3377/5205 只: 002191.SZ
[22:23:21] [5分钟] 3377/5205: 002191.SZ OK
[22:23:21] [5分钟] 第 3378/5205 只: 301526.SZ
[22:23:21] [5分钟] 3378/5205: 301526.SZ OK
[22:23:21] [5分钟] 第 3379/5205 只: 002516.SZ
[22:23:21] [5分钟] 3379/5205: 002516.SZ OK
[22:23:21] [5分钟] 第 3380/5205 只: 000401.SZ
[22:23:21] [5分钟] 3380/5205: 000401.SZ OK
[22:23:21] [5分钟] 第 3381/5205 只: 300721.SZ
[22:23:21] [5分钟] 3381/5205: 300721.SZ OK
[22:23:21] [5分钟] 第 3382/5205 只: 002179.SZ
[22:23:21] [5分钟] 3382/5205: 002179.SZ OK
[22:23:21] [5分钟] 第 3383/5205 只: 002562.SZ
[22:23:21] [5分钟] 3383/5205: 002562.SZ OK
[22:23:21] [5分钟] 第 3384/5205 只: 300755.SZ
[22:23:21] [5分钟] 3384/5205: 300755.SZ OK
[22:23:21] [5分钟] 第 3385/5205 只: 000503.SZ
[22:23:21] [5分钟] 3385/5205: 000503.SZ OK
[22:23:21] [5分钟] 第 3386/5205 只: 300238.SZ
[22:23:21] [5分钟] 3386/5205: 300238.SZ OK
[22:23:21] [5分钟] 第 3387/5205 只: 300623.SZ
[22:23:21] [5分钟] 3387/5205: 300623.SZ OK
[22:23:21] [5分钟] 第 3388/5205 只: 002414.SZ
[22:23:21] [5分钟] 3388/5205: 002414.SZ OK
[22:23:21] [5分钟] 第 3389/5205 只: 300657.SZ
[22:23:21] [5分钟] 3389/5205: 300657.SZ OK
[22:23:21] [5分钟] 第 3390/5205 只: 002460.SZ
[22:23:21] [5分钟] 3390/5205: 002460.SZ OK
[22:23:21] [5分钟] 第 3391/5205 只: 002939.SZ
[22:23:21] [5分钟] 3391/5205: 002939.SZ OK
[22:23:21] [5分钟] 第 3392/5205 只: 002488.SZ
[22:23:21] [5分钟] 3392/5205: 002488.SZ OK
[22:23:21] [5分钟] 第 3393/5205 只: 002093.SZ
[22:23:21] [5分钟] 3393/5205: 002093.SZ OK
[22:23:21] [5分钟] 第 3394/5205 只: 300395.SZ
[22:23:21] [5分钟] 3394/5205: 300395.SZ OK
[22:23:21] [5分钟] 第 3395/5205 只: 002808.SZ
[22:23:21] [5分钟] 3395/5205: 002808.SZ OK
[22:23:21] [5分钟] 第 3396/5205 只: 301515.SZ
[22:23:21] [5分钟] 3396/5205: 301515.SZ OK
[22:23:21] [5分钟] 第 3397/5205 只: 000983.SZ
[22:23:21] [5分钟] 3397/5205: 000983.SZ OK
[22:23:21] [5分钟] 第 3398/5205 只: 301192.SZ
[22:23:21] [5分钟] 3398/5205: 301192.SZ OK
[22:23:21] [5分钟] 第 3399/5205 只: 000029.SZ
[22:23:21] [5分钟] 3399/5205: 000029.SZ OK
[22:23:21] [5分钟] 第 3400/5205 只: 301589.SZ
[22:23:21] [5分钟] 3400/5205: 301589.SZ OK
[22:23:21] [5分钟 3400/5205] 成功3400，失败0，当前 301589.SZ
[22:23:21] [5分钟] 第 3401/5205 只: 300712.SZ
[22:23:21] [5分钟] 3401/5205: 300712.SZ OK
[22:23:21] [5分钟] 第 3402/5205 只: 002551.SZ
[22:23:21] [5分钟] 3402/5205: 002551.SZ OK
[22:23:21] [5分钟] 第 3403/5205 只: 300766.SZ
[22:23:21] [5分钟] 3403/5205: 300766.SZ OK
[22:23:21] [5分钟] 第 3404/5205 只: 002996.SZ
[22:23:21] [5分钟] 3404/5205: 002996.SZ OK
[22:23:21] [5分钟] 第 3405/5205 只: 301090.SZ
[22:23:21] [5分钟] 3405/5205: 301090.SZ OK
[22:23:21] [5分钟] 第 3406/5205 只: 000530.SZ
[22:23:21] [5分钟] 3406/5205: 000530.SZ OK
[22:23:21] [5分钟] 第 3407/5205 只: 300610.SZ
[22:23:21] [5分钟] 3407/5205: 300610.SZ OK
[22:23:21] [5分钟] 第 3408/5205 只: 000881.SZ
[22:23:21] [5分钟] 3408/5205: 000881.SZ OK
[22:23:21] [5分钟] 第 3409/5205 只: 002427.SZ
[22:23:21] [5分钟] 3409/5205: 002427.SZ OK
[22:23:21] [5分钟] 第 3410/5205 只: 000544.SZ
[22:23:21] [5分钟] 3410/5205: 000544.SZ OK
[22:23:21] [5分钟] 第 3411/5205 只: 300664.SZ
[22:23:21] [5分钟] 3411/5205: 300664.SZ OK
[22:23:21] [5分钟] 第 3412/5205 只: 002453.SZ
[22:23:21] [5分钟] 3412/5205: 002453.SZ OK
[22:23:21] [5分钟] 第 3413/5205 只: 002048.SZ
[22:23:21] [5分钟] 3413/5205: 002048.SZ OK
[22:23:21] [5分钟] 第 3414/5205 只: 001358.SZ
[22:23:21] [5分钟] 3414/5205: 001358.SZ OK
[22:23:21] [5分钟] 第 3415/5205 只: 301078.SZ
[22:23:21] [5分钟] 3415/5205: 301078.SZ OK
[22:23:21] [5分钟] 第 3416/5205 只: 000869.SZ
[22:23:21] [5分钟] 3416/5205: 000869.SZ OK
[22:23:21] [5分钟] 第 3417/5205 只: 300460.SZ
[22:23:21] [5分钟] 3417/5205: 300460.SZ OK
[22:23:21] [5分钟] 第 3418/5205 只: 002657.SZ
[22:23:21] [5分钟] 3418/5205: 002657.SZ OK
[22:23:21] [5分钟] 第 3419/5205 只: 300414.SZ
[22:23:21] [5分钟] 3419/5205: 300414.SZ OK
[22:23:21] [5分钟] 第 3420/5205 只: 002238.SZ
[22:23:21] [5分钟] 3420/5205: 002238.SZ OK
[22:23:21] [5分钟] 第 3421/5205 只: 002623.SZ
[22:23:21] [5分钟] 3421/5205: 002623.SZ OK
[22:23:21] [5分钟] 第 3422/5205 只: 300488.SZ
[22:23:21] [5分钟] 3422/5205: 300488.SZ OK
[22:23:21] [5分钟] 第 3423/5205 只: 300093.SZ
[22:23:21] [5分钟] 3423/5205: 300093.SZ OK
[22:23:21] [5分钟] 第 3424/5205 只: 301208.SZ
[22:23:21] [5分钟] 3424/5205: 301208.SZ OK
[22:23:21] [5分钟] 第 3425/5205 只: 301613.SZ
[22:23:21] [5分钟] 3425/5205: 301613.SZ OK
[22:23:21] [5分钟] 第 3426/5205 只: 300939.SZ
[22:23:21] [5分钟] 3426/5205: 300939.SZ OK
[22:23:21] [5分钟] 第 3427/5205 只: 301667.SZ
[22:23:21] [5分钟] 3427/5205: 301667.SZ OK
[22:23:21] [5分钟] 第 3428/5205 只: 300191.SZ
[22:23:21] [5分钟] 3428/5205: 300191.SZ OK
[22:23:21] [5分钟] 第 3429/5205 只: 002755.SZ
[22:23:21] [5分钟] 3429/5205: 002755.SZ OK
[22:23:21] [5分钟] 第 3430/5205 只: 300179.SZ
[22:23:21] [5分钟] 3430/5205: 300179.SZ OK
[22:23:21] [5分钟] 第 3431/5205 只: 300562.SZ
[22:23:21] [5分钟] 3431/5205: 300562.SZ OK
[22:23:21] [5分钟] 第 3432/5205 只: 002721.SZ
[22:23:21] [5分钟] 3432/5205: 002721.SZ OK
[22:23:21] [5分钟] 第 3433/5205 只: 301396.SZ
[22:23:21] [5分钟] 3433/5205: 301396.SZ OK
[22:23:21] [5分钟] 第 3434/5205 只: 000636.SZ
[22:23:21] [5分钟] 3434/5205: 000636.SZ OK
[22:23:21] [5分钟] 第 3435/5205 只: 300516.SZ
[22:23:21] [5分钟] 3435/5205: 300516.SZ OK
[22:23:21] [5分钟] 第 3436/5205 只: 300080.SZ
[22:23:21] [5分钟] 3436/5205: 300080.SZ OK
[22:23:21] [5分钟] 第 3437/5205 只: 301600.SZ
[22:23:21] [5分钟] 3437/5205: 301600.SZ OK
[22:23:21] [5分钟] 第 3438/5205 只: 000753.SZ
[22:23:21] [5分钟] 3438/5205: 000753.SZ OK
[22:23:21] [5分钟] 第 3439/5205 只: 300068.SZ
[22:23:21] [5分钟] 3439/5205: 300068.SZ OK
[22:23:21] [5分钟] 第 3440/5205 只: 300473.SZ
[22:23:21] [5分钟] 3440/5205: 300473.SZ OK
[22:23:21] [5分钟] 第 3441/5205 只: 002644.SZ
[22:23:21] [5分钟] 3441/5205: 002644.SZ OK
[22:23:21] [5分钟] 第 3442/5205 只: 301287.SZ
[22:23:21] [5分钟] 3442/5205: 301287.SZ OK
[22:23:21] [5分钟] 第 3443/5205 只: 000727.SZ
[22:23:21] [5分钟] 3443/5205: 000727.SZ OK
[22:23:21] [5分钟] 第 3444/5205 只: 300407.SZ
[22:23:21] [5分钟] 3444/5205: 300407.SZ OK
[22:23:21] [5分钟] 第 3445/5205 只: 002630.SZ
[22:23:21] [5分钟] 3445/5205: 002630.SZ OK
[22:23:21] [5分钟] 第 3446/5205 只: 002746.SZ
[22:23:21] [5分钟] 3446/5205: 002746.SZ OK
[22:23:21] [5分钟] 第 3447/5205 只: 000651.SZ
[22:23:21] [5分钟] 3447/5205: 000651.SZ OK
[22:23:21] [5分钟] 第 3448/5205 只: 300571.SZ
[22:23:21] [5分钟] 3448/5205: 300571.SZ OK
[22:23:21] [5分钟] 第 3449/5205 只: 002329.SZ
[22:23:21] [5分钟] 3449/5205: 002329.SZ OK
[22:23:21] [5分钟] 第 3450/5205 只: 002732.SZ
[22:23:21] [5分钟] 3450/5205: 002732.SZ OK
[22:23:21] [5分钟 3450/5205] 成功3450，失败0，当前 002732.SZ
[22:23:21] [5分钟] 第 3451/5205 只: 000625.SZ
[22:23:21] [5分钟] 3451/5205: 000625.SZ OK
[22:23:21] [5分钟] 第 3452/5205 只: 300505.SZ
[22:23:21] [5分钟] 3452/5205: 300505.SZ OK
[22:23:21] [5分钟] 第 3453/5205 只: 300828.SZ
[22:23:21] [5分钟] 3453/5205: 300828.SZ OK
[22:23:21] [5分钟] 第 3454/5205 只: 300599.SZ
[22:23:21] [5分钟] 3454/5205: 300599.SZ OK
[22:23:21] [5分钟] 第 3455/5205 只: 300182.SZ
[22:23:21] [5分钟] 3455/5205: 300182.SZ OK
[22:23:21] [5分钟] 第 3456/5205 只: 301319.SZ
[22:23:21] [5分钟] 3456/5205: 301319.SZ OK
[22:23:21] [5分钟] 第 3457/5205 只: 000990.SZ
[22:23:21] [5分钟] 3457/5205: 000990.SZ OK
[22:23:21] [5分钟] 第 3458/5205 只: 002536.SZ
[22:23:21] [5分钟] 3458/5205: 002536.SZ OK
[22:23:21] [5分钟] 第 3459/5205 只: 301181.SZ
[22:23:21] [5分钟] 3459/5205: 301181.SZ OK
[22:23:21] [5分钟] 第 3460/5205 只: 002887.SZ
[22:23:21] [5分钟] 3460/5205: 002887.SZ OK
[22:23:21] [5分钟] 第 3461/5205 只: 000421.SZ
[22:23:21] [5分钟] 3461/5205: 000421.SZ OK
[22:23:21] [5分钟] 第 3462/5205 只: 300701.SZ
[22:23:21] [5分钟] 3462/5205: 300701.SZ OK
[22:23:21] [5分钟] 第 3463/5205 只: 002542.SZ
[22:23:21] [5分钟] 3463/5205: 002542.SZ OK
[22:23:21] [5分钟] 第 3464/5205 只: 002159.SZ
[22:23:21] [5分钟] 3464/5205: 002159.SZ OK
[22:23:21] [5分钟] 第 3465/5205 只: 300775.SZ
[22:23:21] [5分钟] 3465/5205: 300775.SZ OK
[22:23:21] [5分钟] 第 3466/5205 只: 000978.SZ
[22:23:21] [5分钟] 3466/5205: 000978.SZ OK
[22:23:21] [5分钟] 第 3467/5205 只: 301169.SZ
[22:23:21] [5分钟] 3467/5205: 301169.SZ OK
[22:23:21] [5分钟] 第 3468/5205 只: 300386.SZ
[22:23:21] [5分钟] 3468/5205: 300386.SZ OK
[22:23:21] [5分钟] 第 3469/5205 只: 300284.SZ
[22:23:21] [5分钟] 3469/5205: 300284.SZ OK
[22:23:21] [5分钟] 第 3470/5205 只: 002919.SZ
[22:23:21] [5分钟] 3470/5205: 002919.SZ OK
[22:23:21] [5分钟] 第 3471/5205 只: 002985.SZ
[22:23:21] [5分钟] 3471/5205: 002985.SZ OK
[22:23:21] [5分钟] 第 3472/5205 只: 301083.SZ
[22:23:21] [5分钟] 3472/5205: 301083.SZ OK
[22:23:21] [5分钟] 第 3473/5205 只: 301498.SZ
[22:23:21] [5分钟] 3473/5205: 301498.SZ OK
[22:23:21] [5分钟] 第 3474/5205 只: 000523.SZ
[22:23:21] [5分钟] 3474/5205: 000523.SZ OK
[22:23:21] [5分钟] 第 3475/5205 只: 300603.SZ
[22:23:21] [5分钟] 3475/5205: 300603.SZ OK
[22:23:21] [5分钟] 第 3476/5205 只: 300218.SZ
[22:23:21] [5分钟] 3476/5205: 300218.SZ OK
[22:23:21] [5分钟] 第 3477/5205 只: 000892.SZ
[22:23:21] [5分钟] 3477/5205: 000892.SZ OK
[22:23:21] [5分钟] 第 3478/5205 只: 002434.SZ
[22:23:21] [5分钟] 3478/5205: 002434.SZ OK
[22:23:21] [5分钟] 第 3479/5205 只: 000557.SZ
[22:23:21] [5分钟] 3479/5205: 000557.SZ OK
[22:23:21] [5分钟] 第 3480/5205 只: 300677.SZ
[22:23:21] [5分钟] 3480/5205: 300677.SZ OK
[22:23:21] [5分钟] 第 3481/5205 只: 002440.SZ
[22:23:21] [5分钟] 3481/5205: 002440.SZ OK
[22:23:21] [5分钟] 第 3482/5205 只: 002760.SZ
[22:23:21] [5分钟] 3482/5205: 002760.SZ OK
[22:23:21] [5分钟] 第 3483/5205 只: 000677.SZ
[22:23:21] [5分钟] 3483/5205: 000677.SZ OK
[22:23:21] [5分钟] 第 3484/5205 只: 300557.SZ
[22:23:21] [5分钟] 3484/5205: 300557.SZ OK
[22:23:21] [5分钟] 第 3485/5205 只: 300892.SZ
[22:23:21] [5分钟] 3485/5205: 300892.SZ OK
[22:23:21] [5分钟] 第 3486/5205 只: 002714.SZ
[22:23:21] [5分钟] 3486/5205: 002714.SZ OK
[22:23:21] [5分钟] 第 3487/5205 只: 000603.SZ
[22:23:21] [5分钟] 3487/5205: 000603.SZ OK
[22:23:21] [5分钟] 第 3488/5205 只: 300523.SZ
[22:23:21] [5分钟] 3488/5205: 300523.SZ OK
[22:23:21] [5分钟] 第 3489/5205 只: 300138.SZ
[22:23:21] [5分钟] 3489/5205: 300138.SZ OK
[22:23:21] [5分钟] 第 3490/5205 只: 002393.SZ
[22:23:21] [5分钟] 3490/5205: 002393.SZ OK
[22:23:21] [5分钟] 第 3491/5205 只: 002788.SZ
[22:23:21] [5分钟] 3491/5205: 002788.SZ OK
[22:23:21] [5分钟] 第 3492/5205 只: 301626.SZ
[22:23:21] [5分钟] 3492/5205: 301626.SZ OK
[22:23:21] [5分钟] 第 3493/5205 只: 002291.SZ
[22:23:21] [5分钟] 3493/5205: 002291.SZ OK
[22:23:21] [5分钟] 第 3494/5205 只: 300978.SZ
[22:23:21] [5分钟] 3494/5205: 300978.SZ OK
[22:23:21] [5分钟] 第 3495/5205 只: 300455.SZ
[22:23:21] [5分钟] 3495/5205: 300455.SZ OK
[22:23:21] [5分钟] 第 3496/5205 只: 002662.SZ
[22:23:21] [5分钟] 3496/5205: 002662.SZ OK
[22:23:21] [5分钟] 第 3497/5205 只: 002279.SZ
[22:23:21] [5分钟] 3497/5205: 002279.SZ OK
[22:23:21] [5分钟] 第 3498/5205 只: 000701.SZ
[22:23:21] [5分钟] 3498/5205: 000701.SZ OK
[22:23:21] [5分钟] 第 3499/5205 只: 300421.SZ
[22:23:21] [5分钟] 3499/5205: 300421.SZ OK
[22:23:21] [5分钟] 第 3500/5205 只: 300990.SZ
[22:23:21] [5分钟] 3500/5205: 300990.SZ OK
[22:23:21] [5分钟 3500/5205] 成功3500，失败0，当前 300990.SZ
[22:23:21] [5分钟] 第 3501/5205 只: 002616.SZ
[22:23:21] [5分钟] 3501/5205: 002616.SZ OK
[22:23:21] [5分钟] 第 3502/5205 只: 301456.SZ
[22:23:21] [5分钟] 3502/5205: 301456.SZ OK
[22:23:21] [5分钟] 第 3503/5205 只: 001319.SZ
[22:23:21] [5分钟] 3503/5205: 001319.SZ OK
[22:23:21] [5分钟] 第 3504/5205 只: 301039.SZ
[22:23:21] [5分钟] 3504/5205: 301039.SZ OK
[22:23:21] [5分钟] 第 3505/5205 只: 000599.SZ
[22:23:21] [5分钟] 3505/5205: 000599.SZ OK
[22:23:21] [5分钟] 第 3506/5205 只: 000828.SZ
[22:23:21] [5分钟] 3506/5205: 000828.SZ OK
[22:23:21] [5分钟] 第 3507/5205 只: 002095.SZ
[22:23:21] [5分钟] 3507/5205: 002095.SZ OK
[22:23:21] [5分钟] 第 3508/5205 只: 000505.SZ
[22:23:21] [5分钟] 3508/5205: 000505.SZ OK
[22:23:21] [5分钟] 第 3509/5205 只: 300625.SZ
[22:23:21] [5分钟] 3509/5205: 300625.SZ OK
[22:23:21] [5分钟] 第 3510/5205 只: 002009.SZ
[22:23:21] [5分钟] 3510/5205: 002009.SZ OK
[22:23:21] [5分钟] 第 3511/5205 只: 002412.SZ
[22:23:21] [5分钟] 3511/5205: 002412.SZ OK
[22:23:21] [5分钟] 第 3512/5205 只: 000571.SZ
[22:23:21] [5分钟] 3512/5205: 000571.SZ OK
[22:23:21] [5分钟] 第 3513/5205 只: 300651.SZ
[22:23:21] [5分钟] 3513/5205: 300651.SZ OK
[22:23:21] [5分钟] 第 3514/5205 只: 002466.SZ
[22:23:21] [5分钟] 3514/5205: 002466.SZ OK
[22:23:21] [5分钟] 第 3515/5205 只: 002510.SZ
[22:23:21] [5分钟] 3515/5205: 002510.SZ OK
[22:23:21] [5分钟] 第 3516/5205 只: 000407.SZ
[22:23:21] [5分钟] 3516/5205: 000407.SZ OK
[22:23:21] [5分钟] 第 3517/5205 只: 300727.SZ
[22:23:21] [5分钟] 3517/5205: 300727.SZ OK
[22:23:21] [5分钟] 第 3518/5205 只: 001287.SZ
[22:23:21] [5分钟] 3518/5205: 001287.SZ OK
[22:23:21] [5分钟] 第 3519/5205 只: 002564.SZ
[22:23:21] [5分钟] 3519/5205: 002564.SZ OK
[22:23:21] [5分钟] 第 3520/5205 只: 000068.SZ
[22:23:21] [5分钟] 3520/5205: 000068.SZ OK
[22:23:21] [5分钟] 第 3521/5205 只: 300348.SZ
[22:23:21] [5分钟] 3521/5205: 300348.SZ OK
[22:23:21] [5分钟] 第 3522/5205 只: 300753.SZ
[22:23:21] [5分钟] 3522/5205: 300753.SZ OK
[22:23:21] [5分钟] 第 3523/5205 只: 002849.SZ
[22:23:21] [5分钟] 3523/5205: 002849.SZ OK
[22:23:21] [5分钟] 第 3524/5205 只: 002197.SZ
[22:23:21] [5分钟] 3524/5205: 002197.SZ OK
[22:23:21] [5分钟] 第 3525/5205 只: 301520.SZ
[22:23:21] [5分钟] 3525/5205: 301520.SZ OK
[22:23:21] [5分钟] 第 3526/5205 只: 000516.SZ
[22:23:21] [5分钟] 3526/5205: 000516.SZ OK
[22:23:21] [5分钟] 第 3527/5205 只: 300636.SZ
[22:23:21] [5分钟] 3527/5205: 300636.SZ OK
[22:23:21] [5分钟] 第 3528/5205 只: 001396.SZ
[22:23:21] [5分钟] 3528/5205: 001396.SZ OK
[22:23:21] [5分钟] 第 3529/5205 只: 002401.SZ
[22:23:21] [5分钟] 3529/5205: 002401.SZ OK
[22:23:21] [5分钟] 第 3530/5205 只: 300259.SZ
[22:23:21] [5分钟] 3530/5205: 300259.SZ OK
[22:23:21] [5分钟] 第 3531/5205 只: 300642.SZ
[22:23:21] [5分钟] 3531/5205: 300642.SZ OK
[22:23:21] [5分钟] 第 3532/5205 只: 002475.SZ
[22:23:21] [5分钟] 3532/5205: 002475.SZ OK
[22:23:21] [5分钟] 第 3533/5205 只: 002958.SZ
[22:23:21] [5分钟] 3533/5205: 002958.SZ OK
[22:23:21] [5分钟] 第 3534/5205 只: 002086.SZ
[22:23:21] [5分钟] 3534/5205: 002086.SZ OK
[22:23:21] [5分钟] 第 3535/5205 只: 002184.SZ
[22:23:21] [5分钟] 3535/5205: 002184.SZ OK
[22:23:21] [5分钟] 第 3536/5205 只: 001208.SZ
[22:23:21] [5分钟] 3536/5205: 001208.SZ OK
[22:23:21] [5分钟] 第 3537/5205 只: 301128.SZ
[22:23:21] [5分钟] 3537/5205: 301128.SZ OK
[22:23:21] [5分钟] 第 3538/5205 只: 301533.SZ
[22:23:21] [5分钟] 3538/5205: 301533.SZ OK
[22:23:21] [5分钟] 第 3539/5205 只: 000488.SZ
[22:23:21] [5分钟] 3539/5205: 000488.SZ OK
[22:23:21] [5分钟] 第 3540/5205 只: 002577.SZ
[22:23:21] [5分钟] 3540/5205: 002577.SZ OK
[22:23:21] [5分钟] 第 3541/5205 只: 300740.SZ
[22:23:21] [5分钟] 3541/5205: 300740.SZ OK
[22:23:21] [5分钟] 第 3542/5205 只: 002380.SZ
[22:23:21] [5分钟] 3542/5205: 002380.SZ OK
[22:23:21] [5分钟] 第 3543/5205 只: 300869.SZ
[22:23:21] [5分钟] 3543/5205: 300869.SZ OK
[22:23:21] [5分钟] 第 3544/5205 只: 301358.SZ
[22:23:21] [5分钟] 3544/5205: 301358.SZ OK
[22:23:21] [5分钟] 第 3545/5205 只: 002773.SZ
[22:23:21] [5分钟] 3545/5205: 002773.SZ OK
[22:23:21] [5分钟] 第 3546/5205 只: 002368.SZ
[22:23:21] [5分钟] 3546/5205: 002368.SZ OK
[22:23:21] [5分钟] 第 3547/5205 只: 300881.SZ
[22:23:21] [5分钟] 3547/5205: 300881.SZ OK
[22:23:21] [5分钟] 第 3548/5205 只: 002707.SZ
[22:23:21] [5分钟] 3548/5205: 002707.SZ OK
[22:23:21] [5分钟] 第 3549/5205 只: 000610.SZ
[22:23:21] [5分钟] 3549/5205: 000610.SZ OK
[22:23:21] [5分钟] 第 3550/5205 只: 300530.SZ
[22:23:21] [5分钟] 3550/5205: 300530.SZ OK
[22:23:21] [5分钟 3550/5205] 成功3550，失败0，当前 300530.SZ
[22:23:21] [5分钟] 第 3551/5205 只: 000766.SZ
[22:23:21] [5分钟] 3551/5205: 000766.SZ OK
[22:23:21] [5分钟] 第 3552/5205 只: 300446.SZ
[22:23:21] [5分钟] 3552/5205: 300446.SZ OK
[22:23:21] [5分钟] 第 3553/5205 只: 002671.SZ
[22:23:21] [5分钟] 3553/5205: 002671.SZ OK
[22:23:21] [5分钟] 第 3554/5205 只: 000712.SZ
[22:23:21] [5分钟] 3554/5205: 000712.SZ OK
[22:23:21] [5分钟] 第 3555/5205 只: 300432.SZ
[22:23:21] [5分钟] 3555/5205: 300432.SZ OK
[22:23:21] [5分钟] 第 3556/5205 只: 300029.SZ
[22:23:21] [5分钟] 3556/5205: 300029.SZ OK
[22:23:21] [5分钟] 第 3557/5205 只: 300983.SZ
[22:23:21] [5分钟] 3557/5205: 300983.SZ OK
[22:23:21] [5分钟] 第 3558/5205 只: 002605.SZ
[22:23:21] [5分钟] 3558/5205: 002605.SZ OK
[22:23:21] [5分钟] 第 3559/5205 只: 002282.SZ
[22:23:21] [5分钟] 3559/5205: 002282.SZ OK
[22:23:21] [5分钟] 第 3560/5205 只: 003019.SZ
[22:23:21] [5分钟] 3560/5205: 003019.SZ OK
[22:23:21] [5分钟] 第 3561/5205 只: 300681.SZ
[22:23:21] [5分钟] 3561/5205: 300681.SZ OK
[22:23:21] [5分钟] 第 3562/5205 只: 002907.SZ
[22:23:21] [5分钟] 3562/5205: 002907.SZ OK
[22:23:21] [5分钟] 第 3563/5205 只: 301001.SZ
[22:23:21] [5分钟] 3563/5205: 301001.SZ OK
[22:23:21] [5分钟] 第 3564/5205 只: 000810.SZ
[22:23:21] [5分钟] 3564/5205: 000810.SZ OK
[22:23:21] [5分钟] 第 3565/5205 只: 301075.SZ
[22:23:21] [5分钟] 3565/5205: 301075.SZ OK
[22:23:21] [5分钟] 第 3566/5205 只: 002973.SZ
[22:23:21] [5分钟] 3566/5205: 002973.SZ OK
[22:23:21] [5分钟] 第 3567/5205 只: 300669.SZ
[22:23:21] [5分钟] 3567/5205: 300669.SZ OK
[22:23:21] [5分钟] 第 3568/5205 只: 300272.SZ
[22:23:21] [5分钟] 3568/5205: 300272.SZ OK
[22:23:21] [5分钟] 第 3569/5205 只: 002045.SZ
[22:23:21] [5分钟] 3569/5205: 002045.SZ OK
[22:23:21] [5分钟] 第 3570/5205 只: 301486.SZ
[22:23:21] [5分钟] 3570/5205: 301486.SZ OK
[22:23:21] [5分钟] 第 3571/5205 只: 300206.SZ
[22:23:21] [5分钟] 3571/5205: 300206.SZ OK
[22:23:21] [5分钟] 第 3572/5205 只: 002031.SZ
[22:23:21] [5分钟] 3572/5205: 002031.SZ OK
[22:23:21] [5分钟] 第 3573/5205 只: 000050.SZ
[22:23:21] [5分钟] 3573/5205: 000050.SZ OK
[22:23:21] [5分钟] 第 3574/5205 只: 300370.SZ
[22:23:21] [5分钟] 3574/5205: 300370.SZ OK
[22:23:21] [5分钟] 第 3575/5205 只: 002528.SZ
[22:23:21] [5分钟] 3575/5205: 002528.SZ OK
[22:23:21] [5分钟] 第 3576/5205 只: 002133.SZ
[22:23:21] [5分钟] 3576/5205: 002133.SZ OK
[22:23:21] [5分钟] 第 3577/5205 只: 301584.SZ
[22:23:21] [5分钟] 3577/5205: 301584.SZ OK
[22:23:21] [5分钟] 第 3578/5205 只: 002899.SZ
[22:23:21] [5分钟] 3578/5205: 002899.SZ OK
[22:23:21] [5分钟] 第 3579/5205 只: 300304.SZ
[22:23:21] [5分钟] 3579/5205: 300304.SZ OK
[22:23:21] [5分钟] 第 3580/5205 只: 000912.SZ
[22:23:21] [5分钟] 3580/5205: 000912.SZ OK
[22:23:21] [5分钟] 第 3581/5205 只: 001223.SZ
[22:23:21] [5分钟] 3581/5205: 001223.SZ OK
[22:23:21] [5分钟] 第 3582/5205 只: 300398.SZ
[22:23:21] [5分钟] 3582/5205: 300398.SZ OK
[22:23:21] [5分钟] 第 3583/5205 只: 300783.SZ
[22:23:21] [5分钟] 3583/5205: 300783.SZ OK
[22:23:21] [5分钟] 第 3584/5205 只: 301518.SZ
[22:23:21] [5分钟] 3584/5205: 301518.SZ OK
[22:23:21] [5分钟] 第 3585/5205 只: 301103.SZ
[22:23:21] [5分钟] 3585/5205: 301103.SZ OK
[22:23:21] [5分钟] 第 3586/5205 只: 002805.SZ
[22:23:21] [5分钟] 3586/5205: 002805.SZ OK
[22:23:21] [5分钟] 第 3587/5205 只: 000966.SZ
[22:23:21] [5分钟] 3587/5205: 000966.SZ OK
[22:23:21] [5分钟] 第 3588/5205 只: 001257.SZ
[22:23:21] [5分钟] 3588/5205: 001257.SZ OK
[22:23:21] [5分钟] 第 3589/5205 只: 002871.SZ
[22:23:21] [5分钟] 3589/5205: 002871.SZ OK
[22:23:21] [5分钟] 第 3590/5205 只: 301177.SZ
[22:23:21] [5分钟] 3590/5205: 301177.SZ OK
[22:23:21] [5分钟] 第 3591/5205 只: 002337.SZ
[22:23:21] [5分钟] 3591/5205: 002337.SZ OK
[22:23:21] [5分钟] 第 3592/5205 只: 300100.SZ
[22:23:21] [5分钟] 3592/5205: 300100.SZ OK
[22:23:21] [5分钟] 第 3593/5205 只: 001965.SZ
[22:23:21] [5分钟] 3593/5205: 001965.SZ OK
[22:23:21] [5分钟] 第 3594/5205 只: 002343.SZ
[22:23:21] [5分钟] 3594/5205: 002343.SZ OK
[22:23:21] [5分钟] 第 3595/5205 只: 002758.SZ
[22:23:21] [5分钟] 3595/5205: 002758.SZ OK
[22:23:21] [5分钟] 第 3596/5205 只: 300174.SZ
[22:23:21] [5分钟] 3596/5205: 300174.SZ OK
[22:23:21] [5分钟] 第 3597/5205 只: 300842.SZ
[22:23:21] [5分钟] 3597/5205: 300842.SZ OK
[22:23:21] [5分钟] 第 3598/5205 只: 301373.SZ
[22:23:21] [5分钟] 3598/5205: 301373.SZ OK
[22:23:21] [5分钟] 第 3599/5205 只: 300836.SZ
[22:23:21] [5分钟] 3599/5205: 300836.SZ OK
[22:23:21] [5分钟] 第 3600/5205 只: 300587.SZ
[22:23:21] [5分钟] 3600/5205: 300587.SZ OK
[22:23:21] [5分钟 3600/5205] 成功3600，失败0，当前 300587.SZ
[22:23:21] [5分钟] 第 3601/5205 只: 301307.SZ
[22:23:21] [5分钟] 3601/5205: 301307.SZ OK
[22:23:21] [5分钟] 第 3602/5205 只: 300940.SZ
[22:23:21] [5分钟] 3602/5205: 300940.SZ OK
[22:23:21] [5分钟] 第 3603/5205 只: 300485.SZ
[22:23:21] [5分钟] 3603/5205: 300485.SZ OK
[22:23:21] [5分钟] 第 3604/5205 只: 301205.SZ
[22:23:21] [5分钟] 3604/5205: 301205.SZ OK
[22:23:21] [5分钟] 第 3605/5205 只: 003032.SZ
[22:23:21] [5分钟] 3605/5205: 003032.SZ OK
[22:23:21] [5分钟] 第 3606/5205 只: 000739.SZ
[22:23:21] [5分钟] 3606/5205: 000739.SZ OK
[22:23:21] [5分钟] 第 3607/5205 只: 301682.SZ
[22:23:21] [5分钟] 3607/5205: 301682.SZ OK
[22:23:21] [5分钟] 第 3608/5205 只: 301299.SZ
[22:23:21] [5分钟] 3608/5205: 301299.SZ OK
[22:23:21] [5分钟] 第 3609/5205 只: 300002.SZ
[22:23:21] [5分钟] 3609/5205: 300002.SZ OK
[22:23:21] [5分钟] 第 3610/5205 只: 300419.SZ
[22:23:21] [5分钟] 3610/5205: 300419.SZ OK
[22:23:21] [5分钟] 第 3611/5205 只: 002235.SZ
[22:23:21] [5分钟] 3611/5205: 002235.SZ OK
[22:23:21] [5分钟] 第 3612/5205 只: 300076.SZ
[22:23:21] [5分钟] 3612/5205: 300076.SZ OK
[22:23:21] [5分钟] 第 3613/5205 只: 002241.SZ
[22:23:21] [5分钟] 3613/5205: 002241.SZ OK
[22:23:21] [5分钟] 第 3614/5205 只: 300851.SZ
[22:23:21] [5分钟] 3614/5205: 300851.SZ OK
[22:23:21] [5分钟] 第 3615/5205 只: 301360.SZ
[22:23:21] [5分钟] 3615/5205: 301360.SZ OK
[22:23:21] [5分钟] 第 3616/5205 只: 300825.SZ
[22:23:21] [5分钟] 3616/5205: 300825.SZ OK
[22:23:21] [5分钟] 第 3617/5205 只: 300594.SZ
[22:23:21] [5分钟] 3617/5205: 300594.SZ OK
[22:23:21] [5分钟] 第 3618/5205 只: 301314.SZ
[22:23:21] [5分钟] 3618/5205: 301314.SZ OK
[22:23:21] [5分钟] 第 3619/5205 只: 002324.SZ
[22:23:21] [5分钟] 3619/5205: 002324.SZ OK
[22:23:21] [5分钟] 第 3620/5205 只: 000628.SZ
[22:23:21] [5分钟] 3620/5205: 000628.SZ OK
[22:23:21] [5分钟] 第 3621/5205 只: 301388.SZ
[22:23:21] [5分钟] 3621/5205: 301388.SZ OK
[22:23:21] [5分钟] 第 3622/5205 只: 300113.SZ
[22:23:21] [5分钟] 3622/5205: 300113.SZ OK
[22:23:21] [5分钟] 第 3623/5205 只: 300508.SZ
[22:23:21] [5分钟] 3623/5205: 300508.SZ OK
[22:23:21] [5分钟] 第 3624/5205 只: 002350.SZ
[22:23:21] [5分钟] 3624/5205: 002350.SZ OK
[22:23:21] [5分钟] 第 3625/5205 只: 300167.SZ
[22:23:21] [5分钟] 3625/5205: 300167.SZ OK
[22:23:21] [5分钟] 第 3626/5205 只: 300011.SZ
[22:23:21] [5分钟] 3626/5205: 300011.SZ OK
[22:23:21] [5分钟] 第 3627/5205 只: 002226.SZ
[22:23:21] [5分钟] 3627/5205: 002226.SZ OK
[22:23:21] [5分钟] 第 3628/5205 只: 300065.SZ
[22:23:21] [5分钟] 3628/5205: 300065.SZ OK
[22:23:21] [5分钟] 第 3629/5205 只: 002252.SZ
[22:23:21] [5分钟] 3629/5205: 002252.SZ OK
[22:23:21] [5分钟] 第 3630/5205 只: 002649.SZ
[22:23:21] [5分钟] 3630/5205: 002649.SZ OK
[22:23:21] [5分钟] 第 3631/5205 只: 301262.SZ
[22:23:21] [5分钟] 3631/5205: 301262.SZ OK
[22:23:21] [5分钟] 第 3632/5205 只: 300953.SZ
[22:23:21] [5分钟] 3632/5205: 300953.SZ OK
[22:23:21] [5分钟] 第 3633/5205 只: 300496.SZ
[22:23:21] [5分钟] 3633/5205: 300496.SZ OK
[22:23:21] [5分钟] 第 3634/5205 只: 301216.SZ
[22:23:21] [5分钟] 3634/5205: 301216.SZ OK
[22:23:21] [5分钟] 第 3635/5205 只: 003021.SZ
[22:23:21] [5分钟] 3635/5205: 003021.SZ OK
[22:23:21] [5分钟] 第 3636/5205 只: 300927.SZ
[22:23:21] [5分钟] 3636/5205: 300927.SZ OK
[22:23:21] [5分钟] 第 3637/5205 只: 300261.SZ
[22:23:21] [5分钟] 3637/5205: 300261.SZ OK
[22:23:21] [5分钟] 第 3638/5205 只: 002056.SZ
[22:23:21] [5分钟] 3638/5205: 002056.SZ OK
[22:23:21] [5分钟] 第 3639/5205 只: 002988.SZ
[22:23:21] [5分钟] 3639/5205: 002988.SZ OK
[22:23:21] [5分钟] 第 3640/5205 只: 300215.SZ
[22:23:21] [5分钟] 3640/5205: 300215.SZ OK
[22:23:21] [5分钟] 第 3641/5205 只: 002439.SZ
[22:23:21] [5分钟] 3641/5205: 002439.SZ OK
[22:23:21] [5分钟] 第 3642/5205 只: 002022.SZ
[22:23:21] [5分钟] 3642/5205: 002022.SZ OK
[22:23:21] [5分钟] 第 3643/5205 只: 001332.SZ
[22:23:21] [5分钟] 3643/5205: 001332.SZ OK
[22:23:21] [5分钟] 第 3644/5205 只: 300289.SZ
[22:23:21] [5分钟] 3644/5205: 300289.SZ OK
[22:23:21] [5分钟] 第 3645/5205 只: 300692.SZ
[22:23:21] [5分钟] 3645/5205: 300692.SZ OK
[22:23:21] [5分钟] 第 3646/5205 只: 301012.SZ
[22:23:21] [5分钟] 3646/5205: 301012.SZ OK
[22:23:21] [5分钟] 第 3647/5205 只: 000803.SZ
[22:23:21] [5分钟] 3647/5205: 000803.SZ OK
[22:23:21] [5分钟] 第 3648/5205 只: 301066.SZ
[22:23:21] [5分钟] 3648/5205: 301066.SZ OK
[22:23:21] [5分钟] 第 3649/5205 只: 002960.SZ
[22:23:21] [5分钟] 3649/5205: 002960.SZ OK
[22:23:21] [5分钟] 第 3650/5205 只: 000877.SZ
[22:23:21] [5分钟] 3650/5205: 000877.SZ OK
[22:23:21] [5分钟 3650/5205] 成功3650，失败0，当前 000877.SZ
[22:23:21] [5分钟] 第 3651/5205 只: 000901.SZ
[22:23:21] [5分钟] 3651/5205: 000901.SZ OK
[22:23:21] [5分钟] 第 3652/5205 只: 001230.SZ
[22:23:21] [5分钟] 3652/5205: 001230.SZ OK
[22:23:21] [5分钟] 第 3653/5205 只: 300790.SZ
[22:23:21] [5分钟] 3653/5205: 300790.SZ OK
[22:23:21] [5分钟] 第 3654/5205 只: 301110.SZ
[22:23:21] [5分钟] 3654/5205: 301110.SZ OK
[22:23:21] [5分钟] 第 3655/5205 只: 002816.SZ
[22:23:21] [5分钟] 3655/5205: 002816.SZ OK
[22:23:21] [5分钟] 第 3656/5205 只: 000975.SZ
[22:23:21] [5分钟] 3656/5205: 000975.SZ OK
[22:23:21] [5分钟] 第 3657/5205 只: 002862.SZ
[22:23:21] [5分钟] 3657/5205: 002862.SZ OK
[22:23:21] [5分钟] 第 3658/5205 只: 002154.SZ
[22:23:21] [5分钟] 3658/5205: 002154.SZ OK
[22:23:21] [5分钟] 第 3659/5205 只: 300778.SZ
[22:23:21] [5分钟] 3659/5205: 300778.SZ OK
[22:23:21] [5分钟] 第 3660/5205 只: 300363.SZ
[22:23:21] [5分钟] 3660/5205: 300363.SZ OK
[22:23:21] [5分钟] 第 3661/5205 只: 002120.SZ
[22:23:21] [5分钟] 3661/5205: 002120.SZ OK
[22:23:21] [5分钟] 第 3662/5205 只: 000037.SZ
[22:23:21] [5分钟] 3662/5205: 000037.SZ OK
[22:23:21] [5分钟] 第 3663/5205 只: 300317.SZ
[22:23:21] [5分钟] 3663/5205: 300317.SZ OK
[22:23:21] [5分钟] 第 3664/5205 只: 300037.SZ
[22:23:21] [5分钟] 3664/5205: 300037.SZ OK
[22:23:21] [5分钟] 第 3665/5205 只: 002200.SZ
[22:23:21] [5分钟] 3665/5205: 002200.SZ OK
[22:23:21] [5分钟] 第 3666/5205 只: 000778.SZ
[22:23:21] [5分钟] 3666/5205: 000778.SZ OK
[22:23:21] [5分钟] 第 3667/5205 只: 300458.SZ
[22:23:21] [5分钟] 3667/5205: 300458.SZ OK
[22:23:21] [5分钟] 第 3668/5205 只: 300043.SZ
[22:23:21] [5分钟] 3668/5205: 300043.SZ OK
[22:23:21] [5分钟] 第 3669/5205 只: 002274.SZ
[22:23:21] [5分钟] 3669/5205: 002274.SZ OK
[22:23:21] [5分钟] 第 3670/5205 只: 300975.SZ
[22:23:21] [5分钟] 3670/5205: 300975.SZ OK
[22:23:21] [5分钟] 第 3671/5205 只: 000790.SZ
[22:23:21] [5分钟] 3671/5205: 000790.SZ OK
[22:23:21] [5分钟] 第 3672/5205 只: 301230.SZ
[22:23:21] [5分钟] 3672/5205: 301230.SZ OK
[22:23:21] [5分钟] 第 3673/5205 只: 002687.SZ
[22:23:21] [5分钟] 3673/5205: 002687.SZ OK
[22:23:21] [5分钟] 第 3674/5205 只: 300901.SZ
[22:23:21] [5分钟] 3674/5205: 300901.SZ OK
[22:23:21] [5分钟] 第 3675/5205 只: 003007.SZ
[22:23:21] [5分钟] 3675/5205: 003007.SZ OK
[22:23:21] [5分钟] 第 3676/5205 只: 300877.SZ
[22:23:21] [5分钟] 3676/5205: 300877.SZ OK
[22:23:21] [5分钟] 第 3677/5205 只: 002785.SZ
[22:23:21] [5分钟] 3677/5205: 002785.SZ OK
[22:23:21] [5分钟] 第 3678/5205 只: 300803.SZ
[22:23:21] [5分钟] 3678/5205: 300803.SZ OK
[22:23:21] [5分钟] 第 3679/5205 只: 000692.SZ
[22:23:21] [5分钟] 3679/5205: 000692.SZ OK
[22:23:21] [5分钟] 第 3680/5205 只: 301332.SZ
[22:23:21] [5分钟] 3680/5205: 301332.SZ OK
[22:23:21] [5分钟] 第 3681/5205 只: 002719.SZ
[22:23:21] [5分钟] 3681/5205: 002719.SZ OK
[22:23:21] [5分钟] 第 3682/5205 只: 002302.SZ
[22:23:21] [5分钟] 3682/5205: 002302.SZ OK
[22:23:21] [5分钟] 第 3683/5205 只: 300135.SZ
[22:23:21] [5分钟] 3683/5205: 300135.SZ OK
[22:23:21] [5分钟] 第 3684/5205 只: 002376.SZ
[22:23:21] [5分钟] 3684/5205: 002376.SZ OK
[22:23:21] [5分钟] 第 3685/5205 只: 300141.SZ
[22:23:21] [5分钟] 3685/5205: 300141.SZ OK
[22:23:21] [5分钟] 第 3686/5205 只: 002581.SZ
[22:23:21] [5分钟] 3686/5205: 002581.SZ OK
[22:23:21] [5分钟] 第 3687/5205 只: 000927.SZ
[22:23:21] [5分钟] 3687/5205: 000927.SZ OK
[22:23:21] [5分钟] 第 3688/5205 只: 001216.SZ
[22:23:21] [5分钟] 3688/5205: 001216.SZ OK
[22:23:21] [5分钟] 第 3689/5205 只: 002830.SZ
[22:23:21] [5分钟] 3689/5205: 002830.SZ OK
[22:23:21] [5分钟] 第 3690/5205 只: 301136.SZ
[22:23:21] [5分钟] 3690/5205: 301136.SZ OK
[22:23:21] [5分钟] 第 3691/5205 只: 000953.SZ
[22:23:21] [5分钟] 3691/5205: 000953.SZ OK
[22:23:21] [5分钟] 第 3692/5205 只: 301559.SZ
[22:23:21] [5分钟] 3692/5205: 301559.SZ OK
[22:23:21] [5分钟] 第 3693/5205 只: 002172.SZ
[22:23:21] [5分钟] 3693/5205: 002172.SZ OK
[22:23:21] [5分钟] 第 3694/5205 只: 002569.SZ
[22:23:21] [5分钟] 3694/5205: 002569.SZ OK
[22:23:21] [5分钟] 第 3695/5205 只: 000065.SZ
[22:23:21] [5分钟] 3695/5205: 000065.SZ OK
[22:23:21] [5分钟] 第 3696/5205 只: 300345.SZ
[22:23:21] [5分钟] 3696/5205: 300345.SZ OK
[22:23:21] [5分钟] 第 3697/5205 只: 002106.SZ
[22:23:21] [5分钟] 3697/5205: 002106.SZ OK
[22:23:21] [5分钟] 第 3698/5205 只: 000011.SZ
[22:23:21] [5分钟] 3698/5205: 000011.SZ OK
[22:23:21] [5分钟] 第 3699/5205 只: 300331.SZ
[22:23:21] [5分钟] 3699/5205: 300331.SZ OK
[22:23:21] [5分钟] 第 3700/5205 只: 300247.SZ
[22:23:21] [5分钟] 3700/5205: 300247.SZ OK
[22:23:21] [5分钟 3700/5205] 成功3700，失败0，当前 300247.SZ
[22:23:21] [5分钟] 第 3701/5205 只: 001388.SZ
[22:23:21] [5分钟] 3701/5205: 001388.SZ OK
[22:23:21] [5分钟] 第 3702/5205 只: 300233.SZ
[22:23:21] [5分钟] 3702/5205: 300233.SZ OK
[22:23:21] [5分钟] 第 3703/5205 只: 300628.SZ
[22:23:21] [5分钟] 3703/5205: 300628.SZ OK
[22:23:21] [5分钟] 第 3704/5205 只: 002004.SZ
[22:23:21] [5分钟] 3704/5205: 002004.SZ OK
[22:23:21] [5分钟] 第 3705/5205 只: 001314.SZ
[22:23:21] [5分钟] 3705/5205: 001314.SZ OK
[22:23:21] [5分钟] 第 3706/5205 只: 002932.SZ
[22:23:21] [5分钟] 3706/5205: 002932.SZ OK
[22:23:21] [5分钟] 第 3707/5205 只: 002483.SZ
[22:23:21] [5分钟] 3707/5205: 002483.SZ OK
[22:23:21] [5分钟] 第 3708/5205 只: 000825.SZ
[22:23:21] [5分钟] 3708/5205: 000825.SZ OK
[22:23:21] [5分钟] 第 3709/5205 只: 002098.SZ
[22:23:21] [5分钟] 3709/5205: 002098.SZ OK
[22:23:21] [5分钟] 第 3710/5205 只: 001360.SZ
[22:23:21] [5分钟] 3710/5205: 001360.SZ OK
[22:23:21] [5分钟] 第 3711/5205 只: 002946.SZ
[22:23:21] [5分钟] 3711/5205: 002946.SZ OK
[22:23:21] [5分钟] 第 3712/5205 只: 301040.SZ
[22:23:21] [5分钟] 3712/5205: 301040.SZ OK
[22:23:21] [5分钟] 第 3713/5205 只: 002161.SZ
[22:23:21] [5分钟] 3713/5205: 002161.SZ OK
[22:23:21] [5分钟] 第 3714/5205 只: 002115.SZ
[22:23:21] [5分钟] 3714/5205: 002115.SZ OK
[22:23:21] [5分钟] 第 3715/5205 只: 000419.SZ
[22:23:21] [5分钟] 3715/5205: 000419.SZ OK
[22:23:21] [5分钟] 第 3716/5205 只: 000002.SZ
[22:23:21] [5分钟] 3716/5205: 000002.SZ OK
[22:23:21] [5分钟] 第 3717/5205 只: 001299.SZ
[22:23:21] [5分钟] 3717/5205: 001299.SZ OK
[22:23:21] [5分钟] 第 3718/5205 只: 300322.SZ
[22:23:21] [5分钟] 3718/5205: 300322.SZ OK
[22:23:21] [5分钟] 第 3719/5205 只: 300739.SZ
[22:23:21] [5分钟] 3719/5205: 300739.SZ OK
[22:23:21] [5分钟] 第 3720/5205 只: 002592.SZ
[22:23:21] [5分钟] 3720/5205: 002592.SZ OK
[22:23:21] [5分钟] 第 3721/5205 只: 002189.SZ
[22:23:21] [5分钟] 3721/5205: 002189.SZ OK
[22:23:21] [5分钟] 第 3722/5205 只: 001205.SZ
[22:23:21] [5分钟] 3722/5205: 001205.SZ OK
[22:23:21] [5分钟] 第 3723/5205 只: 002823.SZ
[22:23:21] [5分钟] 3723/5205: 002823.SZ OK
[22:23:21] [5分钟] 第 3724/5205 只: 301125.SZ
[22:23:21] [5分钟] 3724/5205: 301125.SZ OK
[22:23:21] [5分钟] 第 3725/5205 只: 301151.SZ
[22:23:21] [5分钟] 3725/5205: 301151.SZ OK
[22:23:21] [5分钟] 第 3726/5205 只: 002857.SZ
[22:23:21] [5分钟] 3726/5205: 002857.SZ OK
[22:23:21] [5分钟] 第 3727/5205 只: 301027.SZ
[22:23:21] [5分钟] 3727/5205: 301027.SZ OK
[22:23:21] [5分钟] 第 3728/5205 只: 002921.SZ
[22:23:21] [5分钟] 3728/5205: 002921.SZ OK
[22:23:21] [5分钟] 第 3729/5205 只: 002490.SZ
[22:23:21] [5分钟] 3729/5205: 002490.SZ OK
[22:23:21] [5分钟] 第 3730/5205 只: 001373.SZ
[22:23:21] [5分钟] 3730/5205: 001373.SZ OK
[22:23:21] [5分钟] 第 3731/5205 只: 002955.SZ
[22:23:21] [5分钟] 3731/5205: 002955.SZ OK
[22:23:21] [5分钟] 第 3732/5205 只: 301053.SZ
[22:23:21] [5分钟] 3732/5205: 301053.SZ OK
[22:23:21] [5分钟] 第 3733/5205 只: 301448.SZ
[22:23:21] [5分钟] 3733/5205: 301448.SZ OK
[22:23:21] [5分钟] 第 3734/5205 只: 300254.SZ
[22:23:21] [5分钟] 3734/5205: 300254.SZ OK
[22:23:21] [5分钟] 第 3735/5205 只: 002063.SZ
[22:23:21] [5分钟] 3735/5205: 002063.SZ OK
[22:23:21] [5分钟] 第 3736/5205 只: 002478.SZ
[22:23:21] [5分钟] 3736/5205: 002478.SZ OK
[22:23:21] [5分钟] 第 3737/5205 只: 000100.SZ
[22:23:21] [5分钟] 3737/5205: 000100.SZ OK
[22:23:21] [5分钟] 第 3738/5205 只: 300220.SZ
[22:23:21] [5分钟] 3738/5205: 300220.SZ OK
[22:23:21] [5分钟] 第 3739/5205 只: 002017.SZ
[22:23:21] [5分钟] 3739/5205: 002017.SZ OK
[22:23:21] [5分钟] 第 3740/5205 只: 301257.SZ
[22:23:21] [5分钟] 3740/5205: 301257.SZ OK
[22:23:21] [5分钟] 第 3741/5205 只: 300966.SZ
[22:23:21] [5分钟] 3741/5205: 300966.SZ OK
[22:23:21] [5分钟] 第 3742/5205 只: 000783.SZ
[22:23:21] [5分钟] 3742/5205: 000783.SZ OK
[22:23:21] [5分钟] 第 3743/5205 只: 301638.SZ
[22:23:21] [5分钟] 3743/5205: 301638.SZ OK
[22:23:21] [5分钟] 第 3744/5205 只: 301223.SZ
[22:23:21] [5分钟] 3744/5205: 301223.SZ OK
[22:23:21] [5分钟] 第 3745/5205 只: 002694.SZ
[22:23:21] [5分钟] 3745/5205: 002694.SZ OK
[22:23:21] [5分钟] 第 3746/5205 只: 300912.SZ
[22:23:21] [5分钟] 3746/5205: 300912.SZ OK
[22:23:21] [5分钟] 第 3747/5205 只: 300024.SZ
[22:23:21] [5分钟] 3747/5205: 300024.SZ OK
[22:23:21] [5分钟] 第 3748/5205 只: 002608.SZ
[22:23:21] [5分钟] 3748/5205: 002608.SZ OK
[22:23:21] [5分钟] 第 3749/5205 只: 002213.SZ
[22:23:21] [5分钟] 3749/5205: 002213.SZ OK
[22:23:21] [5分钟] 第 3750/5205 只: 300050.SZ
[22:23:21] [5分钟] 3750/5205: 300050.SZ OK
[22:23:21] [5分钟 3750/5205] 成功3750，失败0，当前 300050.SZ
[22:23:21] [5分钟] 第 3751/5205 只: 002267.SZ
[22:23:21] [5分钟] 3751/5205: 002267.SZ OK
[22:23:21] [5分钟] 第 3752/5205 只: 002311.SZ
[22:23:21] [5分钟] 3752/5205: 002311.SZ OK
[22:23:21] [5分钟] 第 3753/5205 只: 300126.SZ
[22:23:21] [5分钟] 3753/5205: 300126.SZ OK
[22:23:21] [5分钟] 第 3754/5205 只: 002365.SZ
[22:23:21] [5分钟] 3754/5205: 002365.SZ OK
[22:23:21] [5分钟] 第 3755/5205 只: 000669.SZ
[22:23:21] [5分钟] 3755/5205: 000669.SZ OK
[22:23:21] [5分钟] 第 3756/5205 只: 300549.SZ
[22:23:21] [5分钟] 3756/5205: 300549.SZ OK
[22:23:21] [5分钟] 第 3757/5205 只: 300152.SZ
[22:23:21] [5分钟] 3757/5205: 300152.SZ OK
[22:23:21] [5分钟] 第 3758/5205 只: 300864.SZ
[22:23:21] [5分钟] 3758/5205: 300864.SZ OK
[22:23:21] [5分钟] 第 3759/5205 只: 301355.SZ
[22:23:21] [5分钟] 3759/5205: 301355.SZ OK
[22:23:21] [5分钟] 第 3760/5205 只: 002796.SZ
[22:23:21] [5分钟] 3760/5205: 002796.SZ OK
[22:23:21] [5分钟] 第 3761/5205 只: 300810.SZ
[22:23:21] [5分钟] 3761/5205: 300810.SZ OK
[22:23:21] [5分钟] 第 3762/5205 只: 000681.SZ
[22:23:21] [5分钟] 3762/5205: 000681.SZ OK
[22:23:21] [5分钟] 第 3763/5205 只: 301321.SZ
[22:23:21] [5分钟] 3763/5205: 301321.SZ OK
[22:23:21] [5分钟] 第 3764/5205 只: 300951.SZ
[22:23:21] [5分钟] 3764/5205: 300951.SZ OK
[22:23:21] [5分钟] 第 3765/5205 只: 301260.SZ
[22:23:21] [5分钟] 3765/5205: 301260.SZ OK
[22:23:21] [5分钟] 第 3766/5205 只: 003023.SZ
[22:23:21] [5分钟] 3766/5205: 003023.SZ OK
[22:23:21] [5分钟] 第 3767/5205 只: 300925.SZ
[22:23:21] [5分钟] 3767/5205: 300925.SZ OK
[22:23:21] [5分钟] 第 3768/5205 只: 300494.SZ
[22:23:21] [5分钟] 3768/5205: 300494.SZ OK
[22:23:21] [5分钟] 第 3769/5205 只: 002224.SZ
[22:23:21] [5分钟] 3769/5205: 002224.SZ OK
[22:23:21] [5分钟] 第 3770/5205 只: 300013.SZ
[22:23:21] [5分钟] 3770/5205: 300013.SZ OK
[22:23:21] [5分钟] 第 3771/5205 只: 300408.SZ
[22:23:21] [5分钟] 3771/5205: 300408.SZ OK
[22:23:21] [5分钟] 第 3772/5205 只: 000728.SZ
[22:23:21] [5分钟] 3772/5205: 000728.SZ OK
[22:23:21] [5分钟] 第 3773/5205 只: 000333.SZ
[22:23:21] [5分钟] 3773/5205: 000333.SZ OK
[22:23:21] [5分钟] 第 3774/5205 只: 301288.SZ
[22:23:21] [5分钟] 3774/5205: 301288.SZ OK
[22:23:21] [5分钟] 第 3775/5205 只: 002250.SZ
[22:23:21] [5分钟] 3775/5205: 002250.SZ OK
[22:23:21] [5分钟] 第 3776/5205 只: 300067.SZ
[22:23:21] [5分钟] 3776/5205: 300067.SZ OK
[22:23:21] [5分钟] 第 3777/5205 只: 300111.SZ
[22:23:21] [5分钟] 3777/5205: 300111.SZ OK
[22:23:21] [5分钟] 第 3778/5205 只: 002326.SZ
[22:23:21] [5分钟] 3778/5205: 002326.SZ OK
[22:23:21] [5分钟] 第 3779/5205 只: 300165.SZ
[22:23:21] [5分钟] 3779/5205: 300165.SZ OK
[22:23:21] [5分钟] 第 3780/5205 只: 002352.SZ
[22:23:21] [5分钟] 3780/5205: 002352.SZ OK
[22:23:21] [5分钟] 第 3781/5205 只: 002749.SZ
[22:23:21] [5分钟] 3781/5205: 002749.SZ OK
[22:23:21] [5分钟] 第 3782/5205 只: 301362.SZ
[22:23:21] [5分钟] 3782/5205: 301362.SZ OK
[22:23:21] [5分钟] 第 3783/5205 只: 300853.SZ
[22:23:21] [5分钟] 3783/5205: 300853.SZ OK
[22:23:21] [5分钟] 第 3784/5205 只: 301316.SZ
[22:23:21] [5分钟] 3784/5205: 301316.SZ OK
[22:23:21] [5分钟] 第 3785/5205 只: 300596.SZ
[22:23:21] [5分钟] 3785/5205: 300596.SZ OK
[22:23:21] [5分钟] 第 3786/5205 只: 300827.SZ
[22:23:21] [5分钟] 3786/5205: 300827.SZ OK
[22:23:21] [5分钟] 第 3787/5205 只: 002156.SZ
[22:23:21] [5分钟] 3787/5205: 002156.SZ OK
[22:23:21] [5分钟] 第 3788/5205 只: 300315.SZ
[22:23:21] [5分钟] 3788/5205: 300315.SZ OK
[22:23:21] [5分钟] 第 3789/5205 只: 301595.SZ
[22:23:21] [5分钟] 3789/5205: 301595.SZ OK
[22:23:21] [5分钟] 第 3790/5205 只: 002888.SZ
[22:23:21] [5分钟] 3790/5205: 002888.SZ OK
[22:23:21] [5分钟] 第 3791/5205 只: 000035.SZ
[22:23:21] [5分钟] 3791/5205: 000035.SZ OK
[22:23:21] [5分钟] 第 3792/5205 只: 002539.SZ
[22:23:21] [5分钟] 3792/5205: 002539.SZ OK
[22:23:21] [5分钟] 第 3793/5205 只: 002122.SZ
[22:23:21] [5分钟] 3793/5205: 002122.SZ OK
[22:23:21] [5分钟] 第 3794/5205 只: 301509.SZ
[22:23:21] [5分钟] 3794/5205: 301509.SZ OK
[22:23:21] [5分钟] 第 3795/5205 只: 301112.SZ
[22:23:21] [5分钟] 3795/5205: 301112.SZ OK
[22:23:21] [5分钟] 第 3796/5205 只: 300389.SZ
[22:23:21] [5分钟] 3796/5205: 300389.SZ OK
[22:23:21] [5分钟] 第 3797/5205 只: 300792.SZ
[22:23:21] [5分钟] 3797/5205: 300792.SZ OK
[22:23:21] [5分钟] 第 3798/5205 只: 000903.SZ
[22:23:21] [5分钟] 3798/5205: 000903.SZ OK
[22:23:21] [5分钟] 第 3799/5205 只: 002860.SZ
[22:23:21] [5分钟] 3799/5205: 002860.SZ OK
[22:23:21] [5分钟] 第 3800/5205 只: 301166.SZ
[22:23:21] [5分钟] 3800/5205: 301166.SZ OK
[22:23:21] [5分钟 3800/5205] 成功3800，失败0，当前 301166.SZ
[22:23:21] [5分钟] 第 3801/5205 只: 000977.SZ
[22:23:21] [5分钟] 3801/5205: 000977.SZ OK
[22:23:21] [5分钟] 第 3802/5205 只: 000801.SZ
[22:23:21] [5分钟] 3802/5205: 000801.SZ OK
[22:23:21] [5分钟] 第 3803/5205 只: 002916.SZ
[22:23:21] [5分钟] 3803/5205: 002916.SZ OK
[22:23:21] [5分钟] 第 3804/5205 只: 301010.SZ
[22:23:21] [5分钟] 3804/5205: 301010.SZ OK
[22:23:21] [5分钟] 第 3805/5205 只: 001330.SZ
[22:23:21] [5分钟] 3805/5205: 001330.SZ OK
[22:23:21] [5分钟] 第 3806/5205 只: 300690.SZ
[22:23:21] [5分钟] 3806/5205: 300690.SZ OK
[22:23:21] [5分钟] 第 3807/5205 只: 000875.SZ
[22:23:21] [5分钟] 3807/5205: 000875.SZ OK
[22:23:21] [5分钟] 第 3808/5205 只: 002962.SZ
[22:23:21] [5分钟] 3808/5205: 002962.SZ OK
[22:23:21] [5分钟] 第 3809/5205 只: 002054.SZ
[22:23:21] [5分钟] 3809/5205: 002054.SZ OK
[22:23:21] [5分钟] 第 3810/5205 只: 300678.SZ
[22:23:21] [5分钟] 3810/5205: 300678.SZ OK
[22:23:21] [5分钟] 第 3811/5205 只: 300263.SZ
[22:23:21] [5分钟] 3811/5205: 300263.SZ OK
[22:23:21] [5分钟] 第 3812/5205 只: 000558.SZ
[22:23:21] [5分钟] 3812/5205: 000558.SZ OK
[22:23:21] [5分钟] 第 3813/5205 只: 002020.SZ
[22:23:21] [5分钟] 3813/5205: 002020.SZ OK
[22:23:21] [5分钟] 第 3814/5205 只: 300217.SZ
[22:23:21] [5分钟] 3814/5205: 300217.SZ OK
[22:23:21] [5分钟] 第 3815/5205 只: 301101.SZ
[22:23:21] [5分钟] 3815/5205: 301101.SZ OK
[22:23:21] [5分钟] 第 3816/5205 只: 002807.SZ
[22:23:21] [5分钟] 3816/5205: 002807.SZ OK
[22:23:21] [5分钟] 第 3817/5205 只: 001221.SZ
[22:23:21] [5分钟] 3817/5205: 001221.SZ OK
[22:23:21] [5分钟] 第 3818/5205 只: 300781.SZ
[22:23:21] [5分钟] 3818/5205: 300781.SZ OK
[22:23:21] [5分钟] 第 3819/5205 只: 000910.SZ
[22:23:21] [5分钟] 3819/5205: 000910.SZ OK
[22:23:21] [5分钟] 第 3820/5205 只: 002873.SZ
[22:23:21] [5分钟] 3820/5205: 002873.SZ OK
[22:23:21] [5分钟] 第 3821/5205 只: 301175.SZ
[22:23:21] [5分钟] 3821/5205: 301175.SZ OK
[22:23:21] [5分钟] 第 3822/5205 只: 001255.SZ
[22:23:21] [5分钟] 3822/5205: 001255.SZ OK
[22:23:21] [5分钟] 第 3823/5205 只: 300769.SZ
[22:23:21] [5分钟] 3823/5205: 300769.SZ OK
[22:23:21] [5分钟] 第 3824/5205 只: 002145.SZ
[22:23:21] [5分钟] 3824/5205: 002145.SZ OK
[22:23:21] [5分钟] 第 3825/5205 只: 300306.SZ
[22:23:21] [5分钟] 3825/5205: 300306.SZ OK
[22:23:21] [5分钟] 第 3826/5205 只: 301586.SZ
[22:23:21] [5分钟] 3826/5205: 301586.SZ OK
[22:23:21] [5分钟] 第 3827/5205 只: 000026.SZ
[22:23:21] [5分钟] 3827/5205: 000026.SZ OK
[22:23:21] [5分钟] 第 3828/5205 只: 002131.SZ
[22:23:21] [5分钟] 3828/5205: 002131.SZ OK
[22:23:21] [5分钟] 第 3829/5205 只: 002047.SZ
[22:23:21] [5分钟] 3829/5205: 002047.SZ OK
[22:23:21] [5分钟] 第 3830/5205 只: 300270.SZ
[22:23:21] [5分钟] 3830/5205: 300270.SZ OK
[22:23:21] [5分钟] 第 3831/5205 只: 002428.SZ
[22:23:21] [5分钟] 3831/5205: 002428.SZ OK
[22:23:21] [5分钟] 第 3832/5205 只: 002033.SZ
[22:23:21] [5分钟] 3832/5205: 002033.SZ OK
[22:23:21] [5分钟] 第 3833/5205 只: 300204.SZ
[22:23:21] [5分钟] 3833/5205: 300204.SZ OK
[22:23:21] [5分钟] 第 3834/5205 只: 002999.SZ
[22:23:21] [5分钟] 3834/5205: 002999.SZ OK
[22:23:21] [5分钟] 第 3835/5205 只: 000812.SZ
[22:23:21] [5分钟] 3835/5205: 000812.SZ OK
[22:23:21] [5分钟] 第 3836/5205 只: 301418.SZ
[22:23:21] [5分钟] 3836/5205: 301418.SZ OK
[22:23:21] [5分钟] 第 3837/5205 只: 002905.SZ
[22:23:21] [5分钟] 3837/5205: 002905.SZ OK
[22:23:21] [5分钟] 第 3838/5205 只: 301003.SZ
[22:23:21] [5分钟] 3838/5205: 301003.SZ OK
[22:23:21] [5分钟] 第 3839/5205 只: 001323.SZ
[22:23:21] [5分钟] 3839/5205: 001323.SZ OK
[22:23:21] [5分钟] 第 3840/5205 只: 300298.SZ
[22:23:21] [5分钟] 3840/5205: 300298.SZ OK
[22:23:21] [5分钟] 第 3841/5205 只: 300683.SZ
[22:23:21] [5分钟] 3841/5205: 300683.SZ OK
[22:23:21] [5分钟] 第 3842/5205 只: 301077.SZ
[22:23:21] [5分钟] 3842/5205: 301077.SZ OK
[22:23:21] [5分钟] 第 3843/5205 只: 002971.SZ
[22:23:21] [5分钟] 3843/5205: 002971.SZ OK
[22:23:21] [5分钟] 第 3844/5205 只: 002237.SZ
[22:23:21] [5分钟] 3844/5205: 002237.SZ OK
[22:23:21] [5分钟] 第 3845/5205 只: 301680.SZ
[22:23:21] [5分钟] 3845/5205: 301680.SZ OK
[22:23:21] [5分钟] 第 3846/5205 只: 002243.SZ
[22:23:21] [5分钟] 3846/5205: 002243.SZ OK
[22:23:21] [5分钟] 第 3847/5205 只: 002658.SZ
[22:23:21] [5分钟] 3847/5205: 002658.SZ OK
[22:23:21] [5分钟] 第 3848/5205 只: 300074.SZ
[22:23:21] [5分钟] 3848/5205: 300074.SZ OK
[22:23:21] [5分钟] 第 3849/5205 只: 300942.SZ
[22:23:21] [5分钟] 3849/5205: 300942.SZ OK
[22:23:21] [5分钟] 第 3850/5205 只: 301273.SZ
[22:23:21] [5分钟] 3850/5205: 301273.SZ OK
[22:23:21] [5分钟 3850/5205] 成功3850，失败0，当前 301273.SZ
[22:23:21] [5分钟] 第 3851/5205 只: 301668.SZ
[22:23:21] [5分钟] 3851/5205: 301668.SZ OK
[22:23:21] [5分钟] 第 3852/5205 只: 003030.SZ
[22:23:21] [5分钟] 3852/5205: 003030.SZ OK
[22:23:21] [5分钟] 第 3853/5205 只: 300936.SZ
[22:23:21] [5分钟] 3853/5205: 300936.SZ OK
[22:23:21] [5分钟] 第 3854/5205 只: 301207.SZ
[22:23:21] [5分钟] 3854/5205: 301207.SZ OK
[22:23:21] [5分钟] 第 3855/5205 只: 300487.SZ
[22:23:21] [5分钟] 3855/5205: 300487.SZ OK
[22:23:21] [5分钟] 第 3856/5205 只: 301371.SZ
[22:23:21] [5分钟] 3856/5205: 301371.SZ OK
[22:23:21] [5分钟] 第 3857/5205 只: 300840.SZ
[22:23:21] [5分钟] 3857/5205: 300840.SZ OK
[22:23:21] [5分钟] 第 3858/5205 只: 301305.SZ
[22:23:21] [5分钟] 3858/5205: 301305.SZ OK
[22:23:21] [5分钟] 第 3859/5205 只: 300585.SZ
[22:23:21] [5分钟] 3859/5205: 300585.SZ OK
[22:23:21] [5分钟] 第 3860/5205 只: 300834.SZ
[22:23:21] [5分钟] 3860/5205: 300834.SZ OK
[22:23:21] [5分钟] 第 3861/5205 只: 300102.SZ
[22:23:21] [5分钟] 3861/5205: 300102.SZ OK
[22:23:21] [5分钟] 第 3862/5205 只: 300519.SZ
[22:23:21] [5分钟] 3862/5205: 300519.SZ OK
[22:23:21] [5分钟] 第 3863/5205 只: 000639.SZ
[22:23:21] [5分钟] 3863/5205: 000639.SZ OK
[22:23:21] [5分钟] 第 3864/5205 只: 301399.SZ
[22:23:21] [5分钟] 3864/5205: 301399.SZ OK
[22:23:21] [5分钟] 第 3865/5205 只: 002335.SZ
[22:23:21] [5分钟] 3865/5205: 002335.SZ OK
[22:23:21] [5分钟] 第 3866/5205 只: 300176.SZ
[22:23:21] [5分钟] 3866/5205: 300176.SZ OK
[22:23:21] [5分钟] 第 3867/5205 只: 002061.SZ
[22:23:21] [5分钟] 3867/5205: 002061.SZ OK
[22:23:21] [5分钟] 第 3868/5205 只: 300256.SZ
[22:23:21] [5分钟] 3868/5205: 300256.SZ OK
[22:23:21] [5分钟] 第 3869/5205 只: 002015.SZ
[22:23:21] [5分钟] 3869/5205: 002015.SZ OK
[22:23:21] [5分钟] 第 3870/5205 只: 001399.SZ
[22:23:21] [5分钟] 3870/5205: 001399.SZ OK
[22:23:21] [5分钟] 第 3871/5205 只: 300222.SZ
[22:23:21] [5分钟] 3871/5205: 300222.SZ OK
[22:23:21] [5分钟] 第 3872/5205 只: 300639.SZ
[22:23:21] [5分钟] 3872/5205: 300639.SZ OK
[22:23:21] [5分钟] 第 3873/5205 只: 000519.SZ
[22:23:21] [5分钟] 3873/5205: 000519.SZ OK
[22:23:21] [5分钟] 第 3874/5205 只: 002492.SZ
[22:23:21] [5分钟] 3874/5205: 002492.SZ OK
[22:23:21] [5分钟] 第 3875/5205 只: 301025.SZ
[22:23:21] [5分钟] 3875/5205: 301025.SZ OK
[22:23:21] [5分钟] 第 3876/5205 只: 002923.SZ
[22:23:21] [5分钟] 3876/5205: 002923.SZ OK
[22:23:21] [5分钟] 第 3877/5205 只: 002957.SZ
[22:23:21] [5分钟] 3877/5205: 002957.SZ OK
[22:23:21] [5分钟] 第 3878/5205 只: 301051.SZ
[22:23:21] [5分钟] 3878/5205: 301051.SZ OK
[22:23:21] [5分钟] 第 3879/5205 只: 002821.SZ
[22:23:21] [5分钟] 3879/5205: 002821.SZ OK
[22:23:21] [5分钟] 第 3880/5205 只: 301127.SZ
[22:23:21] [5分钟] 3880/5205: 301127.SZ OK
[22:23:21] [5分钟] 第 3881/5205 只: 001207.SZ
[22:23:21] [5分钟] 3881/5205: 001207.SZ OK
[22:23:21] [5分钟] 第 3882/5205 只: 002590.SZ
[22:23:21] [5分钟] 3882/5205: 002590.SZ OK
[22:23:21] [5分钟] 第 3883/5205 只: 000936.SZ
[22:23:21] [5分钟] 3883/5205: 000936.SZ OK
[22:23:21] [5分钟] 第 3884/5205 只: 301153.SZ
[22:23:21] [5分钟] 3884/5205: 301153.SZ OK
[22:23:21] [5分钟] 第 3885/5205 只: 002855.SZ
[22:23:21] [5分钟] 3885/5205: 002855.SZ OK
[22:23:21] [5分钟] 第 3886/5205 只: 301548.SZ
[22:23:21] [5分钟] 3886/5205: 301548.SZ OK
[22:23:21] [5分钟] 第 3887/5205 只: 300354.SZ
[22:23:21] [5分钟] 3887/5205: 300354.SZ OK
[22:23:21] [5分钟] 第 3888/5205 只: 002163.SZ
[22:23:21] [5分钟] 3888/5205: 002163.SZ OK
[22:23:21] [5分钟] 第 3889/5205 只: 002578.SZ
[22:23:22] [5分钟] 3889/5205: 002578.SZ OK
[22:23:22] [5分钟] 第 3890/5205 只: 300320.SZ
[22:23:22] [5分钟] 3890/5205: 300320.SZ OK
[22:23:22] [5分钟] 第 3891/5205 只: 002117.SZ
[22:23:22] [5分钟] 3891/5205: 002117.SZ OK
[22:23:22] [5分钟] 第 3892/5205 只: 301357.SZ
[22:23:22] [5分钟] 3892/5205: 301357.SZ OK
[22:23:22] [5分钟] 第 3893/5205 只: 300866.SZ
[22:23:22] [5分钟] 3893/5205: 300866.SZ OK
[22:23:22] [5分钟] 第 3894/5205 只: 000683.SZ
[22:23:22] [5分钟] 3894/5205: 000683.SZ OK
[22:23:22] [5分钟] 第 3895/5205 只: 301323.SZ
[22:23:22] [5分钟] 3895/5205: 301323.SZ OK
[22:23:22] [5分钟] 第 3896/5205 只: 300812.SZ
[22:23:22] [5分钟] 3896/5205: 300812.SZ OK
[22:23:22] [5分钟] 第 3897/5205 只: 300124.SZ
[22:23:22] [5分钟] 3897/5205: 300124.SZ OK
[22:23:22] [5分钟] 第 3898/5205 只: 002708.SZ
[22:23:22] [5分钟] 3898/5205: 002708.SZ OK
[22:23:22] [5分钟] 第 3899/5205 只: 002313.SZ
[22:23:22] [5分钟] 3899/5205: 002313.SZ OK
[22:23:22] [5分钟] 第 3900/5205 只: 300150.SZ
[22:23:22] [5分钟] 3900/5205: 300150.SZ OK
[22:23:22] [5分钟 3900/5205] 成功3900，失败0，当前 300150.SZ
[22:23:22] [5分钟] 第 3901/5205 只: 002367.SZ
[22:23:22] [5分钟] 3901/5205: 002367.SZ OK
[22:23:22] [5分钟] 第 3902/5205 只: 002211.SZ
[22:23:22] [5分钟] 3902/5205: 002211.SZ OK
[22:23:22] [5分钟] 第 3903/5205 只: 300026.SZ
[22:23:22] [5分钟] 3903/5205: 300026.SZ OK
[22:23:22] [5分钟] 第 3904/5205 只: 002265.SZ
[22:23:22] [5分钟] 3904/5205: 002265.SZ OK
[22:23:22] [5分钟] 第 3905/5205 只: 300449.SZ
[22:23:22] [5分钟] 3905/5205: 300449.SZ OK
[22:23:22] [5分钟] 第 3906/5205 只: 300052.SZ
[22:23:22] [5分钟] 3906/5205: 300052.SZ OK
[22:23:22] [5分钟] 第 3907/5205 只: 300964.SZ
[22:23:22] [5分钟] 3907/5205: 300964.SZ OK
[22:23:22] [5分钟] 第 3908/5205 只: 301255.SZ
[22:23:22] [5分钟] 3908/5205: 301255.SZ OK
[22:23:22] [5分钟] 第 3909/5205 只: 300910.SZ
[22:23:22] [5分钟] 3909/5205: 300910.SZ OK
[22:23:22] [5分钟] 第 3910/5205 只: 003016.SZ
[22:23:22] [5分钟] 3910/5205: 003016.SZ OK
[22:23:22] [5分钟] 第 3911/5205 只: 002696.SZ
[22:23:22] [5分钟] 3911/5205: 002696.SZ OK
[22:23:22] [5分钟] 第 3912/5205 只: 301221.SZ
[22:23:22] [5分钟] 3912/5205: 301221.SZ OK
[22:23:22] [5分钟] 第 3913/5205 只: 300137.SZ
[22:23:22] [5分钟] 3913/5205: 300137.SZ OK
[22:23:22] [5分钟] 第 3914/5205 只: 002300.SZ
[22:23:22] [5分钟] 3914/5205: 002300.SZ OK
[22:23:22] [5分钟] 第 3915/5205 只: 300558.SZ
[22:23:22] [5分钟] 3915/5205: 300558.SZ OK
[22:23:22] [5分钟] 第 3916/5205 只: 300143.SZ
[22:23:22] [5分钟] 3916/5205: 300143.SZ OK
[22:23:22] [5分钟] 第 3917/5205 只: 000678.SZ
[22:23:22] [5分钟] 3917/5205: 000678.SZ OK
[22:23:22] [5分钟] 第 3918/5205 只: 002374.SZ
[22:23:22] [5分钟] 3918/5205: 002374.SZ OK
[22:23:22] [5分钟] 第 3919/5205 只: 300875.SZ
[22:23:22] [5分钟] 3919/5205: 300875.SZ OK
[22:23:22] [5分钟] 第 3920/5205 只: 000690.SZ
[22:23:22] [5分钟] 3920/5205: 000690.SZ OK
[22:23:22] [5分钟] 第 3921/5205 只: 301330.SZ
[22:23:22] [5分钟] 3921/5205: 301330.SZ OK
[22:23:22] [5分钟] 第 3922/5205 只: 300801.SZ
[22:23:22] [5分钟] 3922/5205: 300801.SZ OK
[22:23:22] [5分钟] 第 3923/5205 只: 002787.SZ
[22:23:22] [5分钟] 3923/5205: 002787.SZ OK
[22:23:22] [5分钟] 第 3924/5205 只: 300977.SZ
[22:23:22] [5分钟] 3924/5205: 300977.SZ OK
[22:23:22] [5分钟] 第 3925/5205 只: 301246.SZ
[22:23:22] [5分钟] 3925/5205: 301246.SZ OK
[22:23:22] [5分钟] 第 3926/5205 只: 300903.SZ
[22:23:22] [5分钟] 3926/5205: 300903.SZ OK
[22:23:22] [5分钟] 第 3927/5205 只: 003005.SZ
[22:23:22] [5分钟] 3927/5205: 003005.SZ OK
[22:23:22] [5分钟] 第 3928/5205 只: 002685.SZ
[22:23:22] [5分钟] 3928/5205: 002685.SZ OK
[22:23:22] [5分钟] 第 3929/5205 只: 000792.SZ
[22:23:22] [5分钟] 3929/5205: 000792.SZ OK
[22:23:22] [5分钟] 第 3930/5205 只: 301629.SZ
[22:23:22] [5分钟] 3930/5205: 301629.SZ OK
[22:23:22] [5分钟] 第 3931/5205 只: 301232.SZ
[22:23:22] [5分钟] 3931/5205: 301232.SZ OK
[22:23:22] [5分钟] 第 3932/5205 只: 002202.SZ
[22:23:22] [5分钟] 3932/5205: 002202.SZ OK
[22:23:22] [5分钟] 第 3933/5205 只: 300035.SZ
[22:23:22] [5分钟] 3933/5205: 300035.SZ OK
[22:23:22] [5分钟] 第 3934/5205 只: 002276.SZ
[22:23:22] [5分钟] 3934/5205: 002276.SZ OK
[22:23:22] [5分钟] 第 3935/5205 只: 300041.SZ
[22:23:22] [5分钟] 3935/5205: 300041.SZ OK
[22:23:22] [5分钟] 第 3936/5205 只: 002481.SZ
[22:23:22] [5分钟] 3936/5205: 002481.SZ OK
[22:23:22] [5分钟] 第 3937/5205 只: 000596.SZ
[22:23:22] [5分钟] 3937/5205: 000596.SZ OK
[22:23:22] [5分钟] 第 3938/5205 只: 301036.SZ
[22:23:22] [5分钟] 3938/5205: 301036.SZ OK
[22:23:22] [5分钟] 第 3939/5205 只: 002930.SZ
[22:23:22] [5分钟] 3939/5205: 002930.SZ OK
[22:23:22] [5分钟] 第 3940/5205 只: 001316.SZ
[22:23:22] [5分钟] 3940/5205: 001316.SZ OK
[22:23:22] [5分钟] 第 3941/5205 只: 301042.SZ
[22:23:22] [5分钟] 3941/5205: 301042.SZ OK
[22:23:22] [5分钟] 第 3942/5205 只: 301459.SZ
[22:23:22] [5分钟] 3942/5205: 301459.SZ OK
[22:23:22] [5分钟] 第 3943/5205 只: 002072.SZ
[22:23:22] [5分钟] 3943/5205: 002072.SZ OK
[22:23:22] [5分钟] 第 3944/5205 只: 002469.SZ
[22:23:22] [5分钟] 3944/5205: 002469.SZ OK
[22:23:22] [5分钟] 第 3945/5205 只: 300245.SZ
[22:23:22] [5分钟] 3945/5205: 300245.SZ OK
[22:23:22] [5分钟] 第 3946/5205 只: 002006.SZ
[22:23:22] [5分钟] 3946/5205: 002006.SZ OK
[22:23:22] [5分钟] 第 3947/5205 只: 300231.SZ
[22:23:22] [5分钟] 3947/5205: 300231.SZ OK
[22:23:22] [5分钟] 第 3948/5205 只: 300347.SZ
[22:23:22] [5分钟] 3948/5205: 300347.SZ OK
[22:23:22] [5分钟] 第 3949/5205 只: 002170.SZ
[22:23:22] [5分钟] 3949/5205: 002170.SZ OK
[22:23:22] [5分钟] 第 3950/5205 只: 001288.SZ
[22:23:22] [5分钟] 3950/5205: 001288.SZ OK
[22:23:22] [5分钟 3950/5205] 成功3950，失败0，当前 001288.SZ
[22:23:22] [5分钟] 第 3951/5205 只: 300333.SZ
[22:23:22] [5分钟] 3951/5205: 300333.SZ OK
[22:23:22] [5分钟] 第 3952/5205 只: 000408.SZ
[22:23:22] [5分钟] 3952/5205: 000408.SZ OK
[22:23:22] [5分钟] 第 3953/5205 只: 002104.SZ
[22:23:22] [5分钟] 3953/5205: 002104.SZ OK
[22:23:22] [5分钟] 第 3954/5205 只: 002832.SZ
[22:23:22] [5分钟] 3954/5205: 002832.SZ OK
[22:23:22] [5分钟] 第 3955/5205 只: 002583.SZ
[22:23:22] [5分钟] 3955/5205: 002583.SZ OK
[22:23:22] [5分钟] 第 3956/5205 只: 000925.SZ
[22:23:22] [5分钟] 3956/5205: 000925.SZ OK
[22:23:22] [5分钟] 第 3957/5205 只: 002198.SZ
[22:23:22] [5分钟] 3957/5205: 002198.SZ OK
[22:23:22] [5分钟] 第 3958/5205 只: 002846.SZ
[22:23:22] [5分钟] 3958/5205: 002846.SZ OK
[22:23:22] [5分钟] 第 3959/5205 只: 001260.SZ
[22:23:22] [5分钟] 3959/5205: 001260.SZ OK
[22:23:22] [5分钟] 第 3960/5205 只: 000951.SZ
[22:23:22] [5分钟] 3960/5205: 000951.SZ OK
[22:23:22] [5分钟] 第 3961/5205 只: 300180.SZ
[22:23:22] [5分钟] 3961/5205: 300180.SZ OK
[22:23:22] [5分钟] 第 3962/5205 只: 300168.SZ
[22:23:22] [5分钟] 3962/5205: 300168.SZ OK
[22:23:22] [5分钟] 第 3963/5205 只: 300573.SZ
[22:23:22] [5分钟] 3963/5205: 300573.SZ OK
[22:23:22] [5分钟] 第 3964/5205 只: 001979.SZ
[22:23:22] [5分钟] 3964/5205: 001979.SZ OK
[22:23:22] [5分钟] 第 3965/5205 只: 300507.SZ
[22:23:22] [5分钟] 3965/5205: 300507.SZ OK
[22:23:22] [5分钟] 第 3966/5205 只: 301387.SZ
[22:23:22] [5分钟] 3966/5205: 301387.SZ OK
[22:23:22] [5分钟] 第 3967/5205 只: 002730.SZ
[22:23:22] [5分钟] 3967/5205: 002730.SZ OK
[22:23:22] [5分钟] 第 3968/5205 只: 002646.SZ
[22:23:22] [5分钟] 3968/5205: 002646.SZ OK
[22:23:22] [5分钟] 第 3969/5205 只: 300471.SZ
[22:23:22] [5分钟] 3969/5205: 300471.SZ OK
[22:23:22] [5分钟] 第 3970/5205 只: 000751.SZ
[22:23:22] [5分钟] 3970/5205: 000751.SZ OK
[22:23:22] [5分钟] 第 3971/5205 只: 002229.SZ
[22:23:22] [5分钟] 3971/5205: 002229.SZ OK
[22:23:22] [5分钟] 第 3972/5205 只: 002632.SZ
[22:23:22] [5分钟] 3972/5205: 002632.SZ OK
[22:23:22] [5分钟] 第 3973/5205 只: 300405.SZ
[22:23:22] [5分钟] 3973/5205: 300405.SZ OK
[22:23:22] [5分钟] 第 3974/5205 只: 301285.SZ
[22:23:22] [5分钟] 3974/5205: 301285.SZ OK
[22:23:22] [5分钟] 第 3975/5205 只: 000725.SZ
[22:23:22] [5分钟] 3975/5205: 000725.SZ OK
[22:23:22] [5分钟] 第 3976/5205 只: 300928.SZ
[22:23:22] [5分钟] 3976/5205: 300928.SZ OK
[22:23:22] [5分钟] 第 3977/5205 只: 301219.SZ
[22:23:22] [5分钟] 3977/5205: 301219.SZ OK
[22:23:22] [5分钟] 第 3978/5205 只: 301602.SZ
[22:23:22] [5分钟] 3978/5205: 301602.SZ OK
[22:23:22] [5分钟] 第 3979/5205 只: 300499.SZ
[22:23:22] [5分钟] 3979/5205: 300499.SZ OK
[22:23:22] [5分钟] 第 3980/5205 只: 300082.SZ
[22:23:22] [5分钟] 3980/5205: 300082.SZ OK
[22:23:22] [5分钟] 第 3981/5205 只: 000890.SZ
[22:23:22] [5分钟] 3981/5205: 000890.SZ OK
[22:23:22] [5分钟] 第 3982/5205 只: 002436.SZ
[22:23:22] [5分钟] 3982/5205: 002436.SZ OK
[22:23:22] [5分钟] 第 3983/5205 只: 300601.SZ
[22:23:22] [5分钟] 3983/5205: 300601.SZ OK
[22:23:22] [5分钟] 第 3984/5205 只: 002987.SZ
[22:23:22] [5分钟] 3984/5205: 002987.SZ OK
[22:23:22] [5分钟] 第 3985/5205 只: 301081.SZ
[22:23:22] [5分钟] 3985/5205: 301081.SZ OK
[22:23:22] [5分钟] 第 3986/5205 只: 000521.SZ
[22:23:22] [5分钟] 3986/5205: 000521.SZ OK
[22:23:22] [5分钟] 第 3987/5205 只: 002442.SZ
[22:23:22] [5分钟] 3987/5205: 002442.SZ OK
[22:23:22] [5分钟] 第 3988/5205 只: 002059.SZ
[22:23:22] [5分钟] 3988/5205: 002059.SZ OK
[22:23:22] [5分钟] 第 3989/5205 只: 300675.SZ
[22:23:22] [5分钟] 3989/5205: 300675.SZ OK
[22:23:22] [5分钟] 第 3990/5205 只: 000555.SZ
[22:23:22] [5分钟] 3990/5205: 000555.SZ OK
[22:23:22] [5分钟] 第 3991/5205 只: 000878.SZ
[22:23:22] [5分钟] 3991/5205: 000878.SZ OK
[22:23:22] [5分钟] 第 3992/5205 只: 301069.SZ
[22:23:22] [5分钟] 3992/5205: 301069.SZ OK
[22:23:22] [5分钟] 第 3993/5205 只: 300286.SZ
[22:23:22] [5分钟] 3993/5205: 300286.SZ OK
[22:23:22] [5分钟] 第 3994/5205 只: 002819.SZ
[22:23:22] [5分钟] 3994/5205: 002819.SZ OK
[22:23:22] [5分钟] 第 3995/5205 只: 300384.SZ
[22:23:22] [5分钟] 3995/5205: 300384.SZ OK
[22:23:22] [5分钟] 第 3996/5205 只: 300703.SZ
[22:23:22] [5分钟] 3996/5205: 300703.SZ OK
[22:23:22] [5分钟] 第 3997/5205 只: 300318.SZ
[22:23:22] [5分钟] 3997/5205: 300318.SZ OK
[22:23:22] [5分钟] 第 3998/5205 只: 301183.SZ
[22:23:22] [5分钟] 3998/5205: 301183.SZ OK
[22:23:22] [5分钟] 第 3999/5205 只: 002885.SZ
[22:23:22] [5分钟] 3999/5205: 002885.SZ OK
[22:23:22] [5分钟] 第 4000/5205 只: 301598.SZ
[22:23:22] [5分钟] 4000/5205: 301598.SZ OK
[22:23:22] [5分钟 4000/5205] 成功4000，失败0，当前 301598.SZ
[22:23:22] [5分钟] 第 4001/5205 只: 000423.SZ
[22:23:22] [5分钟] 4001/5205: 000423.SZ OK
[22:23:22] [5分钟] 第 4002/5205 只: 002534.SZ
[22:23:22] [5分钟] 4002/5205: 002534.SZ OK
[22:23:22] [5分钟] 第 4003/5205 只: 300777.SZ
[22:23:22] [5分钟] 4003/5205: 300777.SZ OK
[22:23:22] [5分钟] 第 4004/5205 只: 002540.SZ
[22:23:22] [5分钟] 4004/5205: 002540.SZ OK
[22:23:22] [5分钟] 第 4005/5205 只: 002908.SZ
[22:23:22] [5分钟] 4005/5205: 002908.SZ OK
[22:23:22] [5分钟] 第 4006/5205 只: 300295.SZ
[22:23:22] [5分钟] 4006/5205: 300295.SZ OK
[22:23:22] [5分钟] 第 4007/5205 只: 000883.SZ
[22:23:22] [5分钟] 4007/5205: 000883.SZ OK
[22:23:22] [5分钟] 第 4008/5205 只: 002425.SZ
[22:23:22] [5分钟] 4008/5205: 002425.SZ OK
[22:23:22] [5分钟] 第 4009/5205 只: 300612.SZ
[22:23:22] [5分钟] 4009/5205: 300612.SZ OK
[22:23:22] [5分钟] 第 4010/5205 只: 300209.SZ
[22:23:22] [5分钟] 4010/5205: 300209.SZ OK
[22:23:22] [5分钟] 第 4011/5205 只: 301092.SZ
[22:23:22] [5分钟] 4011/5205: 301092.SZ OK
[22:23:22] [5分钟] 第 4012/5205 只: 301489.SZ
[22:23:22] [5分钟] 4012/5205: 301489.SZ OK
[22:23:22] [5分钟] 第 4013/5205 只: 000532.SZ
[22:23:22] [5分钟] 4013/5205: 000532.SZ OK
[22:23:22] [5分钟] 第 4014/5205 只: 002451.SZ
[22:23:22] [5分钟] 4014/5205: 002451.SZ OK
[22:23:22] [5分钟] 第 4015/5205 只: 300666.SZ
[22:23:22] [5分钟] 4015/5205: 300666.SZ OK
[22:23:22] [5分钟] 第 4016/5205 只: 000546.SZ
[22:23:22] [5分钟] 4016/5205: 000546.SZ OK
[22:23:22] [5分钟] 第 4017/5205 只: 300710.SZ
[22:23:22] [5分钟] 4017/5205: 300710.SZ OK
[22:23:22] [5分钟] 第 4018/5205 只: 301190.SZ
[22:23:22] [5分钟] 4018/5205: 301190.SZ OK
[22:23:22] [5分钟] 第 4019/5205 只: 002896.SZ
[22:23:22] [5分钟] 4019/5205: 002896.SZ OK
[22:23:22] [5分钟] 第 4020/5205 只: 000430.SZ
[22:23:22] [5分钟] 4020/5205: 000430.SZ OK
[22:23:22] [5分钟] 第 4021/5205 只: 000981.SZ
[22:23:22] [5分钟] 4021/5205: 000981.SZ OK
[22:23:22] [5分钟] 第 4022/5205 只: 002527.SZ
[22:23:22] [5分钟] 4022/5205: 002527.SZ OK
[22:23:22] [5分钟] 第 4023/5205 只: 002553.SZ
[22:23:22] [5分钟] 4023/5205: 002553.SZ OK
[22:23:22] [5分钟] 第 4024/5205 只: 002148.SZ
[22:23:22] [5分钟] 4024/5205: 002148.SZ OK
[22:23:22] [5分钟] 第 4025/5205 只: 301563.SZ
[22:23:22] [5分钟] 4025/5205: 301563.SZ OK
[22:23:22] [5分钟] 第 4026/5205 只: 301178.SZ
[22:23:22] [5分钟] 4026/5205: 301178.SZ OK
[22:23:22] [5分钟] 第 4027/5205 只: 001258.SZ
[22:23:22] [5分钟] 4027/5205: 001258.SZ OK
[22:23:22] [5分钟] 第 4028/5205 只: 000969.SZ
[22:23:22] [5分钟] 4028/5205: 000969.SZ OK
[22:23:22] [5分钟] 第 4029/5205 只: 301517.SZ
[22:23:22] [5分钟] 4029/5205: 301517.SZ OK
[22:23:22] [5分钟] 第 4030/5205 只: 300397.SZ
[22:23:22] [5分钟] 4030/5205: 300397.SZ OK
[22:23:22] [5分钟] 第 4031/5205 只: 300560.SZ
[22:23:22] [5分钟] 4031/5205: 300560.SZ OK
[22:23:22] [5分钟] 第 4032/5205 只: 002757.SZ
[22:23:22] [5分钟] 4032/5205: 002757.SZ OK
[22:23:22] [5分钟] 第 4033/5205 只: 300514.SZ
[22:23:22] [5分钟] 4033/5205: 300514.SZ OK
[22:23:22] [5分钟] 第 4034/5205 只: 002338.SZ
[22:23:22] [5分钟] 4034/5205: 002338.SZ OK
[22:23:22] [5分钟] 第 4035/5205 只: 002723.SZ
[22:23:22] [5分钟] 4035/5205: 002723.SZ OK
[22:23:22] [5分钟] 第 4036/5205 只: 301308.SZ
[22:23:22] [5分钟] 4036/5205: 301308.SZ OK
[22:23:22] [5分钟] 第 4037/5205 只: 300588.SZ
[22:23:22] [5分钟] 4037/5205: 300588.SZ OK
[22:23:22] [5分钟] 第 4038/5205 只: 300193.SZ
[22:23:22] [5分钟] 4038/5205: 300193.SZ OK
[22:23:22] [5分钟] 第 4039/5205 只: 300839.SZ
[22:23:22] [5分钟] 4039/5205: 300839.SZ OK
[22:23:22] [5分钟] 第 4040/5205 只: 301611.SZ
[22:23:22] [5分钟] 4040/5205: 301611.SZ OK
[22:23:22] [5分钟] 第 4041/5205 只: 300091.SZ
[22:23:22] [5分钟] 4041/5205: 300091.SZ OK
[22:23:22] [5分钟] 第 4042/5205 只: 301665.SZ
[22:23:22] [5分钟] 4042/5205: 301665.SZ OK
[22:23:22] [5分钟] 第 4043/5205 只: 002655.SZ
[22:23:22] [5分钟] 4043/5205: 002655.SZ OK
[22:23:22] [5分钟] 第 4044/5205 只: 300079.SZ
[22:23:22] [5分钟] 4044/5205: 300079.SZ OK
[22:23:22] [5分钟] 第 4045/5205 只: 300462.SZ
[22:23:22] [5分钟] 4045/5205: 300462.SZ OK
[22:23:22] [5分钟] 第 4046/5205 只: 300416.SZ
[22:23:22] [5分钟] 4046/5205: 300416.SZ OK
[22:23:22] [5分钟] 第 4047/5205 只: 301296.SZ
[22:23:22] [5分钟] 4047/5205: 301296.SZ OK
[22:23:22] [5分钟] 第 4048/5205 只: 000736.SZ
[22:23:22] [5分钟] 4048/5205: 000736.SZ OK
[22:23:22] [5分钟] 第 4049/5205 只: 300736.SZ
[22:23:22] [5分钟] 4049/5205: 300736.SZ OK
[22:23:22] [5分钟] 第 4050/5205 只: 001296.SZ
[22:23:22] [5分钟] 4050/5205: 001296.SZ OK
[22:23:22] [5分钟 4050/5205] 成功4050，失败0，当前 001296.SZ
[22:23:22] [5分钟] 第 4051/5205 只: 002501.SZ
[22:23:22] [5分钟] 4051/5205: 002501.SZ OK
[22:23:22] [5分钟] 第 4052/5205 只: 300359.SZ
[22:23:22] [5分钟] 4052/5205: 300359.SZ OK
[22:23:22] [5分钟] 第 4053/5205 只: 002575.SZ
[22:23:22] [5分钟] 4053/5205: 002575.SZ OK
[22:23:22] [5分钟] 第 4054/5205 只: 002858.SZ
[22:23:22] [5分钟] 4054/5205: 002858.SZ OK
[22:23:22] [5分钟] 第 4055/5205 只: 301531.SZ
[22:23:22] [5分钟] 4055/5205: 301531.SZ OK
[22:23:22] [5分钟] 第 4056/5205 只: 002186.SZ
[22:23:22] [5分钟] 4056/5205: 002186.SZ OK
[22:23:22] [5分钟] 第 4057/5205 只: 000839.SZ
[22:23:22] [5分钟] 4057/5205: 000839.SZ OK
[22:23:22] [5分钟] 第 4058/5205 只: 002084.SZ
[22:23:22] [5分钟] 4058/5205: 002084.SZ OK
[22:23:22] [5分钟] 第 4059/5205 只: 301028.SZ
[22:23:22] [5分钟] 4059/5205: 301028.SZ OK
[22:23:22] [5分钟] 第 4060/5205 只: 001308.SZ
[22:23:22] [5分钟] 4060/5205: 001308.SZ OK
[22:23:22] [5分钟] 第 4061/5205 只: 002403.SZ
[22:23:22] [5分钟] 4061/5205: 002403.SZ OK
[22:23:22] [5分钟] 第 4062/5205 只: 300634.SZ
[22:23:22] [5分钟] 4062/5205: 300634.SZ OK
[22:23:22] [5分钟] 第 4063/5205 只: 000514.SZ
[22:23:22] [5分钟] 4063/5205: 000514.SZ OK
[22:23:22] [5分钟] 第 4064/5205 只: 300640.SZ
[22:23:22] [5分钟] 4064/5205: 300640.SZ OK
[22:23:22] [5分钟] 第 4065/5205 只: 000560.SZ
[22:23:22] [5分钟] 4065/5205: 000560.SZ OK
[22:23:22] [5分钟] 第 4066/5205 只: 300969.SZ
[22:23:22] [5分钟] 4066/5205: 300969.SZ OK
[22:23:22] [5分钟] 第 4067/5205 只: 301258.SZ
[22:23:22] [5分钟] 4067/5205: 301258.SZ OK
[22:23:22] [5分钟] 第 4068/5205 只: 002673.SZ
[22:23:22] [5分钟] 4068/5205: 002673.SZ OK
[22:23:22] [5分钟] 第 4069/5205 只: 002268.SZ
[22:23:22] [5分钟] 4069/5205: 002268.SZ OK
[22:23:22] [5分钟] 第 4070/5205 只: 300444.SZ
[22:23:22] [5分钟] 4070/5205: 300444.SZ OK
[22:23:22] [5分钟] 第 4071/5205 只: 002607.SZ
[22:23:22] [5分钟] 4071/5205: 002607.SZ OK
[22:23:22] [5分钟] 第 4072/5205 只: 300981.SZ
[22:23:22] [5分钟] 4072/5205: 300981.SZ OK
[22:23:22] [5分钟] 第 4073/5205 只: 300430.SZ
[22:23:22] [5分钟] 4073/5205: 300430.SZ OK
[22:23:22] [5分钟] 第 4074/5205 只: 000710.SZ
[22:23:22] [5分钟] 4074/5205: 000710.SZ OK
[22:23:22] [5分钟] 第 4075/5205 只: 300546.SZ
[22:23:22] [5分钟] 4075/5205: 300546.SZ OK
[22:23:22] [5分钟] 第 4076/5205 只: 002771.SZ
[22:23:22] [5分钟] 4076/5205: 002771.SZ OK
[22:23:22] [5分钟] 第 4077/5205 只: 300532.SZ
[22:23:22] [5分钟] 4077/5205: 300532.SZ OK
[22:23:22] [5分钟] 第 4078/5205 只: 300129.SZ
[22:23:22] [5分钟] 4078/5205: 300129.SZ OK
[22:23:22] [5分钟] 第 4079/5205 只: 000612.SZ
[22:23:22] [5分钟] 4079/5205: 000612.SZ OK
[22:23:22] [5分钟] 第 4080/5205 只: 002705.SZ
[22:23:22] [5分钟] 4080/5205: 002705.SZ OK
[22:23:22] [5分钟] 第 4081/5205 只: 300883.SZ
[22:23:22] [5分钟] 4081/5205: 300883.SZ OK
[22:23:22] [5分钟] 第 4082/5205 只: 002382.SZ
[22:23:22] [5分钟] 4082/5205: 002382.SZ OK
[22:23:22] [5分钟] 第 4083/5205 只: 002799.SZ
[22:23:22] [5分钟] 4083/5205: 002799.SZ OK
[22:23:22] [5分钟] 第 4084/5205 只: 002660.SZ
[22:23:22] [5分钟] 4084/5205: 002660.SZ OK
[22:23:22] [5分钟] 第 4085/5205 只: 300457.SZ
[22:23:22] [5分钟] 4085/5205: 300457.SZ OK
[22:23:22] [5分钟] 第 4086/5205 只: 000777.SZ
[22:23:22] [5分钟] 4086/5205: 000777.SZ OK
[22:23:22] [5分钟] 第 4087/5205 只: 002614.SZ
[22:23:22] [5分钟] 4087/5205: 002614.SZ OK
[22:23:22] [5分钟] 第 4088/5205 只: 300992.SZ
[22:23:22] [5分钟] 4088/5205: 300992.SZ OK
[22:23:22] [5分钟] 第 4089/5205 只: 300423.SZ
[22:23:22] [5分钟] 4089/5205: 300423.SZ OK
[22:23:22] [5分钟] 第 4090/5205 只: 000703.SZ
[22:23:22] [5分钟] 4090/5205: 000703.SZ OK
[22:23:22] [5分钟] 第 4091/5205 只: 003008.SZ
[22:23:22] [5分钟] 4091/5205: 003008.SZ OK
[22:23:22] [5分钟] 第 4092/5205 只: 002293.SZ
[22:23:22] [5分钟] 4092/5205: 002293.SZ OK
[22:23:22] [5分钟] 第 4093/5205 只: 002688.SZ
[22:23:22] [5分钟] 4093/5205: 002688.SZ OK
[22:23:22] [5分钟] 第 4094/5205 只: 002391.SZ
[22:23:22] [5分钟] 4094/5205: 002391.SZ OK
[22:23:22] [5分钟] 第 4095/5205 只: 301349.SZ
[22:23:22] [5分钟] 4095/5205: 301349.SZ OK
[22:23:22] [5分钟] 第 4096/5205 只: 300878.SZ
[22:23:22] [5分钟] 4096/5205: 300878.SZ OK
[22:23:22] [5分钟] 第 4097/5205 只: 300555.SZ
[22:23:22] [5分钟] 4097/5205: 300555.SZ OK
[22:23:22] [5分钟] 第 4098/5205 只: 002762.SZ
[22:23:22] [5分钟] 4098/5205: 002762.SZ OK
[22:23:22] [5分钟] 第 4099/5205 只: 002379.SZ
[22:23:22] [5分钟] 4099/5205: 002379.SZ OK
[22:23:22] [5分钟] 第 4100/5205 只: 300521.SZ
[22:23:22] [5分钟] 4100/5205: 300521.SZ OK
[22:23:22] [5分钟 4100/5205] 成功4100，失败0，当前 300521.SZ
[22:23:22] [5分钟] 第 4101/5205 只: 000601.SZ
[22:23:22] [5分钟] 4101/5205: 000601.SZ OK
[22:23:22] [5分钟] 第 4102/5205 只: 002716.SZ
[22:23:22] [5分钟] 4102/5205: 002716.SZ OK
[22:23:22] [5分钟] 第 4103/5205 只: 300890.SZ
[22:23:22] [5分钟] 4103/5205: 300890.SZ OK
[22:23:22] [5分钟] 第 4104/5205 只: 301556.SZ
[22:23:22] [5分钟] 4104/5205: 301556.SZ OK
[22:23:22] [5分钟] 第 4105/5205 只: 301139.SZ
[22:23:22] [5分钟] 4105/5205: 301139.SZ OK
[22:23:22] [5分钟] 第 4106/5205 只: 301522.SZ
[22:23:22] [5分钟] 4106/5205: 301522.SZ OK
[22:23:22] [5分钟] 第 4107/5205 只: 001219.SZ
[22:23:22] [5分钟] 4107/5205: 001219.SZ OK
[22:23:22] [5分钟] 第 4108/5205 只: 000928.SZ
[22:23:22] [5分钟] 4108/5205: 000928.SZ OK
[22:23:22] [5分钟] 第 4109/5205 只: 002195.SZ
[22:23:22] [5分钟] 4109/5205: 002195.SZ OK
[22:23:22] [5分钟] 第 4110/5205 只: 300725.SZ
[22:23:22] [5分钟] 4110/5205: 300725.SZ OK
[22:23:22] [5分钟] 第 4111/5205 只: 001285.SZ
[22:23:22] [5分钟] 4111/5205: 001285.SZ OK
[22:23:22] [5分钟] 第 4112/5205 只: 002109.SZ
[22:23:22] [5分钟] 4112/5205: 002109.SZ OK
[22:23:22] [5分钟] 第 4113/5205 只: 002512.SZ
[22:23:22] [5分钟] 4113/5205: 002512.SZ OK
[22:23:22] [5分钟] 第 4114/5205 只: 300751.SZ
[22:23:22] [5分钟] 4114/5205: 300751.SZ OK
[22:23:22] [5分钟] 第 4115/5205 只: 002566.SZ
[22:23:22] [5分钟] 4115/5205: 002566.SZ OK
[22:23:22] [5分钟] 第 4116/5205 只: 002410.SZ
[22:23:22] [5分钟] 4116/5205: 002410.SZ OK
[22:23:22] [5分钟] 第 4117/5205 只: 300627.SZ
[22:23:22] [5分钟] 4117/5205: 300627.SZ OK
[22:23:22] [5分钟] 第 4118/5205 只: 001387.SZ
[22:23:22] [5分钟] 4118/5205: 001387.SZ OK
[22:23:22] [5分钟] 第 4119/5205 只: 000507.SZ
[22:23:22] [5分钟] 4119/5205: 000507.SZ OK
[22:23:22] [5分钟] 第 4120/5205 只: 300248.SZ
[22:23:22] [5分钟] 4120/5205: 300248.SZ OK
[22:23:22] [5分钟] 第 4121/5205 只: 300653.SZ
[22:23:22] [5分钟] 4121/5205: 300653.SZ OK
[22:23:22] [5分钟] 第 4122/5205 只: 000573.SZ
[22:23:22] [5分钟] 4122/5205: 000573.SZ OK
[22:23:22] [5分钟] 第 4123/5205 只: 002949.SZ
[22:23:22] [5分钟] 4123/5205: 002949.SZ OK
[22:23:22] [5分钟] 第 4124/5205 只: 002097.SZ
[22:23:22] [5分钟] 4124/5205: 002097.SZ OK
[22:23:22] [5分钟] 第 4125/5205 只: 002878.SZ
[22:23:22] [5分钟] 4125/5205: 002878.SZ OK
[22:23:22] [5分钟] 第 4126/5205 只: 301565.SZ
[22:23:22] [5分钟] 4126/5205: 301565.SZ OK
[22:23:22] [5分钟] 第 4127/5205 只: 301511.SZ
[22:23:22] [5分钟] 4127/5205: 301511.SZ OK
[22:23:22] [5分钟] 第 4128/5205 只: 300716.SZ
[22:23:22] [5分钟] 4128/5205: 300716.SZ OK
[22:23:22] [5分钟] 第 4129/5205 只: 301196.SZ
[22:23:22] [5分钟] 4129/5205: 301196.SZ OK
[22:23:22] [5分钟] 第 4130/5205 只: 002890.SZ
[22:23:22] [5分钟] 4130/5205: 002890.SZ OK
[22:23:22] [5分钟] 第 4131/5205 只: 002521.SZ
[22:23:22] [5分钟] 4131/5205: 002521.SZ OK
[22:23:22] [5分钟] 第 4132/5205 只: 000987.SZ
[22:23:22] [5分钟] 4132/5205: 000987.SZ OK
[22:23:22] [5分钟] 第 4133/5205 只: 300762.SZ
[22:23:22] [5分钟] 4133/5205: 300762.SZ OK
[22:23:22] [5分钟] 第 4134/5205 只: 000059.SZ
[22:23:22] [5分钟] 4134/5205: 000059.SZ OK
[22:23:22] [5分钟] 第 4135/5205 只: 002555.SZ
[22:23:22] [5分钟] 4135/5205: 002555.SZ OK
[22:23:22] [5分钟] 第 4136/5205 只: 002423.SZ
[22:23:22] [5分钟] 4136/5205: 002423.SZ OK
[22:23:22] [5分钟] 第 4137/5205 只: 000885.SZ
[22:23:22] [5分钟] 4137/5205: 000885.SZ OK
[22:23:22] [5分钟] 第 4138/5205 只: 002038.SZ
[22:23:22] [5分钟] 4138/5205: 002038.SZ OK
[22:23:22] [5分钟] 第 4139/5205 只: 300614.SZ
[22:23:22] [5分钟] 4139/5205: 300614.SZ OK
[22:23:22] [5分钟] 第 4140/5205 只: 000534.SZ
[22:23:22] [5分钟] 4140/5205: 000534.SZ OK
[22:23:22] [5分钟] 第 4141/5205 只: 002992.SZ
[22:23:22] [5分钟] 4141/5205: 002992.SZ OK
[22:23:22] [5分钟] 第 4142/5205 只: 002457.SZ
[22:23:22] [5分钟] 4142/5205: 002457.SZ OK
[22:23:22] [5分钟] 第 4143/5205 只: 300660.SZ
[22:23:22] [5分钟] 4143/5205: 300660.SZ OK
[22:23:22] [5分钟] 第 4144/5205 只: 000819.SZ
[22:23:22] [5分钟] 4144/5205: 000819.SZ OK
[22:23:22] [5分钟] 第 4145/5205 只: 301413.SZ
[22:23:22] [5分钟] 4145/5205: 301413.SZ OK
[22:23:22] [5分钟] 第 4146/5205 只: 301008.SZ
[22:23:22] [5分钟] 4146/5205: 301008.SZ OK
[22:23:22] [5分钟] 第 4147/5205 只: 001328.SZ
[22:23:22] [5分钟] 4147/5205: 001328.SZ OK
[22:23:22] [5分钟] 第 4148/5205 只: 300293.SZ
[22:23:22] [5分钟] 4148/5205: 300293.SZ OK
[22:23:22] [5分钟] 第 4149/5205 只: 300688.SZ
[22:23:22] [5分钟] 4149/5205: 300688.SZ OK
[22:23:22] [5分钟] 第 4150/5205 只: 002248.SZ
[22:23:22] [5分钟] 4150/5205: 002248.SZ OK
[22:23:22] [5分钟 4150/5205] 成功4150，失败0，当前 002248.SZ
[22:23:22] [5分钟] 第 4151/5205 只: 002653.SZ
[22:23:22] [5分钟] 4151/5205: 002653.SZ OK
[22:23:22] [5分钟] 第 4152/5205 只: 300464.SZ
[22:23:22] [5分钟] 4152/5205: 300464.SZ OK
[22:23:22] [5分钟] 第 4153/5205 只: 002627.SZ
[22:23:22] [5分钟] 4153/5205: 002627.SZ OK
[22:23:22] [5分钟] 第 4154/5205 只: 300410.SZ
[22:23:22] [5分钟] 4154/5205: 300410.SZ OK
[22:23:22] [5分钟] 第 4155/5205 只: 301290.SZ
[22:23:22] [5分钟] 4155/5205: 301290.SZ OK
[22:23:22] [5分钟] 第 4156/5205 只: 301617.SZ
[22:23:22] [5分钟] 4156/5205: 301617.SZ OK
[22:23:22] [5分钟] 第 4157/5205 只: 300097.SZ
[22:23:22] [5分钟] 4157/5205: 300097.SZ OK
[22:23:22] [5分钟] 第 4158/5205 只: 300949.SZ
[22:23:22] [5分钟] 4158/5205: 300949.SZ OK
[22:23:22] [5分钟] 第 4159/5205 只: 301278.SZ
[22:23:22] [5分钟] 4159/5205: 301278.SZ OK
[22:23:22] [5分钟] 第 4160/5205 只: 300195.SZ
[22:23:22] [5分钟] 4160/5205: 300195.SZ OK
[22:23:22] [5分钟] 第 4161/5205 只: 300566.SZ
[22:23:22] [5分钟] 4161/5205: 300566.SZ OK
[22:23:22] [5分钟] 第 4162/5205 只: 300109.SZ
[22:23:22] [5分钟] 4162/5205: 300109.SZ OK
[22:23:22] [5分钟] 第 4163/5205 只: 300512.SZ
[22:23:22] [5分钟] 4163/5205: 300512.SZ OK
[22:23:22] [5分钟] 第 4164/5205 只: 000632.SZ
[22:23:22] [5分钟] 4164/5205: 000632.SZ OK
[22:23:22] [5分钟] 第 4165/5205 只: 301392.SZ
[22:23:22] [5分钟] 4165/5205: 301392.SZ OK
[22:23:22] [5分钟] 第 4166/5205 只: 002725.SZ
[22:23:22] [5分钟] 4166/5205: 002725.SZ OK
[22:23:22] [5分钟] 第 4167/5205 只: 003028.SZ
[22:23:22] [5分钟] 4167/5205: 003028.SZ OK
[22:23:22] [5分钟] 第 4168/5205 只: 300084.SZ
[22:23:22] [5分钟] 4168/5205: 300084.SZ OK
[22:23:22] [5分钟] 第 4169/5205 只: 002640.SZ
[22:23:22] [5分钟] 4169/5205: 002640.SZ OK
[22:23:22] [5分钟] 第 4170/5205 只: 300477.SZ
[22:23:22] [5分钟] 4170/5205: 300477.SZ OK
[22:23:22] [5分钟] 第 4171/5205 只: 000757.SZ
[22:23:22] [5分钟] 4171/5205: 000757.SZ OK
[22:23:22] [5分钟] 第 4172/5205 只: 002634.SZ
[22:23:22] [5分钟] 4172/5205: 002634.SZ OK
[22:23:22] [5分钟] 第 4173/5205 只: 300018.SZ
[22:23:22] [5分钟] 4173/5205: 300018.SZ OK
[22:23:22] [5分钟] 第 4174/5205 只: 300403.SZ
[22:23:22] [5分钟] 4174/5205: 300403.SZ OK
[22:23:22] [5分钟] 第 4175/5205 只: 000723.SZ
[22:23:22] [5分钟] 4175/5205: 000723.SZ OK
[22:23:22] [5分钟] 第 4176/5205 只: 000338.SZ
[22:23:22] [5分钟] 4176/5205: 000338.SZ OK
[22:23:22] [5分钟] 第 4177/5205 只: 301283.SZ
[22:23:22] [5分钟] 4177/5205: 301283.SZ OK
[22:23:22] [5分钟] 第 4178/5205 只: 300575.SZ
[22:23:22] [5分钟] 4178/5205: 300575.SZ OK
[22:23:22] [5分钟] 第 4179/5205 只: 000655.SZ
[22:23:22] [5分钟] 4179/5205: 000655.SZ OK
[22:23:22] [5分钟] 第 4180/5205 只: 002742.SZ
[22:23:22] [5分钟] 4180/5205: 002742.SZ OK
[22:23:22] [5分钟] 第 4181/5205 只: 300501.SZ
[22:23:22] [5分钟] 4181/5205: 300501.SZ OK
[22:23:22] [5分钟] 第 4182/5205 只: 301381.SZ
[22:23:22] [5分钟] 4182/5205: 301381.SZ OK
[22:23:22] [5分钟] 第 4183/5205 只: 002736.SZ
[22:23:22] [5分钟] 4183/5205: 002736.SZ OK
[22:23:22] [5分钟] 第 4184/5205 只: 301369.SZ
[22:23:22] [5分钟] 4184/5205: 301369.SZ OK
[22:23:22] [5分钟] 第 4185/5205 只: 300858.SZ
[22:23:22] [5分钟] 4185/5205: 300858.SZ OK
[22:23:22] [5分钟] 第 4186/5205 只: 300705.SZ
[22:23:22] [5分钟] 4186/5205: 300705.SZ OK
[22:23:22] [5分钟] 第 4187/5205 只: 000425.SZ
[22:23:22] [5分钟] 4187/5205: 000425.SZ OK
[22:23:22] [5分钟] 第 4188/5205 只: 301185.SZ
[22:23:22] [5分钟] 4188/5205: 301185.SZ OK
[22:23:22] [5分钟] 第 4189/5205 只: 002883.SZ
[22:23:22] [5分钟] 4189/5205: 002883.SZ OK
[22:23:22] [5分钟] 第 4190/5205 只: 002532.SZ
[22:23:22] [5分钟] 4190/5205: 002532.SZ OK
[22:23:22] [5分钟] 第 4191/5205 只: 002129.SZ
[22:23:22] [5分钟] 4191/5205: 002129.SZ OK
[22:23:22] [5分钟] 第 4192/5205 只: 300771.SZ
[22:23:22] [5分钟] 4192/5205: 300771.SZ OK
[22:23:22] [5分钟] 第 4193/5205 只: 002546.SZ
[22:23:22] [5分钟] 4193/5205: 002546.SZ OK
[22:23:22] [5分钟] 第 4194/5205 只: 301502.SZ
[22:23:22] [5分钟] 4194/5205: 301502.SZ OK
[22:23:22] [5分钟] 第 4195/5205 只: 301119.SZ
[22:23:22] [5分钟] 4195/5205: 301119.SZ OK
[22:23:22] [5分钟] 第 4196/5205 只: 001239.SZ
[22:23:22] [5分钟] 4196/5205: 001239.SZ OK
[22:23:22] [5分钟] 第 4197/5205 只: 300382.SZ
[22:23:22] [5分钟] 4197/5205: 300382.SZ OK
[22:23:22] [5分钟] 第 4198/5205 只: 000908.SZ
[22:23:22] [5分钟] 4198/5205: 000908.SZ OK
[22:23:22] [5分钟] 第 4199/5205 只: 002969.SZ
[22:23:22] [5分钟] 4199/5205: 002969.SZ OK
[22:23:22] [5分钟] 第 4200/5205 只: 002430.SZ
[22:23:22] [5分钟] 4200/5205: 002430.SZ OK
[22:23:22] [5分钟 4200/5205] 成功4200，失败0，当前 002430.SZ
[22:23:22] [5分钟] 第 4201/5205 只: 300607.SZ
[22:23:22] [5分钟] 4201/5205: 300607.SZ OK
[22:23:22] [5分钟] 第 4202/5205 只: 002981.SZ
[22:23:22] [5分钟] 4202/5205: 002981.SZ OK
[22:23:22] [5分钟] 第 4203/5205 只: 301087.SZ
[22:23:22] [5分钟] 4203/5205: 301087.SZ OK
[22:23:22] [5分钟] 第 4204/5205 只: 002444.SZ
[22:23:22] [5分钟] 4204/5205: 002444.SZ OK
[22:23:22] [5分钟] 第 4205/5205 只: 300673.SZ
[22:23:22] [5分钟] 4205/5205: 300673.SZ OK
[22:23:22] [5分钟] 第 4206/5205 只: 300268.SZ
[22:23:22] [5分钟] 4206/5205: 300268.SZ OK
[22:23:22] [5分钟] 第 4207/5205 只: 000553.SZ
[22:23:22] [5分钟] 4207/5205: 000553.SZ OK
[22:23:22] [5分钟] 第 4208/5205 只: 300553.SZ
[22:23:22] [5分钟] 4208/5205: 300553.SZ OK
[22:23:22] [5分钟] 第 4209/5205 只: 300148.SZ
[22:23:22] [5分钟] 4209/5205: 300148.SZ OK
[22:23:22] [5分钟] 第 4210/5205 只: 300527.SZ
[22:23:22] [5分钟] 4210/5205: 300527.SZ OK
[22:23:22] [5分钟] 第 4211/5205 只: 000607.SZ
[22:23:22] [5分钟] 4211/5205: 000607.SZ OK
[22:23:22] [5分钟] 第 4212/5205 只: 300896.SZ
[22:23:22] [5分钟] 4212/5205: 300896.SZ OK
[22:23:22] [5分钟] 第 4213/5205 只: 001400.SZ
[22:23:22] [5分钟] 4213/5205: 001400.SZ OK
[22:23:22] [5分钟] 第 4214/5205 只: 002397.SZ
[22:23:22] [5分钟] 4214/5205: 002397.SZ OK
[22:23:22] [5分钟] 第 4215/5205 只: 300908.SZ
[22:23:22] [5分钟] 4215/5205: 300908.SZ OK
[22:23:22] [5分钟] 第 4216/5205 只: 002295.SZ
[22:23:22] [5分钟] 4216/5205: 002295.SZ OK
[22:23:22] [5分钟] 第 4217/5205 只: 000799.SZ
[22:23:22] [5分钟] 4217/5205: 000799.SZ OK
[22:23:22] [5分钟] 第 4218/5205 只: 301622.SZ
[22:23:22] [5分钟] 4218/5205: 301622.SZ OK
[22:23:22] [5分钟] 第 4219/5205 只: 301239.SZ
[22:23:22] [5分钟] 4219/5205: 301239.SZ OK
[22:23:22] [5分钟] 第 4220/5205 只: 301656.SZ
[22:23:22] [5分钟] 4220/5205: 301656.SZ OK
[22:23:22] [5分钟] 第 4221/5205 只: 002666.SZ
[22:23:22] [5分钟] 4221/5205: 002666.SZ OK
[22:23:22] [5分钟] 第 4222/5205 只: 300451.SZ
[22:23:22] [5分钟] 4222/5205: 300451.SZ OK
[22:23:22] [5分钟] 第 4223/5205 只: 002612.SZ
[22:23:22] [5分钟] 4223/5205: 002612.SZ OK
[22:23:22] [5分钟] 第 4224/5205 只: 002209.SZ
[22:23:22] [5分钟] 4224/5205: 002209.SZ OK
[22:23:22] [5分钟] 第 4225/5205 只: 300994.SZ
[22:23:22] [5分钟] 4225/5205: 300994.SZ OK
[22:23:22] [5分钟] 第 4226/5205 只: 300425.SZ
[22:23:22] [5分钟] 4226/5205: 300425.SZ OK
[22:23:22] [5分钟] 第 4227/5205 只: 000705.SZ
[22:23:22] [5分钟] 4227/5205: 000705.SZ OK
[22:23:22] [5分钟] 第 4228/5205 只: 000858.SZ
[22:23:22] [5分钟] 4228/5205: 000858.SZ OK
[22:23:22] [5分钟] 第 4229/5205 只: 301049.SZ
[22:23:22] [5分钟] 4229/5205: 301049.SZ OK
[22:23:22] [5分钟] 第 4230/5205 只: 001369.SZ
[22:23:22] [5分钟] 4230/5205: 001369.SZ OK
[22:23:22] [5分钟] 第 4231/5205 只: 002091.SZ
[22:23:22] [5分钟] 4231/5205: 002091.SZ OK
[22:23:22] [5分钟] 第 4232/5205 只: 002416.SZ
[22:23:22] [5分钟] 4232/5205: 002416.SZ OK
[22:23:22] [5分钟] 第 4233/5205 只: 300621.SZ
[22:23:22] [5分钟] 4233/5205: 300621.SZ OK
[22:23:22] [5分钟] 第 4234/5205 只: 000501.SZ
[22:23:22] [5分钟] 4234/5205: 000501.SZ OK
[22:23:22] [5分钟] 第 4235/5205 只: 002079.SZ
[22:23:22] [5分钟] 4235/5205: 002079.SZ OK
[22:23:22] [5分钟] 第 4236/5205 只: 002462.SZ
[22:23:22] [5分钟] 4236/5205: 002462.SZ OK
[22:23:22] [5分钟] 第 4237/5205 只: 300655.SZ
[22:23:22] [5分钟] 4237/5205: 300655.SZ OK
[22:23:22] [5分钟] 第 4238/5205 只: 001283.SZ
[22:23:22] [5分钟] 4238/5205: 001283.SZ OK
[22:23:22] [5分钟] 第 4239/5205 只: 300338.SZ
[22:23:22] [5分钟] 4239/5205: 300338.SZ OK
[22:23:22] [5分钟] 第 4240/5205 只: 300723.SZ
[22:23:22] [5分钟] 4240/5205: 300723.SZ OK
[22:23:22] [5分钟] 第 4241/5205 只: 000403.SZ
[22:23:22] [5分钟] 4241/5205: 000403.SZ OK
[22:23:22] [5分钟] 第 4242/5205 只: 002514.SZ
[22:23:22] [5分钟] 4242/5205: 002514.SZ OK
[22:23:22] [5分钟] 第 4243/5205 只: 300757.SZ
[22:23:22] [5分钟] 4243/5205: 300757.SZ OK
[22:23:22] [5分钟] 第 4244/5205 只: 002560.SZ
[22:23:22] [5分钟] 4244/5205: 002560.SZ OK
[22:23:22] [5分钟] 第 4245/5205 只: 301550.SZ
[22:23:22] [5分钟] 4245/5205: 301550.SZ OK
[22:23:22] [5分钟] 第 4246/5205 只: 002839.SZ
[22:23:22] [5分钟] 4246/5205: 002839.SZ OK
[22:23:22] [5分钟] 第 4247/5205 只: 002588.SZ
[22:23:22] [5分钟] 4247/5205: 002588.SZ OK
[22:23:22] [5分钟] 第 4248/5205 只: 002193.SZ
[22:23:22] [5分钟] 4248/5205: 002193.SZ OK
[22:23:22] [5分钟] 第 4249/5205 只: 002405.SZ
[22:23:22] [5分钟] 4249/5205: 002405.SZ OK
[22:23:22] [5分钟] 第 4250/5205 只: 300229.SZ
[22:23:22] [5分钟] 4250/5205: 300229.SZ OK
[22:23:22] [5分钟 4250/5205] 成功4250，失败0，当前 300229.SZ
[22:23:22] [5分钟] 第 4251/5205 只: 300632.SZ
[22:23:22] [5分钟] 4251/5205: 300632.SZ OK
[22:23:22] [5分钟] 第 4252/5205 只: 002471.SZ
[22:23:22] [5分钟] 4252/5205: 002471.SZ OK
[22:23:22] [5分钟] 第 4253/5205 只: 000566.SZ
[22:23:22] [5分钟] 4253/5205: 000566.SZ OK
[22:23:22] [5分钟] 第 4254/5205 只: 002082.SZ
[22:23:22] [5分钟] 4254/5205: 002082.SZ OK
[22:23:22] [5分钟] 第 4255/5205 只: 002928.SZ
[22:23:22] [5分钟] 4255/5205: 002928.SZ OK
[22:23:22] [5分钟] 第 4256/5205 只: 301158.SZ
[22:23:22] [5分钟] 4256/5205: 301158.SZ OK
[22:23:22] [5分钟] 第 4257/5205 只: 001278.SZ
[22:23:22] [5分钟] 4257/5205: 001278.SZ OK
[22:23:22] [5分钟] 第 4258/5205 只: 000949.SZ
[22:23:22] [5分钟] 4258/5205: 000949.SZ OK
[22:23:22] [5分钟] 第 4259/5205 只: 002180.SZ
[22:23:22] [5分钟] 4259/5205: 002180.SZ OK
[22:23:22] [5分钟] 第 4260/5205 只: 300730.SZ
[22:23:22] [5分钟] 4260/5205: 300730.SZ OK
[22:23:22] [5分钟] 第 4261/5205 只: 000410.SZ
[22:23:22] [5分钟] 4261/5205: 000410.SZ OK
[22:23:22] [5分钟] 第 4262/5205 只: 002507.SZ
[22:23:22] [5分钟] 4262/5205: 002507.SZ OK
[22:23:22] [5分钟] 第 4263/5205 只: 002168.SZ
[22:23:22] [5分钟] 4263/5205: 002168.SZ OK
[22:23:22] [5分钟] 第 4264/5205 只: 002573.SZ
[22:23:22] [5分钟] 4264/5205: 002573.SZ OK
[22:23:22] [5分钟] 第 4265/5205 只: 000688.SZ
[22:23:22] [5分钟] 4265/5205: 000688.SZ OK
[22:23:22] [5分钟] 第 4266/5205 只: 301328.SZ
[22:23:22] [5分钟] 4266/5205: 301328.SZ OK
[22:23:22] [5分钟] 第 4267/5205 只: 300819.SZ
[22:23:22] [5分钟] 4267/5205: 300819.SZ OK
[22:23:22] [5分钟] 第 4268/5205 只: 002384.SZ
[22:23:22] [5分钟] 4268/5205: 002384.SZ OK
[22:23:22] [5分钟] 第 4269/5205 只: 300540.SZ
[22:23:22] [5分钟] 4269/5205: 300540.SZ OK
[22:23:22] [5分钟] 第 4270/5205 只: 002777.SZ
[22:23:22] [5分钟] 4270/5205: 002777.SZ OK
[22:23:22] [5分钟] 第 4271/5205 只: 300534.SZ
[22:23:22] [5分钟] 4271/5205: 300534.SZ OK
[22:23:22] [5分钟] 第 4272/5205 只: 002703.SZ
[22:23:22] [5分钟] 4272/5205: 002703.SZ OK
[22:23:22] [5分钟] 第 4273/5205 只: 002318.SZ
[22:23:22] [5分钟] 4273/5205: 002318.SZ OK
[22:23:22] [5分钟] 第 4274/5205 只: 300885.SZ
[22:23:22] [5分钟] 4274/5205: 300885.SZ OK
[22:23:22] [5分钟] 第 4275/5205 只: 002675.SZ
[22:23:22] [5分钟] 4275/5205: 002675.SZ OK
[22:23:22] [5分钟] 第 4276/5205 只: 300442.SZ
[22:23:22] [5分钟] 4276/5205: 300442.SZ OK
[22:23:22] [5分钟] 第 4277/5205 只: 300059.SZ
[22:23:22] [5分钟] 4277/5205: 300059.SZ OK
[22:23:22] [5分钟] 第 4278/5205 只: 000762.SZ
[22:23:22] [5分钟] 4278/5205: 000762.SZ OK
[22:23:22] [5分钟] 第 4279/5205 只: 002601.SZ
[22:23:22] [5分钟] 4279/5205: 002601.SZ OK
[22:23:22] [5分钟] 第 4280/5205 只: 300987.SZ
[22:23:22] [5分钟] 4280/5205: 300987.SZ OK
[22:23:22] [5分钟] 第 4281/5205 只: 300436.SZ
[22:23:22] [5分钟] 4281/5205: 300436.SZ OK
[22:23:22] [5分钟] 第 4282/5205 只: 000716.SZ
[22:23:22] [5分钟] 4282/5205: 000716.SZ OK
[22:23:22] [5分钟] 第 4283/5205 只: 002286.SZ
[22:23:22] [5分钟] 4283/5205: 002286.SZ OK
[22:23:22] [5分钟] 第 4284/5205 只: 301631.SZ
[22:23:22] [5分钟] 4284/5205: 301631.SZ OK
[22:23:22] [5分钟] 第 4285/5205 只: 002903.SZ
[22:23:22] [5分钟] 4285/5205: 002903.SZ OK
[22:23:22] [5分钟] 第 4286/5205 只: 301005.SZ
[22:23:22] [5分钟] 4286/5205: 301005.SZ OK
[22:23:22] [5分钟] 第 4287/5205 只: 300685.SZ
[22:23:22] [5分钟] 4287/5205: 300685.SZ OK
[22:23:22] [5分钟] 第 4288/5205 只: 001325.SZ
[22:23:22] [5分钟] 4288/5205: 001325.SZ OK
[22:23:22] [5分钟] 第 4289/5205 只: 000860.SZ
[22:23:22] [5分钟] 4289/5205: 000860.SZ OK
[22:23:22] [5分钟] 第 4290/5205 只: 301071.SZ
[22:23:22] [5分钟] 4290/5205: 301071.SZ OK
[22:23:22] [5分钟] 第 4291/5205 只: 002977.SZ
[22:23:22] [5分钟] 4291/5205: 002977.SZ OK
[22:23:22] [5分钟] 第 4292/5205 只: 002041.SZ
[22:23:22] [5分钟] 4292/5205: 002041.SZ OK
[22:23:22] [5分钟] 第 4293/5205 只: 300276.SZ
[22:23:22] [5分钟] 4293/5205: 300276.SZ OK
[22:23:22] [5分钟] 第 4294/5205 只: 000156.SZ
[22:23:22] [5分钟] 4294/5205: 000156.SZ OK
[22:23:22] [5分钟] 第 4295/5205 只: 000888.SZ
[22:23:22] [5分钟] 4295/5205: 000888.SZ OK
[22:23:22] [5分钟] 第 4296/5205 只: 002035.SZ
[22:23:22] [5分钟] 4296/5205: 002035.SZ OK
[22:23:22] [5分钟] 第 4297/5205 只: 300619.SZ
[22:23:22] [5分钟] 4297/5205: 300619.SZ OK
[22:23:22] [5分钟] 第 4298/5205 只: 301099.SZ
[22:23:22] [5分钟] 4298/5205: 301099.SZ OK
[22:23:22] [5分钟] 第 4299/5205 只: 000539.SZ
[22:23:22] [5分钟] 4299/5205: 000539.SZ OK
[22:23:22] [5分钟] 第 4300/5205 只: 300374.SZ
[22:23:22] [5分钟] 4300/5205: 300374.SZ OK
[22:23:22] [5分钟 4300/5205] 成功4300，失败0，当前 300374.SZ
[22:23:22] [5分钟] 第 4301/5205 只: 002558.SZ
[22:23:22] [5分钟] 4301/5205: 002558.SZ OK
[22:23:22] [5分钟] 第 4302/5205 只: 300300.SZ
[22:23:22] [5分钟] 4302/5205: 300300.SZ OK
[22:23:22] [5分钟] 第 4303/5205 只: 000020.SZ
[22:23:22] [5分钟] 4303/5205: 000020.SZ OK
[22:23:22] [5分钟] 第 4304/5205 只: 301580.SZ
[22:23:22] [5分钟] 4304/5205: 301580.SZ OK
[22:23:22] [5分钟] 第 4305/5205 只: 002137.SZ
[22:23:22] [5分钟] 4305/5205: 002137.SZ OK
[22:23:22] [5分钟] 第 4306/5205 只: 301107.SZ
[22:23:22] [5分钟] 4306/5205: 301107.SZ OK
[22:23:22] [5分钟] 第 4307/5205 只: 002801.SZ
[22:23:22] [5分钟] 4307/5205: 002801.SZ OK
[22:23:22] [5分钟] 第 4308/5205 只: 300787.SZ
[22:23:22] [5分钟] 4308/5205: 300787.SZ OK
[22:23:22] [5分钟] 第 4309/5205 只: 001227.SZ
[22:23:22] [5分钟] 4309/5205: 001227.SZ OK
[22:23:22] [5分钟] 第 4310/5205 只: 301568.SZ
[22:23:22] [5分钟] 4310/5205: 301568.SZ OK
[22:23:22] [5分钟] 第 4311/5205 只: 002875.SZ
[22:23:22] [5分钟] 4311/5205: 002875.SZ OK
[22:23:22] [5分钟] 第 4312/5205 只: 301173.SZ
[22:23:22] [5分钟] 4312/5205: 301173.SZ OK
[22:23:22] [5分钟] 第 4313/5205 只: 000962.SZ
[22:23:22] [5分钟] 4313/5205: 000962.SZ OK
[22:23:22] [5分钟] 第 4314/5205 只: 002333.SZ
[22:23:22] [5分钟] 4314/5205: 002333.SZ OK
[22:23:22] [5分钟] 第 4315/5205 只: 002728.SZ
[22:23:22] [5分钟] 4315/5205: 002728.SZ OK
[22:23:22] [5分钟] 第 4316/5205 只: 300170.SZ
[22:23:22] [5分钟] 4316/5205: 300170.SZ OK
[22:23:22] [5分钟] 第 4317/5205 只: 002347.SZ
[22:23:22] [5分钟] 4317/5205: 002347.SZ OK
[22:23:22] [5分钟] 第 4318/5205 只: 301377.SZ
[22:23:22] [5分钟] 4318/5205: 301377.SZ OK
[22:23:22] [5分钟] 第 4319/5205 只: 300846.SZ
[22:23:22] [5分钟] 4319/5205: 300846.SZ OK
[22:23:22] [5分钟] 第 4320/5205 只: 301303.SZ
[22:23:22] [5分钟] 4320/5205: 301303.SZ OK
[22:23:22] [5分钟] 第 4321/5205 只: 300583.SZ
[22:23:22] [5分钟] 4321/5205: 300583.SZ OK
[22:23:22] [5分钟] 第 4322/5205 只: 300198.SZ
[22:23:22] [5分钟] 4322/5205: 300198.SZ OK
[22:23:22] [5分钟] 第 4323/5205 只: 300832.SZ
[22:23:22] [5分钟] 4323/5205: 300832.SZ OK
[22:23:22] [5分钟] 第 4324/5205 只: 003042.SZ
[22:23:22] [5分钟] 4324/5205: 003042.SZ OK
[22:23:22] [5分钟] 第 4325/5205 只: 301275.SZ
[22:23:22] [5分钟] 4325/5205: 301275.SZ OK
[22:23:22] [5分钟] 第 4326/5205 只: 003036.SZ
[22:23:22] [5分钟] 4326/5205: 003036.SZ OK
[22:23:22] [5分钟] 第 4327/5205 只: 300930.SZ
[22:23:22] [5分钟] 4327/5205: 300930.SZ OK
[22:23:22] [5分钟] 第 4328/5205 只: 301201.SZ
[22:23:22] [5分钟] 4328/5205: 301201.SZ OK
[22:23:22] [5分钟] 第 4329/5205 只: 300481.SZ
[22:23:22] [5分钟] 4329/5205: 300481.SZ OK
[22:23:22] [5分钟] 第 4330/5205 只: 300006.SZ
[22:23:22] [5分钟] 4330/5205: 300006.SZ OK
[22:23:22] [5分钟] 第 4331/5205 只: 002245.SZ
[22:23:22] [5分钟] 4331/5205: 002245.SZ OK
[22:23:22] [5分钟] 第 4332/5205 只: 300072.SZ
[22:23:22] [5分钟] 4332/5205: 300072.SZ OK
[22:23:22] [5分钟] 第 4333/5205 只: 300469.SZ
[22:23:22] [5分钟] 4333/5205: 300469.SZ OK
[22:23:22] [5分钟] 第 4334/5205 只: 300855.SZ
[22:23:22] [5分钟] 4334/5205: 300855.SZ OK
[22:23:22] [5分钟] 第 4335/5205 只: 301310.SZ
[22:23:22] [5分钟] 4335/5205: 301310.SZ OK
[22:23:22] [5分钟] 第 4336/5205 只: 300590.SZ
[22:23:22] [5分钟] 4336/5205: 300590.SZ OK
[22:23:22] [5分钟] 第 4337/5205 只: 300821.SZ
[22:23:22] [5分钟] 4337/5205: 300821.SZ OK
[22:23:22] [5分钟] 第 4338/5205 只: 002320.SZ
[22:23:22] [5分钟] 4338/5205: 002320.SZ OK
[22:23:22] [5分钟] 第 4339/5205 只: 300163.SZ
[22:23:22] [5分钟] 4339/5205: 300163.SZ OK
[22:23:22] [5分钟] 第 4340/5205 只: 300578.SZ
[22:23:22] [5分钟] 4340/5205: 300578.SZ OK
[22:23:22] [5分钟] 第 4341/5205 只: 002354.SZ
[22:23:22] [5分钟] 4341/5205: 002354.SZ OK
[22:23:22] [5分钟] 第 4342/5205 只: 002222.SZ
[22:23:22] [5分钟] 4342/5205: 002222.SZ OK
[22:23:22] [5分钟] 第 4343/5205 只: 002639.SZ
[22:23:22] [5分钟] 4343/5205: 002639.SZ OK
[22:23:22] [5分钟] 第 4344/5205 只: 300015.SZ
[22:23:22] [5分钟] 4344/5205: 300015.SZ OK
[22:23:22] [5分钟] 第 4345/5205 只: 002256.SZ
[22:23:22] [5分钟] 4345/5205: 002256.SZ OK
[22:23:22] [5分钟] 第 4346/5205 只: 300061.SZ
[22:23:22] [5分钟] 4346/5205: 300061.SZ OK
[22:23:22] [5分钟] 第 4347/5205 只: 300957.SZ
[22:23:22] [5分钟] 4347/5205: 300957.SZ OK
[22:23:22] [5分钟] 第 4348/5205 只: 301266.SZ
[22:23:22] [5分钟] 4348/5205: 301266.SZ OK
[22:23:22] [5分钟] 第 4349/5205 只: 003025.SZ
[22:23:22] [5分钟] 4349/5205: 003025.SZ OK
[22:23:22] [5分钟] 第 4350/5205 只: 300923.SZ
[22:23:22] [5分钟] 4350/5205: 300923.SZ OK
[22:23:22] [5分钟 4350/5205] 成功4350，失败0，当前 300923.SZ
[22:23:22] [5分钟] 第 4351/5205 只: 301212.SZ
[22:23:22] [5分钟] 4351/5205: 301212.SZ OK
[22:23:22] [5分钟] 第 4352/5205 只: 301609.SZ
[22:23:22] [5分钟] 4352/5205: 301609.SZ OK
[22:23:22] [5分钟] 第 4353/5205 只: 300492.SZ
[22:23:22] [5分钟] 4353/5205: 300492.SZ OK
[22:23:22] [5分钟] 第 4354/5205 只: 002449.SZ
[22:23:22] [5分钟] 4354/5205: 002449.SZ OK
[22:23:22] [5分钟] 第 4355/5205 只: 002052.SZ
[22:23:22] [5分钟] 4355/5205: 002052.SZ OK
[22:23:22] [5分钟] 第 4356/5205 只: 300265.SZ
[22:23:22] [5分钟] 4356/5205: 300265.SZ OK
[22:23:22] [5分钟] 第 4357/5205 只: 002026.SZ
[22:23:22] [5分钟] 4357/5205: 002026.SZ OK
[22:23:22] [5分钟] 第 4358/5205 只: 300211.SZ
[22:23:22] [5分钟] 4358/5205: 300211.SZ OK
[22:23:22] [5分钟] 第 4359/5205 只: 301491.SZ
[22:23:22] [5分钟] 4359/5205: 301491.SZ OK
[22:23:22] [5分钟] 第 4360/5205 只: 000807.SZ
[22:23:22] [5分钟] 4360/5205: 000807.SZ OK
[22:23:22] [5分钟] 第 4361/5205 只: 002910.SZ
[22:23:22] [5分钟] 4361/5205: 002910.SZ OK
[22:23:22] [5分钟] 第 4362/5205 只: 301016.SZ
[22:23:22] [5分钟] 4362/5205: 301016.SZ OK
[22:23:22] [5分钟] 第 4363/5205 只: 300696.SZ
[22:23:22] [5分钟] 4363/5205: 300696.SZ OK
[22:23:22] [5分钟] 第 4364/5205 只: 001336.SZ
[22:23:22] [5分钟] 4364/5205: 001336.SZ OK
[22:23:22] [5分钟] 第 4365/5205 只: 301479.SZ
[22:23:22] [5分钟] 4365/5205: 301479.SZ OK
[22:23:22] [5分钟] 第 4366/5205 只: 301062.SZ
[22:23:22] [5分钟] 4366/5205: 301062.SZ OK
[22:23:22] [5分钟] 第 4367/5205 只: 002812.SZ
[22:23:22] [5分钟] 4367/5205: 002812.SZ OK
[22:23:22] [5分钟] 第 4368/5205 只: 001234.SZ
[22:23:22] [5分钟] 4368/5205: 001234.SZ OK
[22:23:22] [5分钟] 第 4369/5205 只: 000905.SZ
[22:23:22] [5分钟] 4369/5205: 000905.SZ OK
[22:23:22] [5分钟] 第 4370/5205 只: 002866.SZ
[22:23:22] [5分钟] 4370/5205: 002866.SZ OK
[22:23:22] [5分钟] 第 4371/5205 只: 301160.SZ
[22:23:22] [5分钟] 4371/5205: 301160.SZ OK
[22:23:22] [5分钟] 第 4372/5205 只: 002150.SZ
[22:23:22] [5分钟] 4372/5205: 002150.SZ OK
[22:23:22] [5分钟] 第 4373/5205 只: 300708.SZ
[22:23:22] [5分钟] 4373/5205: 300708.SZ OK
[22:23:22] [5分钟] 第 4374/5205 只: 300313.SZ
[22:23:22] [5分钟] 4374/5205: 300313.SZ OK
[22:23:22] [5分钟] 第 4375/5205 只: 301188.SZ
[22:23:22] [5分钟] 4375/5205: 301188.SZ OK
[22:23:22] [5分钟] 第 4376/5205 只: 000428.SZ
[22:23:22] [5分钟] 4376/5205: 000428.SZ OK
[22:23:22] [5分钟] 第 4377/5205 只: 000999.SZ
[22:23:22] [5分钟] 4377/5205: 000999.SZ OK
[22:23:22] [5分钟] 第 4378/5205 只: 002124.SZ
[22:23:22] [5分钟] 4378/5205: 002124.SZ OK
[22:23:22] [5分钟] 第 4379/5205 只: 002204.SZ
[22:23:22] [5分钟] 4379/5205: 002204.SZ OK
[22:23:22] [5分钟] 第 4380/5205 只: 300999.SZ
[22:23:22] [5分钟] 4380/5205: 300999.SZ OK
[22:23:22] [5分钟] 第 4381/5205 只: 300428.SZ
[22:23:22] [5分钟] 4381/5205: 300428.SZ OK
[22:23:22] [5分钟] 第 4382/5205 只: 300033.SZ
[22:23:22] [5分钟] 4382/5205: 300033.SZ OK
[22:23:22] [5分钟] 第 4383/5205 只: 000708.SZ
[22:23:22] [5分钟] 4383/5205: 000708.SZ OK
[22:23:22] [5分钟] 第 4384/5205 只: 002270.SZ
[22:23:22] [5分钟] 4384/5205: 002270.SZ OK
[22:23:22] [5分钟] 第 4385/5205 只: 300047.SZ
[22:23:22] [5分钟] 4385/5205: 300047.SZ OK
[22:23:22] [5分钟] 第 4386/5205 只: 300971.SZ
[22:23:22] [5分钟] 4386/5205: 300971.SZ OK
[22:23:22] [5分钟] 第 4387/5205 只: 300905.SZ
[22:23:22] [5分钟] 4387/5205: 300905.SZ OK
[22:23:22] [5分钟] 第 4388/5205 只: 003003.SZ
[22:23:22] [5分钟] 4388/5205: 003003.SZ OK
[22:23:22] [5分钟] 第 4389/5205 只: 002298.SZ
[22:23:22] [5分钟] 4389/5205: 002298.SZ OK
[22:23:22] [5分钟] 第 4390/5205 只: 002683.SZ
[22:23:22] [5分钟] 4390/5205: 002683.SZ OK
[22:23:22] [5分钟] 第 4391/5205 只: 301234.SZ
[22:23:22] [5分钟] 4391/5205: 301234.SZ OK
[22:23:22] [5分钟] 第 4392/5205 只: 300873.SZ
[22:23:22] [5分钟] 4392/5205: 300873.SZ OK
[22:23:22] [5分钟] 第 4393/5205 只: 301336.SZ
[22:23:22] [5分钟] 4393/5205: 301336.SZ OK
[22:23:22] [5分钟] 第 4394/5205 只: 300807.SZ
[22:23:22] [5分钟] 4394/5205: 300807.SZ OK
[22:23:22] [5分钟] 第 4395/5205 只: 300131.SZ
[22:23:22] [5分钟] 4395/5205: 300131.SZ OK
[22:23:22] [5分钟] 第 4396/5205 只: 002306.SZ
[22:23:22] [5分钟] 4396/5205: 002306.SZ OK
[22:23:22] [5分钟] 第 4397/5205 只: 300145.SZ
[22:23:22] [5分钟] 4397/5205: 300145.SZ OK
[22:23:22] [5分钟] 第 4398/5205 只: 002769.SZ
[22:23:22] [5分钟] 4398/5205: 002769.SZ OK
[22:23:22] [5分钟] 第 4399/5205 只: 002372.SZ
[22:23:22] [5分钟] 4399/5205: 002372.SZ OK
[22:23:22] [5分钟] 第 4400/5205 只: 301132.SZ
[22:23:22] [5分钟] 4400/5205: 301132.SZ OK
[22:23:22] [5分钟 4400/5205] 成功4400，失败0，当前 301132.SZ
[22:23:22] [5分钟] 第 4401/5205 只: 000089.SZ
[22:23:22] [5分钟] 4401/5205: 000089.SZ OK
[22:23:22] [5分钟] 第 4402/5205 只: 301529.SZ
[22:23:22] [5分钟] 4402/5205: 301529.SZ OK
[22:23:22] [5分钟] 第 4403/5205 只: 001212.SZ
[22:23:22] [5分钟] 4403/5205: 001212.SZ OK
[22:23:22] [5分钟] 第 4404/5205 只: 000923.SZ
[22:23:22] [5分钟] 4404/5205: 000923.SZ OK
[22:23:22] [5分钟] 第 4405/5205 只: 002585.SZ
[22:23:22] [5分钟] 4405/5205: 002585.SZ OK
[22:23:22] [5分钟] 第 4406/5205 只: 002840.SZ
[22:23:22] [5分钟] 4406/5205: 002840.SZ OK
[22:23:22] [5分钟] 第 4407/5205 只: 001266.SZ
[22:23:22] [5分钟] 4407/5205: 001266.SZ OK
[22:23:22] [5分钟] 第 4408/5205 只: 000957.SZ
[22:23:22] [5分钟] 4408/5205: 000957.SZ OK
[22:23:22] [5分钟] 第 4409/5205 只: 300341.SZ
[22:23:22] [5分钟] 4409/5205: 300341.SZ OK
[22:23:22] [5分钟] 第 4410/5205 只: 000061.SZ
[22:23:22] [5分钟] 4410/5205: 000061.SZ OK
[22:23:22] [5分钟] 第 4411/5205 只: 002176.SZ
[22:23:22] [5分钟] 4411/5205: 002176.SZ OK
[22:23:22] [5分钟] 第 4412/5205 只: 300335.SZ
[22:23:22] [5分钟] 4412/5205: 300335.SZ OK
[22:23:22] [5分钟] 第 4413/5205 只: 002102.SZ
[22:23:22] [5分钟] 4413/5205: 002102.SZ OK
[22:23:22] [5分钟] 第 4414/5205 只: 002519.SZ
[22:23:22] [5分钟] 4414/5205: 002519.SZ OK
[22:23:22] [5分钟] 第 4415/5205 只: 002074.SZ
[22:23:22] [5分钟] 4415/5205: 002074.SZ OK
[22:23:22] [5分钟] 第 4416/5205 只: 300243.SZ
[22:23:22] [5分钟] 4416/5205: 300243.SZ OK
[22:23:22] [5分钟] 第 4417/5205 只: 300658.SZ
[22:23:22] [5分钟] 4417/5205: 300658.SZ OK
[22:23:22] [5分钟] 第 4418/5205 只: 300237.SZ
[22:23:22] [5分钟] 4418/5205: 300237.SZ OK
[22:23:22] [5分钟] 第 4419/5205 只: 000821.SZ
[22:23:22] [5分钟] 4419/5205: 000821.SZ OK
[22:23:22] [5分钟] 第 4420/5205 只: 002487.SZ
[22:23:22] [5分钟] 4420/5205: 002487.SZ OK
[22:23:22] [5分钟] 第 4421/5205 只: 301030.SZ
[22:23:22] [5分钟] 4421/5205: 301030.SZ OK
[22:23:22] [5分钟] 第 4422/5205 只: 002936.SZ
[22:23:22] [5分钟] 4422/5205: 002936.SZ OK
[22:23:22] [5分钟] 第 4423/5205 只: 000590.SZ
[22:23:22] [5分钟] 4423/5205: 000590.SZ OK
[22:23:22] [5分钟] 第 4424/5205 只: 002942.SZ
[22:23:22] [5分钟] 4424/5205: 002942.SZ OK
[22:23:22] [5分钟] 第 4425/5205 只: 300352.SZ
[22:23:22] [5分钟] 4425/5205: 300352.SZ OK
[22:23:22] [5分钟] 第 4426/5205 只: 300749.SZ
[22:23:22] [5分钟] 4426/5205: 300749.SZ OK
[22:23:22] [5分钟] 第 4427/5205 只: 002165.SZ
[22:23:22] [5分钟] 4427/5205: 002165.SZ OK
[22:23:22] [5分钟] 第 4428/5205 只: 300326.SZ
[22:23:22] [5分钟] 4428/5205: 300326.SZ OK
[22:23:22] [5分钟] 第 4429/5205 只: 000006.SZ
[22:23:22] [5分钟] 4429/5205: 000006.SZ OK
[22:23:22] [5分钟] 第 4430/5205 只: 002111.SZ
[22:23:22] [5分钟] 4430/5205: 002111.SZ OK
[22:23:22] [5分钟] 第 4431/5205 只: 002827.SZ
[22:23:22] [5分钟] 4431/5205: 002827.SZ OK
[22:23:22] [5分钟] 第 4432/5205 只: 301121.SZ
[22:23:22] [5分钟] 4432/5205: 301121.SZ OK
[22:23:22] [5分钟] 第 4433/5205 只: 001201.SZ
[22:23:22] [5分钟] 4433/5205: 001201.SZ OK
[22:23:22] [5分钟] 第 4434/5205 只: 000930.SZ
[22:23:22] [5分钟] 4434/5205: 000930.SZ OK
[22:23:22] [5分钟] 第 4435/5205 只: 002596.SZ
[22:23:22] [5分钟] 4435/5205: 002596.SZ OK
[22:23:22] [5分钟] 第 4436/5205 只: 301155.SZ
[22:23:22] [5分钟] 4436/5205: 301155.SZ OK
[22:23:22] [5分钟] 第 4437/5205 只: 002853.SZ
[22:23:22] [5分钟] 4437/5205: 002853.SZ OK
[22:23:22] [5分钟] 第 4438/5205 只: 002494.SZ
[22:23:22] [5分钟] 4438/5205: 002494.SZ OK
[22:23:22] [5分钟] 第 4439/5205 只: 301023.SZ
[22:23:22] [5分钟] 4439/5205: 301023.SZ OK
[22:23:22] [5分钟] 第 4440/5205 只: 002925.SZ
[22:23:22] [5分钟] 4440/5205: 002925.SZ OK
[22:23:22] [5分钟] 第 4441/5205 只: 002951.SZ
[22:23:22] [5分钟] 4441/5205: 002951.SZ OK
[22:23:22] [5分钟] 第 4442/5205 只: 301057.SZ
[22:23:22] [5分钟] 4442/5205: 301057.SZ OK
[22:23:22] [5分钟] 第 4443/5205 只: 002067.SZ
[22:23:22] [5分钟] 4443/5205: 002067.SZ OK
[22:23:22] [5分钟] 第 4444/5205 只: 300250.SZ
[22:23:22] [5分钟] 4444/5205: 300250.SZ OK
[22:23:22] [5分钟] 第 4445/5205 只: 002408.SZ
[22:23:22] [5分钟] 4445/5205: 002408.SZ OK
[22:23:22] [5分钟] 第 4446/5205 只: 300224.SZ
[22:23:22] [5分钟] 4446/5205: 300224.SZ OK
[22:23:22] [5分钟] 第 4447/5205 只: 300962.SZ
[22:23:22] [5分钟] 4447/5205: 300962.SZ OK
[22:23:22] [5分钟] 第 4448/5205 只: 300916.SZ
[22:23:22] [5分钟] 4448/5205: 300916.SZ OK
[22:23:22] [5分钟] 第 4449/5205 只: 003010.SZ
[22:23:22] [5分钟] 4449/5205: 003010.SZ OK
[22:23:22] [5分钟] 第 4450/5205 只: 002690.SZ
[22:23:22] [5分钟] 4450/5205: 002690.SZ OK
[22:23:22] [5分钟 4450/5205] 成功4450，失败0，当前 002690.SZ
[22:23:22] [5分钟] 第 4451/5205 只: 301227.SZ
[22:23:22] [5分钟] 4451/5205: 301227.SZ OK
[22:23:22] [5分钟] 第 4452/5205 只: 002217.SZ
[22:23:22] [5分钟] 4452/5205: 002217.SZ OK
[22:23:22] [5分钟] 第 4453/5205 只: 300020.SZ
[22:23:22] [5分钟] 4453/5205: 300020.SZ OK
[22:23:22] [5分钟] 第 4454/5205 只: 002678.SZ
[22:23:22] [5分钟] 4454/5205: 002678.SZ OK
[22:23:22] [5分钟] 第 4455/5205 只: 002263.SZ
[22:23:22] [5分钟] 4455/5205: 002263.SZ OK
[22:23:22] [5分钟] 第 4456/5205 只: 300054.SZ
[22:23:22] [5分钟] 4456/5205: 300054.SZ OK
[22:23:22] [5分钟] 第 4457/5205 只: 300539.SZ
[22:23:22] [5分钟] 4457/5205: 300539.SZ OK
[22:23:22] [5分钟] 第 4458/5205 只: 300122.SZ
[22:23:22] [5分钟] 4458/5205: 300122.SZ OK
[22:23:22] [5分钟] 第 4459/5205 只: 000619.SZ
[22:23:22] [5分钟] 4459/5205: 000619.SZ OK
[22:23:22] [5分钟] 第 4460/5205 只: 002315.SZ
[22:23:22] [5分钟] 4460/5205: 002315.SZ OK
[22:23:22] [5分钟] 第 4461/5205 只: 300888.SZ
[22:23:22] [5分钟] 4461/5205: 300888.SZ OK
[22:23:22] [5分钟] 第 4462/5205 只: 002361.SZ
[22:23:22] [5分钟] 4462/5205: 002361.SZ OK
[22:23:22] [5分钟] 第 4463/5205 只: 300860.SZ
[22:23:22] [5分钟] 4463/5205: 300860.SZ OK
[22:23:22] [5分钟] 第 4464/5205 只: 301325.SZ
[22:23:22] [5分钟] 4464/5205: 301325.SZ OK
[22:23:22] [5分钟] 第 4465/5205 只: 000685.SZ
[22:23:22] [5分钟] 4465/5205: 000685.SZ OK
[22:23:22] [5分钟] 第 4466/5205 只: 300814.SZ
[22:23:22] [5分钟] 4466/5205: 300814.SZ OK
[22:23:22] [5分钟] 第 4467/5205 只: 002389.SZ
[22:23:22] [5分钟] 4467/5205: 002389.SZ OK
[22:23:22] [5分钟] 第 4468/5205 只: 002792.SZ
[22:23:22] [5分钟] 4468/5205: 002792.SZ OK
[22:23:22] [5分钟] 第 4469/5205 只: 000014.SZ
[22:23:22] [5分钟] 4469/5205: 000014.SZ OK
[22:23:22] [5分钟] 第 4470/5205 只: 300334.SZ
[22:23:22] [5分钟] 4470/5205: 300334.SZ OK
[22:23:22] [5分钟] 第 4471/5205 只: 002518.SZ
[22:23:22] [5分钟] 4471/5205: 002518.SZ OK
[22:23:22] [5分钟] 第 4472/5205 只: 002103.SZ
[22:23:22] [5分钟] 4472/5205: 002103.SZ OK
[22:23:22] [5分钟] 第 4473/5205 只: 000060.SZ
[22:23:22] [5分钟] 4473/5205: 000060.SZ OK
[22:23:22] [5分钟] 第 4474/5205 只: 300340.SZ
[22:23:22] [5分钟] 4474/5205: 300340.SZ OK
[22:23:22] [5分钟] 第 4475/5205 只: 002177.SZ
[22:23:22] [5分钟] 4475/5205: 002177.SZ OK
[22:23:22] [5分钟] 第 4476/5205 只: 001267.SZ
[22:23:22] [5分钟] 4476/5205: 001267.SZ OK
[22:23:22] [5分钟] 第 4477/5205 只: 002841.SZ
[22:23:22] [5分钟] 4477/5205: 002841.SZ OK
[22:23:22] [5分钟] 第 4478/5205 只: 001213.SZ
[22:23:22] [5分钟] 4478/5205: 001213.SZ OK
[22:23:22] [5分钟] 第 4479/5205 只: 301528.SZ
[22:23:22] [5分钟] 4479/5205: 301528.SZ OK
[22:23:22] [5分钟] 第 4480/5205 只: 002835.SZ
[22:23:22] [5分钟] 4480/5205: 002835.SZ OK
[22:23:22] [5分钟] 第 4481/5205 只: 301133.SZ
[22:23:22] [5分钟] 4481/5205: 301133.SZ OK
[22:23:22] [5分钟] 第 4482/5205 只: 000088.SZ
[22:23:22] [5分钟] 4482/5205: 000088.SZ OK
[22:23:22] [5分钟] 第 4483/5205 只: 002584.SZ
[22:23:22] [5分钟] 4483/5205: 002584.SZ OK
[22:23:22] [5分钟] 第 4484/5205 只: 000922.SZ
[22:23:22] [5分钟] 4484/5205: 000922.SZ OK
[22:23:22] [5分钟] 第 4485/5205 只: 001365.SZ
[22:23:22] [5分钟] 4485/5205: 001365.SZ OK
[22:23:22] [5分钟] 第 4486/5205 只: 002943.SZ
[22:23:22] [5分钟] 4486/5205: 002943.SZ OK
[22:23:22] [5分钟] 第 4487/5205 只: 301045.SZ
[22:23:22] [5分钟] 4487/5205: 301045.SZ OK
[22:23:22] [5分钟] 第 4488/5205 只: 002486.SZ
[22:23:22] [5分钟] 4488/5205: 002486.SZ OK
[22:23:22] [5分钟] 第 4489/5205 只: 000820.SZ
[22:23:22] [5分钟] 4489/5205: 000820.SZ OK
[22:23:22] [5分钟] 第 4490/5205 只: 001311.SZ
[22:23:22] [5分钟] 4490/5205: 001311.SZ OK
[22:23:22] [5分钟] 第 4491/5205 只: 000591.SZ
[22:23:22] [5分钟] 4491/5205: 000591.SZ OK
[22:23:22] [5分钟] 第 4492/5205 只: 301031.SZ
[22:23:22] [5分钟] 4492/5205: 301031.SZ OK
[22:23:22] [5分钟] 第 4493/5205 只: 002937.SZ
[22:23:22] [5分钟] 4493/5205: 002937.SZ OK
[22:23:22] [5分钟] 第 4494/5205 只: 002001.SZ
[22:23:22] [5分钟] 4494/5205: 002001.SZ OK
[22:23:22] [5分钟] 第 4495/5205 只: 300236.SZ
[22:23:22] [5分钟] 4495/5205: 300236.SZ OK
[22:23:22] [5分钟] 第 4496/5205 只: 002075.SZ
[22:23:22] [5分钟] 4496/5205: 002075.SZ OK
[22:23:22] [5分钟] 第 4497/5205 只: 300659.SZ
[22:23:22] [5分钟] 4497/5205: 300659.SZ OK
[22:23:22] [5分钟] 第 4498/5205 只: 300242.SZ
[22:23:22] [5分钟] 4498/5205: 300242.SZ OK
[22:23:22] [5分钟] 第 4499/5205 只: 002682.SZ
[22:23:22] [5分钟] 4499/5205: 002682.SZ OK
[22:23:22] [5分钟] 第 4500/5205 只: 002299.SZ
[22:23:22] [5分钟] 4500/5205: 002299.SZ OK
[22:23:22] [5分钟 4500/5205] 成功4500，失败0，当前 002299.SZ
[22:23:22] [5分钟] 第 4501/5205 只: 300904.SZ
[22:23:22] [5分钟] 4501/5205: 300904.SZ OK
[22:23:22] [5分钟] 第 4502/5205 只: 003002.SZ
[22:23:22] [5分钟] 4502/5205: 003002.SZ OK
[22:23:22] [5分钟] 第 4503/5205 只: 000795.SZ
[22:23:22] [5分钟] 4503/5205: 000795.SZ OK
[22:23:22] [5分钟] 第 4504/5205 只: 301235.SZ
[22:23:22] [5分钟] 4504/5205: 301235.SZ OK
[22:23:22] [5分钟] 第 4505/5205 只: 300970.SZ
[22:23:22] [5分钟] 4505/5205: 300970.SZ OK
[22:23:22] [5分钟] 第 4506/5205 只: 002271.SZ
[22:23:22] [5分钟] 4506/5205: 002271.SZ OK
[22:23:22] [5分钟] 第 4507/5205 只: 300046.SZ
[22:23:22] [5分钟] 4507/5205: 300046.SZ OK
[22:23:22] [5分钟] 第 4508/5205 只: 300998.SZ
[22:23:22] [5分钟] 4508/5205: 300998.SZ OK
[22:23:22] [5分钟] 第 4509/5205 只: 002205.SZ
[22:23:22] [5分钟] 4509/5205: 002205.SZ OK
[22:23:22] [5分钟] 第 4510/5205 只: 000709.SZ
[22:23:22] [5分钟] 4510/5205: 000709.SZ OK
[22:23:22] [5分钟] 第 4511/5205 只: 300032.SZ
[22:23:22] [5分钟] 4511/5205: 300032.SZ OK
[22:23:22] [5分钟] 第 4512/5205 只: 300429.SZ
[22:23:22] [5分钟] 4512/5205: 300429.SZ OK
[22:23:22] [5分钟] 第 4513/5205 只: 300144.SZ
[22:23:22] [5分钟] 4513/5205: 300144.SZ OK
[22:23:22] [5分钟] 第 4514/5205 只: 002373.SZ
[22:23:22] [5分钟] 4514/5205: 002373.SZ OK
[22:23:22] [5分钟] 第 4515/5205 只: 002768.SZ
[22:23:22] [5分钟] 4515/5205: 002768.SZ OK
[22:23:22] [5分钟] 第 4516/5205 只: 300130.SZ
[22:23:22] [5分钟] 4516/5205: 300130.SZ OK
[22:23:22] [5分钟] 第 4517/5205 只: 002307.SZ
[22:23:22] [5分钟] 4517/5205: 002307.SZ OK
[22:23:22] [5分钟] 第 4518/5205 只: 000697.SZ
[22:23:22] [5分钟] 4518/5205: 000697.SZ OK
[22:23:22] [5分钟] 第 4519/5205 只: 301337.SZ
[22:23:22] [5分钟] 4519/5205: 301337.SZ OK
[22:23:22] [5分钟] 第 4520/5205 只: 002780.SZ
[22:23:22] [5分钟] 4520/5205: 002780.SZ OK
[22:23:22] [5分钟] 第 4521/5205 只: 300806.SZ
[22:23:22] [5分钟] 4521/5205: 300806.SZ OK
[22:23:22] [5分钟] 第 4522/5205 只: 300872.SZ
[22:23:22] [5分钟] 4522/5205: 300872.SZ OK
[22:23:22] [5分钟] 第 4523/5205 只: 002262.SZ
[22:23:22] [5分钟] 4523/5205: 002262.SZ OK
[22:23:22] [5分钟] 第 4524/5205 只: 002679.SZ
[22:23:22] [5分钟] 4524/5205: 002679.SZ OK
[22:23:22] [5分钟] 第 4525/5205 只: 300055.SZ
[22:23:22] [5分钟] 4525/5205: 300055.SZ OK
[22:23:22] [5分钟] 第 4526/5205 只: 002216.SZ
[22:23:22] [5分钟] 4526/5205: 002216.SZ OK
[22:23:22] [5分钟] 第 4527/5205 只: 000301.SZ
[22:23:22] [5分钟] 4527/5205: 000301.SZ OK
[22:23:22] [5分钟] 第 4528/5205 只: 300021.SZ
[22:23:22] [5分钟] 4528/5205: 300021.SZ OK
[22:23:22] [5分钟] 第 4529/5205 只: 002691.SZ
[22:23:22] [5分钟] 4529/5205: 002691.SZ OK
[22:23:22] [5分钟] 第 4530/5205 只: 300917.SZ
[22:23:22] [5分钟] 4530/5205: 300917.SZ OK
[22:23:22] [5分钟] 第 4531/5205 只: 003011.SZ
[22:23:22] [5分钟] 4531/5205: 003011.SZ OK
[22:23:22] [5分钟] 第 4532/5205 只: 000786.SZ
[22:23:22] [5分钟] 4532/5205: 000786.SZ OK
[22:23:22] [5分钟] 第 4533/5205 只: 301226.SZ
[22:23:22] [5分钟] 4533/5205: 301226.SZ OK
[22:23:22] [5分钟] 第 4534/5205 只: 300963.SZ
[22:23:22] [5分钟] 4534/5205: 300963.SZ OK
[22:23:22] [5分钟] 第 4535/5205 只: 301252.SZ
[22:23:22] [5分钟] 4535/5205: 301252.SZ OK
[22:23:22] [5分钟] 第 4536/5205 只: 002793.SZ
[22:23:22] [5分钟] 4536/5205: 002793.SZ OK
[22:23:22] [5分钟] 第 4537/5205 只: 002388.SZ
[22:23:22] [5分钟] 4537/5205: 002388.SZ OK
[22:23:22] [5分钟] 第 4538/5205 只: 300815.SZ
[22:23:22] [5分钟] 4538/5205: 300815.SZ OK
[22:23:22] [5分钟] 第 4539/5205 只: 300861.SZ
[22:23:22] [5分钟] 4539/5205: 300861.SZ OK
[22:23:22] [5分钟] 第 4540/5205 只: 300157.SZ
[22:23:22] [5分钟] 4540/5205: 300157.SZ OK
[22:23:22] [5分钟] 第 4541/5205 只: 002360.SZ
[22:23:22] [5分钟] 4541/5205: 002360.SZ OK
[22:23:22] [5分钟] 第 4542/5205 只: 300123.SZ
[22:23:22] [5分钟] 4542/5205: 300123.SZ OK
[22:23:22] [5分钟] 第 4543/5205 只: 300538.SZ
[22:23:22] [5分钟] 4543/5205: 300538.SZ OK
[22:23:22] [5分钟] 第 4544/5205 只: 300889.SZ
[22:23:22] [5分钟] 4544/5205: 300889.SZ OK
[22:23:22] [5分钟] 第 4545/5205 只: 002314.SZ
[22:23:22] [5分钟] 4545/5205: 002314.SZ OK
[22:23:22] [5分钟] 第 4546/5205 只: 002852.SZ
[22:23:22] [5分钟] 4546/5205: 002852.SZ OK
[22:23:22] [5分钟] 第 4547/5205 只: 002826.SZ
[22:23:22] [5分钟] 4547/5205: 002826.SZ OK
[22:23:22] [5分钟] 第 4548/5205 只: 301120.SZ
[22:23:22] [5分钟] 4548/5205: 301120.SZ OK
[22:23:22] [5分钟] 第 4549/5205 只: 002597.SZ
[22:23:22] [5分钟] 4549/5205: 002597.SZ OK
[22:23:22] [5分钟] 第 4550/5205 只: 000931.SZ
[22:23:22] [5分钟] 4550/5205: 000931.SZ OK
[22:23:22] [5分钟 4550/5205] 成功4550，失败0，当前 000931.SZ
[22:23:22] [5分钟] 第 4551/5205 只: 000007.SZ
[22:23:22] [5分钟] 4551/5205: 000007.SZ OK
[22:23:22] [5分钟] 第 4552/5205 只: 300327.SZ
[22:23:22] [5分钟] 4552/5205: 300327.SZ OK
[22:23:22] [5分钟] 第 4553/5205 只: 002110.SZ
[22:23:22] [5分钟] 4553/5205: 002110.SZ OK
[22:23:22] [5分钟] 第 4554/5205 只: 300748.SZ
[22:23:22] [5分钟] 4554/5205: 300748.SZ OK
[22:23:22] [5分钟] 第 4555/5205 只: 300353.SZ
[22:23:22] [5分钟] 4555/5205: 300353.SZ OK
[22:23:22] [5分钟] 第 4556/5205 只: 002164.SZ
[22:23:22] [5分钟] 4556/5205: 002164.SZ OK
[22:23:22] [5分钟] 第 4557/5205 只: 002409.SZ
[22:23:22] [5分钟] 4557/5205: 002409.SZ OK
[22:23:22] [5分钟] 第 4558/5205 只: 002012.SZ
[22:23:22] [5分钟] 4558/5205: 002012.SZ OK
[22:23:22] [5分钟] 第 4559/5205 只: 300225.SZ
[22:23:22] [5分钟] 4559/5205: 300225.SZ OK
[22:23:22] [5分钟] 第 4560/5205 只: 002066.SZ
[22:23:22] [5分钟] 4560/5205: 002066.SZ OK
[22:23:22] [5分钟] 第 4561/5205 只: 300251.SZ
[22:23:22] [5分钟] 4561/5205: 300251.SZ OK
[22:23:22] [5分钟] 第 4562/5205 只: 001376.SZ
[22:23:22] [5分钟] 4562/5205: 001376.SZ OK
[22:23:22] [5分钟] 第 4563/5205 只: 002950.SZ
[22:23:22] [5分钟] 4563/5205: 002950.SZ OK
[22:23:22] [5分钟] 第 4564/5205 只: 301056.SZ
[22:23:22] [5分钟] 4564/5205: 301056.SZ OK
[22:23:22] [5分钟] 第 4565/5205 只: 002495.SZ
[22:23:22] [5分钟] 4565/5205: 002495.SZ OK
[22:23:22] [5分钟] 第 4566/5205 只: 000833.SZ
[22:23:22] [5分钟] 4566/5205: 000833.SZ OK
[22:23:22] [5分钟] 第 4567/5205 只: 301439.SZ
[22:23:22] [5分钟] 4567/5205: 301439.SZ OK
[22:23:22] [5分钟] 第 4568/5205 只: 000582.SZ
[22:23:22] [5分钟] 4568/5205: 000582.SZ OK
[22:23:22] [5分钟] 第 4569/5205 只: 301022.SZ
[22:23:22] [5分钟] 4569/5205: 301022.SZ OK
[22:23:22] [5分钟] 第 4570/5205 只: 300199.SZ
[22:23:22] [5分钟] 4570/5205: 300199.SZ OK
[22:23:22] [5分钟] 第 4571/5205 只: 300582.SZ
[22:23:22] [5分钟] 4571/5205: 300582.SZ OK
[22:23:22] [5分钟] 第 4572/5205 只: 301302.SZ
[22:23:22] [5分钟] 4572/5205: 301302.SZ OK
[22:23:22] [5分钟] 第 4573/5205 只: 300833.SZ
[22:23:22] [5分钟] 4573/5205: 300833.SZ OK
[22:23:22] [5分钟] 第 4574/5205 只: 301376.SZ
[22:23:22] [5分钟] 4574/5205: 301376.SZ OK
[22:23:22] [5分钟] 第 4575/5205 只: 300847.SZ
[22:23:22] [5分钟] 4575/5205: 300847.SZ OK
[22:23:22] [5分钟] 第 4576/5205 只: 300171.SZ
[22:23:22] [5分钟] 4576/5205: 300171.SZ OK
[22:23:22] [5分钟] 第 4577/5205 只: 002346.SZ
[22:23:22] [5分钟] 4577/5205: 002346.SZ OK
[22:23:22] [5分钟] 第 4578/5205 只: 300105.SZ
[22:23:22] [5分钟] 4578/5205: 300105.SZ OK
[22:23:22] [5分钟] 第 4579/5205 只: 001914.SZ
[22:23:22] [5分钟] 4579/5205: 001914.SZ OK
[22:23:22] [5分钟] 第 4580/5205 只: 002729.SZ
[22:23:22] [5分钟] 4580/5205: 002729.SZ OK
[22:23:22] [5分钟] 第 4581/5205 只: 002332.SZ
[22:23:22] [5分钟] 4581/5205: 002332.SZ OK
[22:23:22] [5分钟] 第 4582/5205 只: 002244.SZ
[22:23:22] [5分钟] 4582/5205: 002244.SZ OK
[22:23:22] [5分钟] 第 4583/5205 只: 300468.SZ
[22:23:22] [5分钟] 4583/5205: 300468.SZ OK
[22:23:22] [5分钟] 第 4584/5205 只: 300073.SZ
[22:23:22] [5分钟] 4584/5205: 300073.SZ OK
[22:23:22] [5分钟] 第 4585/5205 只: 002230.SZ
[22:23:22] [5分钟] 4585/5205: 002230.SZ OK
[22:23:22] [5分钟] 第 4586/5205 只: 301687.SZ
[22:23:22] [5分钟] 4586/5205: 301687.SZ OK
[22:23:22] [5分钟] 第 4587/5205 只: 300007.SZ
[22:23:22] [5分钟] 4587/5205: 300007.SZ OK
[22:23:22] [5分钟] 第 4588/5205 只: 003037.SZ
[22:23:22] [5分钟] 4588/5205: 003037.SZ OK
[22:23:22] [5分钟] 第 4589/5205 只: 300931.SZ
[22:23:22] [5分钟] 4589/5205: 300931.SZ OK
[22:23:22] [5分钟] 第 4590/5205 只: 300480.SZ
[22:23:22] [5分钟] 4590/5205: 300480.SZ OK
[22:23:22] [5分钟] 第 4591/5205 只: 301200.SZ
[22:23:22] [5分钟] 4591/5205: 301200.SZ OK
[22:23:22] [5分钟] 第 4592/5205 只: 300945.SZ
[22:23:22] [5分钟] 4592/5205: 300945.SZ OK
[22:23:22] [5分钟] 第 4593/5205 只: 003043.SZ
[22:23:22] [5分钟] 4593/5205: 003043.SZ OK
[22:23:22] [5分钟] 第 4594/5205 只: 000889.SZ
[22:23:22] [5分钟] 4594/5205: 000889.SZ OK
[22:23:22] [5分钟] 第 4595/5205 只: 002034.SZ
[22:23:22] [5分钟] 4595/5205: 002034.SZ OK
[22:23:22] [5分钟] 第 4596/5205 只: 000538.SZ
[22:23:22] [5分钟] 4596/5205: 000538.SZ OK
[22:23:22] [5分钟] 第 4597/5205 只: 301098.SZ
[22:23:22] [5分钟] 4597/5205: 301098.SZ OK
[22:23:22] [5分钟] 第 4598/5205 只: 300203.SZ
[22:23:22] [5分钟] 4598/5205: 300203.SZ OK
[22:23:22] [5分钟] 第 4599/5205 只: 300618.SZ
[22:23:22] [5分钟] 4599/5205: 300618.SZ OK
[22:23:22] [5分钟] 第 4600/5205 只: 002040.SZ
[22:23:22] [5分钟] 4600/5205: 002040.SZ OK
[22:23:22] [5分钟 4600/5205] 成功4600，失败0，当前 002040.SZ
[22:23:22] [5分钟] 第 4601/5205 只: 000157.SZ
[22:23:22] [5分钟] 4601/5205: 000157.SZ OK
[22:23:22] [5分钟] 第 4602/5205 只: 300277.SZ
[22:23:22] [5分钟] 4602/5205: 300277.SZ OK
[22:23:22] [5分钟] 第 4603/5205 只: 301070.SZ
[22:23:22] [5分钟] 4603/5205: 301070.SZ OK
[22:23:22] [5分钟] 第 4604/5205 只: 002976.SZ
[22:23:22] [5分钟] 4604/5205: 002976.SZ OK
[22:23:22] [5分钟] 第 4605/5205 只: 000815.SZ
[22:23:22] [5分钟] 4605/5205: 000815.SZ OK
[22:23:22] [5分钟] 第 4606/5205 只: 001324.SZ
[22:23:22] [5分钟] 4606/5205: 001324.SZ OK
[22:23:22] [5分钟] 第 4607/5205 只: 300684.SZ
[22:23:22] [5分钟] 4607/5205: 300684.SZ OK
[22:23:22] [5分钟] 第 4608/5205 只: 002902.SZ
[22:23:22] [5分钟] 4608/5205: 002902.SZ OK
[22:23:22] [5分钟] 第 4609/5205 只: 301004.SZ
[22:23:22] [5分钟] 4609/5205: 301004.SZ OK
[22:23:22] [5分钟] 第 4610/5205 只: 301172.SZ
[22:23:22] [5分钟] 4610/5205: 301172.SZ OK
[22:23:22] [5分钟] 第 4611/5205 只: 000963.SZ
[22:23:22] [5分钟] 4611/5205: 000963.SZ OK
[22:23:22] [5分钟] 第 4612/5205 只: 001226.SZ
[22:23:22] [5分钟] 4612/5205: 001226.SZ OK
[22:23:22] [5分钟] 第 4613/5205 只: 300786.SZ
[22:23:22] [5分钟] 4613/5205: 300786.SZ OK
[22:23:22] [5分钟] 第 4614/5205 只: 301106.SZ
[22:23:22] [5分钟] 4614/5205: 301106.SZ OK
[22:23:22] [5分钟] 第 4615/5205 只: 002800.SZ
[22:23:22] [5分钟] 4615/5205: 002800.SZ OK
[22:23:22] [5分钟] 第 4616/5205 只: 000917.SZ
[22:23:22] [5分钟] 4616/5205: 000917.SZ OK
[22:23:22] [5分钟] 第 4617/5205 只: 301581.SZ
[22:23:22] [5分钟] 4617/5205: 301581.SZ OK
[22:23:22] [5分钟] 第 4618/5205 只: 000021.SZ
[22:23:22] [5分钟] 4618/5205: 000021.SZ OK
[22:23:22] [5分钟] 第 4619/5205 只: 300301.SZ
[22:23:22] [5分钟] 4619/5205: 300301.SZ OK
[22:23:22] [5分钟] 第 4620/5205 只: 002136.SZ
[22:23:22] [5分钟] 4620/5205: 002136.SZ OK
[22:23:22] [5分钟] 第 4621/5205 只: 000055.SZ
[22:23:22] [5分钟] 4621/5205: 000055.SZ OK
[22:23:22] [5分钟] 第 4622/5205 只: 300375.SZ
[22:23:22] [5分钟] 4622/5205: 300375.SZ OK
[22:23:22] [5分钟] 第 4623/5205 只: 002142.SZ
[22:23:22] [5分钟] 4623/5205: 002142.SZ OK
[22:23:22] [5分钟] 第 4624/5205 只: 002559.SZ
[22:23:22] [5分钟] 4624/5205: 002559.SZ OK
[22:23:22] [5分钟] 第 4625/5205 只: 301063.SZ
[22:23:22] [5分钟] 4625/5205: 301063.SZ OK
[22:23:22] [5分钟] 第 4626/5205 只: 002965.SZ
[22:23:22] [5分钟] 4626/5205: 002965.SZ OK
[22:23:22] [5分钟] 第 4627/5205 只: 001337.SZ
[22:23:22] [5分钟] 4627/5205: 001337.SZ OK
[22:23:22] [5分钟] 第 4628/5205 只: 300697.SZ
[22:23:22] [5分钟] 4628/5205: 300697.SZ OK
[22:23:22] [5分钟] 第 4629/5205 只: 002911.SZ
[22:23:22] [5分钟] 4629/5205: 002911.SZ OK
[22:23:22] [5分钟] 第 4630/5205 只: 301017.SZ
[22:23:22] [5分钟] 4630/5205: 301017.SZ OK
[22:23:22] [5分钟] 第 4631/5205 只: 002027.SZ
[22:23:22] [5分钟] 4631/5205: 002027.SZ OK
[22:23:22] [5分钟] 第 4632/5205 只: 300210.SZ
[22:23:22] [5分钟] 4632/5205: 300210.SZ OK
[22:23:22] [5分钟] 第 4633/5205 只: 002053.SZ
[22:23:22] [5分钟] 4633/5205: 002053.SZ OK
[22:23:22] [5分钟] 第 4634/5205 只: 002448.SZ
[22:23:22] [5分钟] 4634/5205: 002448.SZ OK
[22:23:22] [5分钟] 第 4635/5205 只: 300264.SZ
[22:23:22] [5分钟] 4635/5205: 300264.SZ OK
[22:23:22] [5分钟] 第 4636/5205 只: 301592.SZ
[22:23:22] [5分钟] 4636/5205: 301592.SZ OK
[22:23:22] [5分钟] 第 4637/5205 只: 000429.SZ
[22:23:22] [5分钟] 4637/5205: 000429.SZ OK
[22:23:22] [5分钟] 第 4638/5205 只: 301189.SZ
[22:23:22] [5分钟] 4638/5205: 301189.SZ OK
[22:23:22] [5分钟] 第 4639/5205 只: 000032.SZ
[22:23:22] [5分钟] 4639/5205: 000032.SZ OK
[22:23:22] [5分钟] 第 4640/5205 只: 300709.SZ
[22:23:22] [5分钟] 4640/5205: 300709.SZ OK
[22:23:22] [5分钟] 第 4641/5205 只: 000998.SZ
[22:23:22] [5分钟] 4641/5205: 000998.SZ OK
[22:23:22] [5分钟] 第 4642/5205 只: 002125.SZ
[22:23:22] [5分钟] 4642/5205: 002125.SZ OK
[22:23:22] [5分钟] 第 4643/5205 只: 300366.SZ
[22:23:22] [5分钟] 4643/5205: 300366.SZ OK
[22:23:22] [5分钟] 第 4644/5205 只: 002151.SZ
[22:23:22] [5分钟] 4644/5205: 002151.SZ OK
[22:23:22] [5分钟] 第 4645/5205 只: 002867.SZ
[22:23:22] [5分钟] 4645/5205: 002867.SZ OK
[22:23:22] [5分钟] 第 4646/5205 只: 301161.SZ
[22:23:22] [5分钟] 4646/5205: 301161.SZ OK
[22:23:22] [5分钟] 第 4647/5205 只: 000970.SZ
[22:23:22] [5分钟] 4647/5205: 000970.SZ OK
[22:23:22] [5分钟] 第 4648/5205 只: 300795.SZ
[22:23:22] [5分钟] 4648/5205: 300795.SZ OK
[22:23:22] [5分钟] 第 4649/5205 只: 301115.SZ
[22:23:22] [5分钟] 4649/5205: 301115.SZ OK
[22:23:22] [5分钟] 第 4650/5205 只: 002813.SZ
[22:23:22] [5分钟] 4650/5205: 002813.SZ OK
[22:23:22] [5分钟 4650/5205] 成功4650，失败0，当前 002813.SZ
[22:23:22] [5分钟] 第 4651/5205 只: 000659.SZ
[22:23:22] [5分钟] 4651/5205: 000659.SZ OK
[22:23:22] [5分钟] 第 4652/5205 只: 300579.SZ
[22:23:22] [5分钟] 4652/5205: 300579.SZ OK
[22:23:22] [5分钟] 第 4653/5205 只: 300162.SZ
[22:23:22] [5分钟] 4653/5205: 300162.SZ OK
[22:23:22] [5分钟] 第 4654/5205 只: 002355.SZ
[22:23:22] [5分钟] 4654/5205: 002355.SZ OK
[22:23:22] [5分钟] 第 4655/5205 只: 002321.SZ
[22:23:22] [5分钟] 4655/5205: 002321.SZ OK
[22:23:22] [5分钟] 第 4656/5205 只: 300591.SZ
[22:23:22] [5分钟] 4656/5205: 300591.SZ OK
[22:23:22] [5分钟] 第 4657/5205 只: 301311.SZ
[22:23:22] [5分钟] 4657/5205: 301311.SZ OK
[22:23:22] [5分钟] 第 4658/5205 只: 300820.SZ
[22:23:22] [5分钟] 4658/5205: 300820.SZ OK
[22:23:22] [5分钟] 第 4659/5205 只: 301365.SZ
[22:23:22] [5分钟] 4659/5205: 301365.SZ OK
[22:23:22] [5分钟] 第 4660/5205 只: 300854.SZ
[22:23:22] [5分钟] 4660/5205: 300854.SZ OK
[22:23:22] [5分钟] 第 4661/5205 只: 300922.SZ
[22:23:22] [5分钟] 4661/5205: 300922.SZ OK
[22:23:22] [5分钟] 第 4662/5205 只: 300088.SZ
[22:23:22] [5分钟] 4662/5205: 300088.SZ OK
[22:23:22] [5分钟] 第 4663/5205 只: 300493.SZ
[22:23:22] [5分钟] 4663/5205: 300493.SZ OK
[22:23:22] [5分钟] 第 4664/5205 只: 301608.SZ
[22:23:22] [5分钟] 4664/5205: 301608.SZ OK
[22:23:22] [5分钟] 第 4665/5205 只: 301213.SZ
[22:23:22] [5分钟] 4665/5205: 301213.SZ OK
[22:23:22] [5分钟] 第 4666/5205 只: 300956.SZ
[22:23:22] [5分钟] 4666/5205: 300956.SZ OK
[22:23:22] [5分钟] 第 4667/5205 只: 301267.SZ
[22:23:22] [5分钟] 4667/5205: 301267.SZ OK
[22:23:22] [5分钟] 第 4668/5205 只: 002638.SZ
[22:23:22] [5分钟] 4668/5205: 002638.SZ OK
[22:23:22] [5分钟] 第 4669/5205 只: 002223.SZ
[22:23:22] [5分钟] 4669/5205: 002223.SZ OK
[22:23:22] [5分钟] 第 4670/5205 只: 300014.SZ
[22:23:22] [5分钟] 4670/5205: 300014.SZ OK
[22:23:22] [5分钟] 第 4671/5205 只: 002463.SZ
[22:23:22] [5分钟] 4671/5205: 002463.SZ OK
[22:23:22] [5分钟] 第 4672/5205 只: 002078.SZ
[22:23:22] [5分钟] 4672/5205: 002078.SZ OK
[22:23:22] [5分钟] 第 4673/5205 只: 300654.SZ
[22:23:22] [5分钟] 4673/5205: 300654.SZ OK
[22:23:22] [5分钟] 第 4674/5205 只: 300620.SZ
[22:23:22] [5分钟] 4674/5205: 300620.SZ OK
[22:23:22] [5分钟] 第 4675/5205 只: 001380.SZ
[22:23:22] [5分钟] 4675/5205: 001380.SZ OK
[22:23:22] [5分钟] 第 4676/5205 只: 002090.SZ
[22:23:22] [5分钟] 4676/5205: 002090.SZ OK
[22:23:22] [5分钟] 第 4677/5205 只: 000859.SZ
[22:23:22] [5分钟] 4677/5205: 000859.SZ OK
[22:23:22] [5分钟] 第 4678/5205 只: 001368.SZ
[22:23:22] [5分钟] 4678/5205: 001368.SZ OK
[22:23:22] [5分钟] 第 4679/5205 只: 301048.SZ
[22:23:22] [5分钟] 4679/5205: 301048.SZ OK
[22:23:22] [5分钟] 第 4680/5205 只: 002838.SZ
[22:23:22] [5分钟] 4680/5205: 002838.SZ OK
[22:23:22] [5分钟] 第 4681/5205 只: 301525.SZ
[22:23:22] [5分钟] 4681/5205: 301525.SZ OK
[22:23:22] [5分钟] 第 4682/5205 只: 002192.SZ
[22:23:22] [5分钟] 4682/5205: 002192.SZ OK
[22:23:22] [5分钟] 第 4683/5205 只: 002589.SZ
[22:23:22] [5分钟] 4683/5205: 002589.SZ OK
[22:23:22] [5分钟] 第 4684/5205 只: 301551.SZ
[22:23:22] [5分钟] 4684/5205: 301551.SZ OK
[22:23:22] [5分钟] 第 4685/5205 只: 300756.SZ
[22:23:22] [5分钟] 4685/5205: 300756.SZ OK
[22:23:22] [5分钟] 第 4686/5205 只: 002561.SZ
[22:23:22] [5分钟] 4686/5205: 002561.SZ OK
[22:23:22] [5分钟] 第 4687/5205 只: 000019.SZ
[22:23:22] [5分钟] 4687/5205: 000019.SZ OK
[22:23:22] [5分钟] 第 4688/5205 只: 000402.SZ
[22:23:22] [5分钟] 4688/5205: 000402.SZ OK
[22:23:22] [5分钟] 第 4689/5205 只: 300722.SZ
[22:23:22] [5分钟] 4689/5205: 300722.SZ OK
[22:23:22] [5分钟] 第 4690/5205 只: 001282.SZ
[22:23:22] [5分钟] 4690/5205: 001282.SZ OK
[22:23:22] [5分钟] 第 4691/5205 只: 300339.SZ
[22:23:22] [5分钟] 4691/5205: 300339.SZ OK
[22:23:22] [5分钟] 第 4692/5205 只: 002515.SZ
[22:23:22] [5分钟] 4692/5205: 002515.SZ OK
[22:23:22] [5分钟] 第 4693/5205 只: 002396.SZ
[22:23:22] [5分钟] 4693/5205: 002396.SZ OK
[22:23:22] [5分钟] 第 4694/5205 只: 300897.SZ
[22:23:22] [5分钟] 4694/5205: 300897.SZ OK
[22:23:22] [5分钟] 第 4695/5205 只: 000672.SZ
[22:23:22] [5分钟] 4695/5205: 000672.SZ OK
[22:23:22] [5分钟] 第 4696/5205 只: 300149.SZ
[22:23:22] [5分钟] 4696/5205: 300149.SZ OK
[22:23:22] [5分钟] 第 4697/5205 只: 300552.SZ
[22:23:22] [5分钟] 4697/5205: 300552.SZ OK
[22:23:22] [5分钟] 第 4698/5205 只: 002765.SZ
[22:23:22] [5分钟] 4698/5205: 002765.SZ OK
[22:23:22] [5分钟] 第 4699/5205 只: 300995.SZ
[22:23:22] [5分钟] 4699/5205: 300995.SZ OK
[22:23:22] [5分钟] 第 4700/5205 只: 002208.SZ
[22:23:22] [5分钟] 4700/5205: 002208.SZ OK
[22:23:22] [5分钟 4700/5205] 成功4700，失败0，当前 002208.SZ
[22:23:22] [5分钟] 第 4701/5205 只: 002613.SZ
[22:23:22] [5分钟] 4701/5205: 002613.SZ OK
[22:23:22] [5分钟] 第 4702/5205 只: 300424.SZ
[22:23:22] [5分钟] 4702/5205: 300424.SZ OK
[22:23:22] [5分钟] 第 4703/5205 只: 002667.SZ
[22:23:22] [5分钟] 4703/5205: 002667.SZ OK
[22:23:22] [5分钟] 第 4704/5205 只: 300450.SZ
[22:23:22] [5分钟] 4704/5205: 300450.SZ OK
[22:23:22] [5分钟] 第 4705/5205 只: 002294.SZ
[22:23:22] [5分钟] 4705/5205: 002294.SZ OK
[22:23:22] [5分钟] 第 4706/5205 只: 300909.SZ
[22:23:22] [5分钟] 4706/5205: 300909.SZ OK
[22:23:22] [5分钟] 第 4707/5205 只: 301238.SZ
[22:23:22] [5分钟] 4707/5205: 301238.SZ OK
[22:23:22] [5分钟] 第 4708/5205 只: 000798.SZ
[22:23:22] [5分钟] 4708/5205: 000798.SZ OK
[22:23:22] [5分钟] 第 4709/5205 只: 000615.SZ
[22:23:22] [5分钟] 4709/5205: 000615.SZ OK
[22:23:22] [5分钟] 第 4710/5205 只: 300535.SZ
[22:23:22] [5分钟] 4710/5205: 300535.SZ OK
[22:23:22] [5分钟] 第 4711/5205 只: 300884.SZ
[22:23:22] [5分钟] 4711/5205: 300884.SZ OK
[22:23:22] [5分钟] 第 4712/5205 只: 002319.SZ
[22:23:22] [5分钟] 4712/5205: 002319.SZ OK
[22:23:22] [5分钟] 第 4713/5205 只: 002702.SZ
[22:23:22] [5分钟] 4713/5205: 002702.SZ OK
[22:23:22] [5分钟] 第 4714/5205 只: 000661.SZ
[22:23:22] [5分钟] 4714/5205: 000661.SZ OK
[22:23:22] [5分钟] 第 4715/5205 只: 300541.SZ
[22:23:22] [5分钟] 4715/5205: 300541.SZ OK
[22:23:22] [5分钟] 第 4716/5205 只: 301329.SZ
[22:23:22] [5分钟] 4716/5205: 301329.SZ OK
[22:23:22] [5分钟] 第 4717/5205 只: 002385.SZ
[22:23:22] [5分钟] 4717/5205: 002385.SZ OK
[22:23:22] [5分钟] 第 4718/5205 只: 300818.SZ
[22:23:22] [5分钟] 4718/5205: 300818.SZ OK
[22:23:22] [5分钟] 第 4719/5205 只: 002287.SZ
[22:23:22] [5分钟] 4719/5205: 002287.SZ OK
[22:23:22] [5分钟] 第 4720/5205 只: 301630.SZ
[22:23:22] [5分钟] 4720/5205: 301630.SZ OK
[22:23:22] [5分钟] 第 4721/5205 只: 300986.SZ
[22:23:22] [5分钟] 4721/5205: 300986.SZ OK
[22:23:22] [5分钟] 第 4722/5205 只: 002600.SZ
[22:23:22] [5分钟] 4722/5205: 002600.SZ OK
[22:23:22] [5分钟] 第 4723/5205 只: 000717.SZ
[22:23:22] [5分钟] 4723/5205: 000717.SZ OK
[22:23:22] [5分钟] 第 4724/5205 只: 300437.SZ
[22:23:22] [5分钟] 4724/5205: 300437.SZ OK
[22:23:22] [5分钟] 第 4725/5205 只: 002674.SZ
[22:23:22] [5分钟] 4725/5205: 002674.SZ OK
[22:23:22] [5分钟] 第 4726/5205 只: 300058.SZ
[22:23:22] [5分钟] 4726/5205: 300058.SZ OK
[22:23:22] [5分钟] 第 4727/5205 只: 300443.SZ
[22:23:22] [5分钟] 4727/5205: 300443.SZ OK
[22:23:22] [5分钟] 第 4728/5205 只: 002083.SZ
[22:23:22] [5分钟] 4728/5205: 002083.SZ OK
[22:23:22] [5分钟] 第 4729/5205 只: 002498.SZ
[22:23:22] [5分钟] 4729/5205: 002498.SZ OK
[22:23:22] [5分钟] 第 4730/5205 只: 002929.SZ
[22:23:22] [5分钟] 4730/5205: 002929.SZ OK
[22:23:22] [5分钟] 第 4731/5205 只: 002470.SZ
[22:23:22] [5分钟] 4731/5205: 002470.SZ OK
[22:23:22] [5分钟] 第 4732/5205 只: 000567.SZ
[22:23:22] [5分钟] 4732/5205: 000567.SZ OK
[22:23:22] [5分钟] 第 4733/5205 只: 300647.SZ
[22:23:22] [5分钟] 4733/5205: 300647.SZ OK
[22:23:22] [5分钟] 第 4734/5205 只: 002404.SZ
[22:23:22] [5分钟] 4734/5205: 002404.SZ OK
[22:23:22] [5分钟] 第 4735/5205 只: 000513.SZ
[22:23:22] [5分钟] 4735/5205: 000513.SZ OK
[22:23:22] [5分钟] 第 4736/5205 只: 300633.SZ
[22:23:22] [5分钟] 4736/5205: 300633.SZ OK
[22:23:22] [5分钟] 第 4737/5205 只: 001393.SZ
[22:23:22] [5分钟] 4737/5205: 001393.SZ OK
[22:23:22] [5分钟] 第 4738/5205 只: 300228.SZ
[22:23:22] [5分钟] 4738/5205: 300228.SZ OK
[22:23:22] [5分钟] 第 4739/5205 只: 300745.SZ
[22:23:22] [5分钟] 4739/5205: 300745.SZ OK
[22:23:22] [5分钟] 第 4740/5205 只: 002572.SZ
[22:23:22] [5分钟] 4740/5205: 002572.SZ OK
[22:23:22] [5分钟] 第 4741/5205 只: 002169.SZ
[22:23:22] [5分钟] 4741/5205: 002169.SZ OK
[22:23:22] [5分钟] 第 4742/5205 只: 000411.SZ
[22:23:22] [5分钟] 4742/5205: 000411.SZ OK
[22:23:22] [5分钟] 第 4743/5205 只: 300731.SZ
[22:23:22] [5分钟] 4743/5205: 300731.SZ OK
[22:23:22] [5分钟] 第 4744/5205 只: 002506.SZ
[22:23:22] [5分钟] 4744/5205: 002506.SZ OK
[22:23:22] [5分钟] 第 4745/5205 只: 000096.SZ
[22:23:22] [5分钟] 4745/5205: 000096.SZ OK
[22:23:22] [5分钟] 第 4746/5205 只: 301536.SZ
[22:23:22] [5分钟] 4746/5205: 301536.SZ OK
[22:23:22] [5分钟] 第 4747/5205 只: 002181.SZ
[22:23:22] [5分钟] 4747/5205: 002181.SZ OK
[22:23:22] [5分钟] 第 4748/5205 只: 001279.SZ
[22:23:22] [5分钟] 4748/5205: 001279.SZ OK
[22:23:22] [5分钟] 第 4749/5205 只: 301159.SZ
[22:23:22] [5分钟] 4749/5205: 301159.SZ OK
[22:23:22] [5分钟] 第 4750/5205 只: 000948.SZ
[22:23:22] [5分钟] 4750/5205: 000948.SZ OK
[22:23:22] [5分钟 4750/5205] 成功4750，失败0，当前 000948.SZ
[22:23:22] [5分钟] 第 4751/5205 只: 300948.SZ
[22:23:22] [5分钟] 4751/5205: 300948.SZ OK
[22:23:22] [5分钟] 第 4752/5205 只: 301662.SZ
[22:23:22] [5分钟] 4752/5205: 301662.SZ OK
[22:23:22] [5分钟] 第 4753/5205 只: 301279.SZ
[22:23:22] [5分钟] 4753/5205: 301279.SZ OK
[22:23:22] [5分钟] 第 4754/5205 只: 300096.SZ
[22:23:22] [5分钟] 4754/5205: 300096.SZ OK
[22:23:22] [5分钟] 第 4755/5205 只: 301616.SZ
[22:23:22] [5分钟] 4755/5205: 301616.SZ OK
[22:23:22] [5分钟] 第 4756/5205 只: 002626.SZ
[22:23:22] [5分钟] 4756/5205: 002626.SZ OK
[22:23:22] [5分钟] 第 4757/5205 只: 301291.SZ
[22:23:22] [5分钟] 4757/5205: 301291.SZ OK
[22:23:22] [5分钟] 第 4758/5205 只: 000731.SZ
[22:23:22] [5分钟] 4758/5205: 000731.SZ OK
[22:23:22] [5分钟] 第 4759/5205 只: 300411.SZ
[22:23:22] [5分钟] 4759/5205: 300411.SZ OK
[22:23:22] [5分钟] 第 4760/5205 只: 002652.SZ
[22:23:22] [5分钟] 4760/5205: 002652.SZ OK
[22:23:22] [5分钟] 第 4761/5205 只: 002249.SZ
[22:23:22] [5分钟] 4761/5205: 002249.SZ OK
[22:23:22] [5分钟] 第 4762/5205 只: 300465.SZ
[22:23:22] [5分钟] 4762/5205: 300465.SZ OK
[22:23:22] [5分钟] 第 4763/5205 只: 301393.SZ
[22:23:22] [5分钟] 4763/5205: 301393.SZ OK
[22:23:22] [5分钟] 第 4764/5205 只: 000633.SZ
[22:23:22] [5分钟] 4764/5205: 000633.SZ OK
[22:23:22] [5分钟] 第 4765/5205 只: 300513.SZ
[22:23:22] [5分钟] 4765/5205: 300513.SZ OK
[22:23:22] [5分钟] 第 4766/5205 只: 002724.SZ
[22:23:22] [5分钟] 4766/5205: 002724.SZ OK
[22:23:22] [5分钟] 第 4767/5205 只: 300567.SZ
[22:23:22] [5分钟] 4767/5205: 300567.SZ OK
[22:23:22] [5分钟] 第 4768/5205 只: 300194.SZ
[22:23:22] [5分钟] 4768/5205: 300194.SZ OK
[22:23:22] [5分钟] 第 4769/5205 只: 000058.SZ
[22:23:22] [5分钟] 4769/5205: 000058.SZ OK
[22:23:22] [5分钟] 第 4770/5205 只: 300378.SZ
[22:23:22] [5分钟] 4770/5205: 300378.SZ OK
[22:23:22] [5分钟] 第 4771/5205 只: 300763.SZ
[22:23:22] [5分钟] 4771/5205: 300763.SZ OK
[22:23:22] [5分钟] 第 4772/5205 只: 002554.SZ
[22:23:22] [5分钟] 4772/5205: 002554.SZ OK
[22:23:22] [5分钟] 第 4773/5205 只: 301197.SZ
[22:23:22] [5分钟] 4773/5205: 301197.SZ OK
[22:23:22] [5分钟] 第 4774/5205 只: 002891.SZ
[22:23:22] [5分钟] 4774/5205: 002891.SZ OK
[22:23:22] [5分钟] 第 4775/5205 只: 300717.SZ
[22:23:22] [5分钟] 4775/5205: 300717.SZ OK
[22:23:22] [5分钟] 第 4776/5205 只: 002520.SZ
[22:23:22] [5分钟] 4776/5205: 002520.SZ OK
[22:23:22] [5分钟] 第 4777/5205 只: 300390.SZ
[22:23:22] [5分钟] 4777/5205: 300390.SZ OK
[22:23:22] [5分钟] 第 4778/5205 只: 301510.SZ
[22:23:22] [5分钟] 4778/5205: 301510.SZ OK
[22:23:22] [5分钟] 第 4779/5205 只: 002879.SZ
[22:23:22] [5分钟] 4779/5205: 002879.SZ OK
[22:23:22] [5分钟] 第 4780/5205 只: 000818.SZ
[22:23:22] [5分钟] 4780/5205: 000818.SZ OK
[22:23:22] [5分钟] 第 4781/5205 只: 300689.SZ
[22:23:22] [5分钟] 4781/5205: 300689.SZ OK
[22:23:22] [5分钟] 第 4782/5205 只: 300292.SZ
[22:23:22] [5分钟] 4782/5205: 300292.SZ OK
[22:23:22] [5分钟] 第 4783/5205 只: 301009.SZ
[22:23:22] [5分钟] 4783/5205: 301009.SZ OK
[22:23:22] [5分钟] 第 4784/5205 只: 002456.SZ
[22:23:22] [5分钟] 4784/5205: 002456.SZ OK
[22:23:22] [5分钟] 第 4785/5205 只: 000541.SZ
[22:23:22] [5分钟] 4785/5205: 000541.SZ OK
[22:23:22] [5分钟] 第 4786/5205 只: 300661.SZ
[22:23:22] [5分钟] 4786/5205: 300661.SZ OK
[22:23:22] [5分钟] 第 4787/5205 只: 002039.SZ
[22:23:22] [5分钟] 4787/5205: 002039.SZ OK
[22:23:22] [5分钟] 第 4788/5205 只: 002422.SZ
[22:23:22] [5分钟] 4788/5205: 002422.SZ OK
[22:23:22] [5分钟] 第 4789/5205 只: 002993.SZ
[22:23:22] [5分钟] 4789/5205: 002993.SZ OK
[22:23:22] [5分钟] 第 4790/5205 只: 301095.SZ
[22:23:22] [5分钟] 4790/5205: 301095.SZ OK
[22:23:22] [5分钟] 第 4791/5205 只: 300615.SZ
[22:23:22] [5分钟] 4791/5205: 300615.SZ OK
[22:23:22] [5分钟] 第 4792/5205 只: 300798.SZ
[22:23:22] [5分钟] 4792/5205: 300798.SZ OK
[22:23:22] [5分钟] 第 4793/5205 只: 001238.SZ
[22:23:22] [5分钟] 4793/5205: 001238.SZ OK
[22:23:22] [5分钟] 第 4794/5205 只: 300383.SZ
[22:23:22] [5分钟] 4794/5205: 300383.SZ OK
[22:23:22] [5分钟] 第 4795/5205 只: 301118.SZ
[22:23:22] [5分钟] 4795/5205: 301118.SZ OK
[22:23:22] [5分钟] 第 4796/5205 只: 301503.SZ
[22:23:22] [5分钟] 4796/5205: 301503.SZ OK
[22:23:22] [5分钟] 第 4797/5205 只: 000909.SZ
[22:23:22] [5分钟] 4797/5205: 000909.SZ OK
[22:23:22] [5分钟] 第 4798/5205 只: 301577.SZ
[22:23:22] [5分钟] 4798/5205: 301577.SZ OK
[22:23:22] [5分钟] 第 4799/5205 只: 300770.SZ
[22:23:22] [5分钟] 4799/5205: 300770.SZ OK
[22:23:22] [5分钟] 第 4800/5205 只: 002547.SZ
[22:23:22] [5分钟] 4800/5205: 002547.SZ OK
[22:23:22] [5分钟 4800/5205] 成功4800，失败0，当前 002547.SZ
[22:23:22] [5分钟] 第 4801/5205 只: 002882.SZ
[22:23:22] [5分钟] 4801/5205: 002882.SZ OK
[22:23:22] [5分钟] 第 4802/5205 只: 000995.SZ
[22:23:22] [5分钟] 4802/5205: 000995.SZ OK
[22:23:22] [5分钟] 第 4803/5205 只: 002128.SZ
[22:23:22] [5分钟] 4803/5205: 002128.SZ OK
[22:23:22] [5分钟] 第 4804/5205 只: 002533.SZ
[22:23:22] [5分钟] 4804/5205: 002533.SZ OK
[22:23:22] [5分钟] 第 4805/5205 只: 002445.SZ
[22:23:22] [5分钟] 4805/5205: 002445.SZ OK
[22:23:22] [5分钟] 第 4806/5205 只: 000552.SZ
[22:23:22] [5分钟] 4806/5205: 000552.SZ OK
[22:23:22] [5分钟] 第 4807/5205 只: 300269.SZ
[22:23:22] [5分钟] 4807/5205: 300269.SZ OK
[22:23:22] [5分钟] 第 4808/5205 只: 300672.SZ
[22:23:22] [5分钟] 4808/5205: 300672.SZ OK
[22:23:22] [5分钟] 第 4809/5205 只: 000897.SZ
[22:23:22] [5分钟] 4809/5205: 000897.SZ OK
[22:23:22] [5分钟] 第 4810/5205 只: 002431.SZ
[22:23:22] [5分钟] 4810/5205: 002431.SZ OK
[22:23:22] [5分钟] 第 4811/5205 只: 002980.SZ
[22:23:22] [5分钟] 4811/5205: 002980.SZ OK
[22:23:22] [5分钟] 第 4812/5205 只: 301086.SZ
[22:23:22] [5分钟] 4812/5205: 301086.SZ OK
[22:23:22] [5分钟] 第 4813/5205 只: 000526.SZ
[22:23:22] [5分钟] 4813/5205: 000526.SZ OK
[22:23:22] [5分钟] 第 4814/5205 只: 300606.SZ
[22:23:22] [5分钟] 4814/5205: 300606.SZ OK
[22:23:22] [5分钟] 第 4815/5205 只: 300281.SZ
[22:23:22] [5分钟] 4815/5205: 300281.SZ OK
[22:23:22] [5分钟] 第 4816/5205 只: 002968.SZ
[22:23:22] [5分钟] 4816/5205: 002968.SZ OK
[22:23:22] [5分钟] 第 4817/5205 只: 002635.SZ
[22:23:22] [5分钟] 4817/5205: 002635.SZ OK
[22:23:22] [5分钟] 第 4818/5205 只: 301282.SZ
[22:23:22] [5分钟] 4818/5205: 301282.SZ OK
[22:23:22] [5分钟] 第 4819/5205 只: 000722.SZ
[22:23:22] [5分钟] 4819/5205: 000722.SZ OK
[22:23:22] [5分钟] 第 4820/5205 只: 300402.SZ
[22:23:22] [5分钟] 4820/5205: 300402.SZ OK
[22:23:22] [5分钟] 第 4821/5205 只: 300019.SZ
[22:23:22] [5分钟] 4821/5205: 300019.SZ OK
[22:23:22] [5分钟] 第 4822/5205 只: 002641.SZ
[22:23:22] [5分钟] 4822/5205: 002641.SZ OK
[22:23:22] [5分钟] 第 4823/5205 只: 000756.SZ
[22:23:22] [5分钟] 4823/5205: 000756.SZ OK
[22:23:22] [5分钟] 第 4824/5205 只: 300476.SZ
[22:23:22] [5分钟] 4824/5205: 300476.SZ OK
[22:23:22] [5分钟] 第 4825/5205 只: 003029.SZ
[22:23:22] [5分钟] 4825/5205: 003029.SZ OK
[22:23:22] [5分钟] 第 4826/5205 只: 300085.SZ
[22:23:22] [5分钟] 4826/5205: 300085.SZ OK
[22:23:22] [5分钟] 第 4827/5205 只: 301368.SZ
[22:23:22] [5分钟] 4827/5205: 301368.SZ OK
[22:23:22] [5分钟] 第 4828/5205 只: 300859.SZ
[22:23:22] [5分钟] 4828/5205: 300859.SZ OK
[22:23:22] [5分钟] 第 4829/5205 只: 300187.SZ
[22:23:22] [5分钟] 4829/5205: 300187.SZ OK
[22:23:22] [5分钟] 第 4830/5205 只: 301380.SZ
[22:23:22] [5分钟] 4830/5205: 301380.SZ OK
[22:23:22] [5分钟] 第 4831/5205 只: 000620.SZ
[22:23:22] [5分钟] 4831/5205: 000620.SZ OK
[22:23:22] [5分钟] 第 4832/5205 只: 300500.SZ
[22:23:22] [5分钟] 4832/5205: 300500.SZ OK
[22:23:22] [5分钟] 第 4833/5205 只: 002737.SZ
[22:23:22] [5分钟] 4833/5205: 002737.SZ OK
[22:23:22] [5分钟] 第 4834/5205 只: 002743.SZ
[22:23:22] [5分钟] 4834/5205: 002743.SZ OK
[22:23:22] [5分钟] 第 4835/5205 只: 002358.SZ
[22:23:22] [5分钟] 4835/5205: 002358.SZ OK
[22:23:22] [5分钟] 第 4836/5205 只: 300980.SZ
[22:23:22] [5分钟] 4836/5205: 300980.SZ OK
[22:23:22] [5分钟] 第 4837/5205 只: 002606.SZ
[22:23:22] [5分钟] 4837/5205: 002606.SZ OK
[22:23:22] [5分钟] 第 4838/5205 只: 000711.SZ
[22:23:22] [5分钟] 4838/5205: 000711.SZ OK
[22:23:22] [5分钟] 第 4839/5205 只: 002269.SZ
[22:23:22] [5分钟] 4839/5205: 002269.SZ OK
[22:23:22] [5分钟] 第 4840/5205 只: 002672.SZ
[22:23:22] [5分钟] 4840/5205: 002672.SZ OK
[22:23:22] [5分钟] 第 4841/5205 只: 300445.SZ
[22:23:22] [5分钟] 4841/5205: 300445.SZ OK
[22:23:22] [5分钟] 第 4842/5205 只: 300968.SZ
[22:23:22] [5分钟] 4842/5205: 300968.SZ OK
[22:23:22] [5分钟] 第 4843/5205 只: 301259.SZ
[22:23:22] [5分钟] 4843/5205: 301259.SZ OK
[22:23:22] [5分钟] 第 4844/5205 只: 002281.SZ
[22:23:22] [5分钟] 4844/5205: 002281.SZ OK
[22:23:22] [5分钟] 第 4845/5205 只: 301636.SZ
[22:23:22] [5分钟] 4845/5205: 301636.SZ OK
[22:23:22] [5分钟] 第 4846/5205 只: 002798.SZ
[22:23:22] [5分钟] 4846/5205: 002798.SZ OK
[22:23:22] [5分钟] 第 4847/5205 只: 002383.SZ
[22:23:22] [5分钟] 4847/5205: 002383.SZ OK
[22:23:22] [5分钟] 第 4848/5205 只: 300128.SZ
[22:23:22] [5分钟] 4848/5205: 300128.SZ OK
[22:23:22] [5分钟] 第 4849/5205 只: 300533.SZ
[22:23:22] [5分钟] 4849/5205: 300533.SZ OK
[22:23:22] [5分钟] 第 4850/5205 只: 300882.SZ
[22:23:22] [5分钟] 4850/5205: 300882.SZ OK
[22:23:22] [5分钟 4850/5205] 成功4850，失败0，当前 300882.SZ
[22:23:22] [5分钟] 第 4851/5205 只: 300547.SZ
[22:23:22] [5分钟] 4851/5205: 300547.SZ OK
[22:23:22] [5分钟] 第 4852/5205 只: 000090.SZ
[22:23:22] [5分钟] 4852/5205: 000090.SZ OK
[22:23:22] [5分钟] 第 4853/5205 只: 002187.SZ
[22:23:22] [5分钟] 4853/5205: 002187.SZ OK
[22:23:22] [5分钟] 第 4854/5205 只: 002859.SZ
[22:23:22] [5分钟] 4854/5205: 002859.SZ OK
[22:23:22] [5分钟] 第 4855/5205 只: 000078.SZ
[22:23:22] [5分钟] 4855/5205: 000078.SZ OK
[22:23:22] [5分钟] 第 4856/5205 只: 300743.SZ
[22:23:22] [5分钟] 4856/5205: 300743.SZ OK
[22:23:22] [5分钟] 第 4857/5205 只: 300358.SZ
[22:23:22] [5分钟] 4857/5205: 300358.SZ OK
[22:23:22] [5分钟] 第 4858/5205 只: 002574.SZ
[22:23:22] [5分钟] 4858/5205: 002574.SZ OK
[22:23:22] [5分钟] 第 4859/5205 只: 000417.SZ
[22:23:22] [5分钟] 4859/5205: 000417.SZ OK
[22:23:22] [5分钟] 第 4860/5205 只: 300737.SZ
[22:23:22] [5分钟] 4860/5205: 300737.SZ OK
[22:23:22] [5分钟] 第 4861/5205 只: 002500.SZ
[22:23:22] [5分钟] 4861/5205: 002500.SZ OK
[22:23:22] [5分钟] 第 4862/5205 只: 002476.SZ
[22:23:22] [5分钟] 4862/5205: 002476.SZ OK
[22:23:22] [5分钟] 第 4863/5205 只: 000561.SZ
[22:23:22] [5分钟] 4863/5205: 000561.SZ OK
[22:23:22] [5分钟] 第 4864/5205 只: 300641.SZ
[22:23:22] [5分钟] 4864/5205: 300641.SZ OK
[22:23:22] [5分钟] 第 4865/5205 只: 002402.SZ
[22:23:22] [5分钟] 4865/5205: 002402.SZ OK
[22:23:22] [5分钟] 第 4866/5205 只: 002019.SZ
[22:23:22] [5分钟] 4866/5205: 002019.SZ OK
[22:23:22] [5分钟] 第 4867/5205 只: 001395.SZ
[22:23:22] [5分钟] 4867/5205: 001395.SZ OK
[22:23:22] [5分钟] 第 4868/5205 只: 300635.SZ
[22:23:22] [5分钟] 4868/5205: 300635.SZ OK
[22:23:22] [5分钟] 第 4869/5205 只: 000838.SZ
[22:23:22] [5分钟] 4869/5205: 000838.SZ OK
[22:23:22] [5分钟] 第 4870/5205 只: 002085.SZ
[22:23:22] [5分钟] 4870/5205: 002085.SZ OK
[22:23:22] [5分钟] 第 4871/5205 只: 001309.SZ
[22:23:22] [5分钟] 4871/5205: 001309.SZ OK
[22:23:22] [5分钟] 第 4872/5205 只: 000589.SZ
[22:23:22] [5分钟] 4872/5205: 000589.SZ OK
[22:23:22] [5分钟] 第 4873/5205 只: 301029.SZ
[22:23:22] [5分钟] 4873/5205: 301029.SZ OK
[22:23:22] [5分钟] 第 4874/5205 只: 301446.SZ
[22:23:22] [5分钟] 4874/5205: 301446.SZ OK
[22:23:22] [5分钟] 第 4875/5205 只: 300750.SZ
[22:23:22] [5分钟] 4875/5205: 300750.SZ OK
[22:23:22] [5分钟] 第 4876/5205 只: 002567.SZ
[22:23:22] [5分钟] 4876/5205: 002567.SZ OK
[22:23:22] [5分钟] 第 4877/5205 只: 000404.SZ
[22:23:22] [5分钟] 4877/5205: 000404.SZ OK
[22:23:22] [5分钟] 第 4878/5205 只: 300724.SZ
[22:23:22] [5分钟] 4878/5205: 300724.SZ OK
[22:23:22] [5分钟] 第 4879/5205 只: 002513.SZ
[22:23:22] [5分钟] 4879/5205: 002513.SZ OK
[22:23:22] [5分钟] 第 4880/5205 只: 002108.SZ
[22:23:22] [5分钟] 4880/5205: 002108.SZ OK
[22:23:22] [5分钟] 第 4881/5205 只: 001218.SZ
[22:23:22] [5分钟] 4881/5205: 001218.SZ OK
[22:23:22] [5分钟] 第 4882/5205 只: 000498.SZ
[22:23:22] [5分钟] 4882/5205: 000498.SZ OK
[22:23:22] [5分钟] 第 4883/5205 只: 301138.SZ
[22:23:22] [5分钟] 4883/5205: 301138.SZ OK
[22:23:22] [5分钟] 第 4884/5205 只: 000929.SZ
[22:23:22] [5分钟] 4884/5205: 000929.SZ OK
[22:23:22] [5分钟] 第 4885/5205 只: 002194.SZ
[22:23:22] [5分钟] 4885/5205: 002194.SZ OK
[22:23:22] [5分钟] 第 4886/5205 只: 301557.SZ
[22:23:22] [5分钟] 4886/5205: 301557.SZ OK
[22:23:22] [5分钟] 第 4887/5205 只: 002096.SZ
[22:23:22] [5分钟] 4887/5205: 002096.SZ OK
[22:23:22] [5分钟] 第 4888/5205 只: 301421.SZ
[22:23:22] [5分钟] 4888/5205: 301421.SZ OK
[22:23:22] [5分钟] 第 4889/5205 只: 002948.SZ
[22:23:22] [5分钟] 4889/5205: 002948.SZ OK
[22:23:22] [5分钟] 第 4890/5205 只: 002465.SZ
[22:23:22] [5分钟] 4890/5205: 002465.SZ OK
[22:23:22] [5分钟] 第 4891/5205 只: 000572.SZ
[22:23:22] [5分钟] 4891/5205: 000572.SZ OK
[22:23:22] [5分钟] 第 4892/5205 只: 300652.SZ
[22:23:22] [5分钟] 4892/5205: 300652.SZ OK
[22:23:22] [5分钟] 第 4893/5205 只: 300249.SZ
[22:23:22] [5分钟] 4893/5205: 300249.SZ OK
[22:23:22] [5分钟] 第 4894/5205 只: 000506.SZ
[22:23:22] [5分钟] 4894/5205: 000506.SZ OK
[22:23:22] [5分钟] 第 4895/5205 只: 001386.SZ
[22:23:22] [5分钟] 4895/5205: 001386.SZ OK
[22:23:22] [5分钟] 第 4896/5205 只: 300626.SZ
[22:23:22] [5分钟] 4896/5205: 300626.SZ OK
[22:23:22] [5分钟] 第 4897/5205 只: 002689.SZ
[22:23:22] [5分钟] 4897/5205: 002689.SZ OK
[22:23:22] [5分钟] 第 4898/5205 只: 002292.SZ
[22:23:22] [5分钟] 4898/5205: 002292.SZ OK
[22:23:22] [5分钟] 第 4899/5205 只: 003009.SZ
[22:23:22] [5分钟] 4899/5205: 003009.SZ OK
[22:23:22] [5分钟] 第 4900/5205 只: 300993.SZ
[22:23:22] [5分钟] 4900/5205: 300993.SZ OK
[22:23:22] [5分钟 4900/5205] 成功4900，失败0，当前 300993.SZ
[22:23:22] [5分钟] 第 4901/5205 只: 002615.SZ
[22:23:22] [5分钟] 4901/5205: 002615.SZ OK
[22:23:22] [5分钟] 第 4902/5205 只: 000702.SZ
[22:23:22] [5分钟] 4902/5205: 000702.SZ OK
[22:23:22] [5分钟] 第 4903/5205 只: 300039.SZ
[22:23:22] [5分钟] 4903/5205: 300039.SZ OK
[22:23:22] [5分钟] 第 4904/5205 只: 300422.SZ
[22:23:22] [5分钟] 4904/5205: 300422.SZ OK
[22:23:22] [5分钟] 第 4905/5205 只: 002661.SZ
[22:23:22] [5分钟] 4905/5205: 002661.SZ OK
[22:23:22] [5分钟] 第 4906/5205 只: 000776.SZ
[22:23:22] [5分钟] 4906/5205: 000776.SZ OK
[22:23:22] [5分钟] 第 4907/5205 只: 300456.SZ
[22:23:22] [5分钟] 4907/5205: 300456.SZ OK
[22:23:22] [5分钟] 第 4908/5205 只: 000600.SZ
[22:23:22] [5分钟] 4908/5205: 000600.SZ OK
[22:23:22] [5分钟] 第 4909/5205 只: 300520.SZ
[22:23:22] [5分钟] 4909/5205: 300520.SZ OK
[22:23:22] [5分钟] 第 4910/5205 只: 300891.SZ
[22:23:22] [5分钟] 4910/5205: 300891.SZ OK
[22:23:22] [5分钟] 第 4911/5205 只: 002717.SZ
[22:23:22] [5分钟] 4911/5205: 002717.SZ OK
[22:23:22] [5分钟] 第 4912/5205 只: 300554.SZ
[22:23:22] [5分钟] 4912/5205: 300554.SZ OK
[22:23:22] [5分钟] 第 4913/5205 只: 002378.SZ
[22:23:22] [5分钟] 4913/5205: 002378.SZ OK
[22:23:22] [5分钟] 第 4914/5205 只: 002763.SZ
[22:23:22] [5分钟] 4914/5205: 002763.SZ OK
[22:23:22] [5分钟] 第 4915/5205 只: 301348.SZ
[22:23:22] [5分钟] 4915/5205: 301348.SZ OK
[22:23:22] [5分钟] 第 4916/5205 只: 300879.SZ
[22:23:22] [5分钟] 4916/5205: 300879.SZ OK
[22:23:22] [5分钟] 第 4917/5205 只: 002390.SZ
[22:23:22] [5分钟] 4917/5205: 002390.SZ OK
[22:23:22] [5分钟] 第 4918/5205 只: 300287.SZ
[22:23:22] [5分钟] 4918/5205: 300287.SZ OK
[22:23:22] [5分钟] 第 4919/5205 只: 301068.SZ
[22:23:22] [5分钟] 4919/5205: 301068.SZ OK
[22:23:22] [5分钟] 第 4920/5205 只: 002058.SZ
[22:23:22] [5分钟] 4920/5205: 002058.SZ OK
[22:23:22] [5分钟] 第 4921/5205 只: 002443.SZ
[22:23:22] [5分钟] 4921/5205: 002443.SZ OK
[22:23:22] [5分钟] 第 4922/5205 只: 000554.SZ
[22:23:22] [5分钟] 4922/5205: 000554.SZ OK
[22:23:22] [5分钟] 第 4923/5205 只: 300674.SZ
[22:23:22] [5分钟] 4923/5205: 300674.SZ OK
[22:23:22] [5分钟] 第 4924/5205 只: 002437.SZ
[22:23:22] [5分钟] 4924/5205: 002437.SZ OK
[22:23:22] [5分钟] 第 4925/5205 只: 000520.SZ
[22:23:22] [5分钟] 4925/5205: 000520.SZ OK
[22:23:22] [5分钟] 第 4926/5205 只: 002986.SZ
[22:23:22] [5分钟] 4926/5205: 002986.SZ OK
[22:23:22] [5分钟] 第 4927/5205 只: 301080.SZ
[22:23:22] [5分钟] 4927/5205: 301080.SZ OK
[22:23:22] [5分钟] 第 4928/5205 只: 300600.SZ
[22:23:22] [5分钟] 4928/5205: 300600.SZ OK
[22:23:22] [5分钟] 第 4929/5205 只: 300776.SZ
[22:23:22] [5分钟] 4929/5205: 300776.SZ OK
[22:23:22] [5分钟] 第 4930/5205 只: 002541.SZ
[22:23:22] [5分钟] 4930/5205: 002541.SZ OK
[22:23:22] [5分钟] 第 4931/5205 只: 301599.SZ
[22:23:22] [5分钟] 4931/5205: 301599.SZ OK
[22:23:22] [5分钟] 第 4932/5205 只: 000422.SZ
[22:23:22] [5分钟] 4932/5205: 000422.SZ OK
[22:23:22] [5分钟] 第 4933/5205 只: 301182.SZ
[22:23:22] [5分钟] 4933/5205: 301182.SZ OK
[22:23:22] [5分钟] 第 4934/5205 只: 002884.SZ
[22:23:22] [5分钟] 4934/5205: 002884.SZ OK
[22:23:22] [5分钟] 第 4935/5205 只: 000039.SZ
[22:23:22] [5分钟] 4935/5205: 000039.SZ OK
[22:23:22] [5分钟] 第 4936/5205 只: 300319.SZ
[22:23:22] [5分钟] 4936/5205: 300319.SZ OK
[22:23:22] [5分钟] 第 4937/5205 只: 300702.SZ
[22:23:22] [5分钟] 4937/5205: 300702.SZ OK
[22:23:22] [5分钟] 第 4938/5205 只: 002535.SZ
[22:23:22] [5分钟] 4938/5205: 002535.SZ OK
[22:23:22] [5分钟] 第 4939/5205 只: 000993.SZ
[22:23:22] [5分钟] 4939/5205: 000993.SZ OK
[22:23:22] [5分钟] 第 4940/5205 只: 300385.SZ
[22:23:22] [5分钟] 4940/5205: 300385.SZ OK
[22:23:22] [5分钟] 第 4941/5205 只: 301505.SZ
[22:23:22] [5分钟] 4941/5205: 301505.SZ OK
[22:23:22] [5分钟] 第 4942/5205 只: 002818.SZ
[22:23:22] [5分钟] 4942/5205: 002818.SZ OK
[22:23:22] [5分钟] 第 4943/5205 只: 301571.SZ
[22:23:22] [5分钟] 4943/5205: 301571.SZ OK
[22:23:22] [5分钟] 第 4944/5205 只: 000626.SZ
[22:23:22] [5分钟] 4944/5205: 000626.SZ OK
[22:23:22] [5分钟] 第 4945/5205 只: 301386.SZ
[22:23:22] [5分钟] 4945/5205: 301386.SZ OK
[22:23:22] [5分钟] 第 4946/5205 只: 300506.SZ
[22:23:22] [5分钟] 4946/5205: 300506.SZ OK
[22:23:22] [5分钟] 第 4947/5205 只: 002731.SZ
[22:23:22] [5分钟] 4947/5205: 002731.SZ OK
[22:23:22] [5分钟] 第 4948/5205 只: 000652.SZ
[22:23:22] [5分钟] 4948/5205: 000652.SZ OK
[22:23:22] [5分钟] 第 4949/5205 只: 300572.SZ
[22:23:22] [5分钟] 4949/5205: 300572.SZ OK
[22:23:22] [5分钟] 第 4950/5205 只: 300169.SZ
[22:23:22] [5分钟] 4950/5205: 300169.SZ OK
[22:23:22] [5分钟 4950/5205] 成功4950，失败0，当前 300169.SZ
[22:23:22] [5分钟] 第 4951/5205 只: 002745.SZ
[22:23:22] [5分钟] 4951/5205: 002745.SZ OK
[22:23:22] [5分钟] 第 4952/5205 只: 300181.SZ
[22:23:22] [5分钟] 4952/5205: 300181.SZ OK
[22:23:22] [5分钟] 第 4953/5205 只: 300929.SZ
[22:23:23] [5分钟] 4953/5205: 300929.SZ OK
[22:23:23] [5分钟] 第 4954/5205 只: 300083.SZ
[22:23:23] [5分钟] 4954/5205: 300083.SZ OK
[22:23:23] [5分钟] 第 4955/5205 只: 300498.SZ
[22:23:23] [5分钟] 4955/5205: 300498.SZ OK
[22:23:23] [5分钟] 第 4956/5205 只: 301603.SZ
[22:23:23] [5分钟] 4956/5205: 301603.SZ OK
[22:23:23] [5分钟] 第 4957/5205 只: 301218.SZ
[22:23:23] [5分钟] 4957/5205: 301218.SZ OK
[22:23:23] [5分钟] 第 4958/5205 只: 002633.SZ
[22:23:23] [5分钟] 4958/5205: 002633.SZ OK
[22:23:23] [5分钟] 第 4959/5205 只: 002228.SZ
[22:23:23] [5分钟] 4959/5205: 002228.SZ OK
[22:23:23] [5分钟] 第 4960/5205 只: 300404.SZ
[22:23:23] [5分钟] 4960/5205: 300404.SZ OK
[22:23:23] [5分钟] 第 4961/5205 只: 002647.SZ
[22:23:23] [5分钟] 4961/5205: 002647.SZ OK
[22:23:23] [5分钟] 第 4962/5205 只: 000750.SZ
[22:23:23] [5分钟] 4962/5205: 000750.SZ OK
[22:23:23] [5分钟] 第 4963/5205 只: 300470.SZ
[22:23:23] [5分钟] 4963/5205: 300470.SZ OK
[22:23:23] [5分钟] 第 4964/5205 只: 300192.SZ
[22:23:23] [5分钟] 4964/5205: 300192.SZ OK
[22:23:23] [5分钟] 第 4965/5205 只: 300589.SZ
[22:23:23] [5分钟] 4965/5205: 300589.SZ OK
[22:23:23] [5分钟] 第 4966/5205 只: 301309.SZ
[22:23:23] [5分钟] 4966/5205: 301309.SZ OK
[22:23:23] [5分钟] 第 4967/5205 只: 300838.SZ
[22:23:23] [5分钟] 4967/5205: 300838.SZ OK
[22:23:23] [5分钟] 第 4968/5205 只: 000635.SZ
[22:23:23] [5分钟] 4968/5205: 000635.SZ OK
[22:23:23] [5分钟] 第 4969/5205 只: 301395.SZ
[22:23:23] [5分钟] 4969/5205: 301395.SZ OK
[22:23:23] [5分钟] 第 4970/5205 只: 300515.SZ
[22:23:23] [5分钟] 4970/5205: 300515.SZ OK
[22:23:23] [5分钟] 第 4971/5205 只: 002722.SZ
[22:23:23] [5分钟] 4971/5205: 002722.SZ OK
[22:23:23] [5分钟] 第 4972/5205 只: 002339.SZ
[22:23:23] [5分钟] 4972/5205: 002339.SZ OK
[22:23:23] [5分钟] 第 4973/5205 只: 300561.SZ
[22:23:23] [5分钟] 4973/5205: 300561.SZ OK
[22:23:23] [5分钟] 第 4974/5205 只: 002756.SZ
[22:23:23] [5分钟] 4974/5205: 002756.SZ OK
[22:23:23] [5分钟] 第 4975/5205 只: 002620.SZ
[22:23:23] [5分钟] 4975/5205: 002620.SZ OK
[22:23:23] [5分钟] 第 4976/5205 只: 000737.SZ
[22:23:23] [5分钟] 4976/5205: 000737.SZ OK
[22:23:23] [5分钟] 第 4977/5205 只: 301297.SZ
[22:23:23] [5分钟] 4977/5205: 301297.SZ OK
[22:23:23] [5分钟] 第 4978/5205 只: 300417.SZ
[22:23:23] [5分钟] 4978/5205: 300417.SZ OK
[22:23:23] [5分钟] 第 4979/5205 只: 002654.SZ
[22:23:23] [5分钟] 4979/5205: 002654.SZ OK
[22:23:23] [5分钟] 第 4980/5205 只: 300463.SZ
[22:23:23] [5分钟] 4980/5205: 300463.SZ OK
[22:23:23] [5分钟] 第 4981/5205 只: 300078.SZ
[22:23:23] [5分钟] 4981/5205: 300078.SZ OK
[22:23:23] [5分钟] 第 4982/5205 只: 000547.SZ
[22:23:23] [5分钟] 4982/5205: 000547.SZ OK
[22:23:23] [5分钟] 第 4983/5205 只: 300667.SZ
[22:23:23] [5分钟] 4983/5205: 300667.SZ OK
[22:23:23] [5分钟] 第 4984/5205 只: 002424.SZ
[22:23:23] [5分钟] 4984/5205: 002424.SZ OK
[22:23:23] [5分钟] 第 4985/5205 只: 000882.SZ
[22:23:23] [5分钟] 4985/5205: 000882.SZ OK
[22:23:23] [5分钟] 第 4986/5205 只: 301488.SZ
[22:23:23] [5分钟] 4986/5205: 301488.SZ OK
[22:23:23] [5分钟] 第 4987/5205 只: 000533.SZ
[22:23:23] [5分钟] 4987/5205: 000533.SZ OK
[22:23:23] [5分钟] 第 4988/5205 只: 002995.SZ
[22:23:23] [5分钟] 4988/5205: 002995.SZ OK
[22:23:23] [5分钟] 第 4989/5205 只: 301093.SZ
[22:23:23] [5分钟] 4989/5205: 301093.SZ OK
[22:23:23] [5分钟] 第 4990/5205 只: 300613.SZ
[22:23:23] [5分钟] 4990/5205: 300613.SZ OK
[22:23:23] [5分钟] 第 4991/5205 只: 300294.SZ
[22:23:23] [5分钟] 4991/5205: 300294.SZ OK
[22:23:23] [5分钟] 第 4992/5205 只: 002909.SZ
[22:23:23] [5分钟] 4992/5205: 002909.SZ OK
[22:23:23] [5分钟] 第 4993/5205 只: 300396.SZ
[22:23:23] [5分钟] 4993/5205: 300396.SZ OK
[22:23:23] [5分钟] 第 4994/5205 只: 301516.SZ
[22:23:23] [5分钟] 4994/5205: 301516.SZ OK
[22:23:23] [5分钟] 第 4995/5205 只: 001259.SZ
[22:23:23] [5分钟] 4995/5205: 001259.SZ OK
[22:23:23] [5分钟] 第 4996/5205 只: 301179.SZ
[22:23:23] [5分钟] 4996/5205: 301179.SZ OK
[22:23:23] [5分钟] 第 4997/5205 只: 000968.SZ
[22:23:23] [5分钟] 4997/5205: 000968.SZ OK
[22:23:23] [5分钟] 第 4998/5205 只: 300765.SZ
[22:23:23] [5分钟] 4998/5205: 300765.SZ OK
[22:23:23] [5分钟] 第 4999/5205 只: 002149.SZ
[22:23:23] [5分钟] 4999/5205: 002149.SZ OK
[22:23:23] [5分钟] 第 5000/5205 只: 002552.SZ
[22:23:23] [5分钟] 5000/5205: 002552.SZ OK
[22:23:23] [5分钟 5000/5205] 成功5000，失败0，当前 002552.SZ
[22:23:23] [5分钟] 第 5001/5205 只: 301191.SZ
[22:23:23] [5分钟] 5001/5205: 301191.SZ OK
[22:23:23] [5分钟] 第 5002/5205 只: 002897.SZ
[22:23:23] [5分钟] 5002/5205: 002897.SZ OK
[22:23:23] [5分钟] 第 5003/5205 只: 300711.SZ
[22:23:23] [5分钟] 5003/5205: 300711.SZ OK
[22:23:23] [5分钟] 第 5004/5205 只: 002526.SZ
[22:23:23] [5分钟] 5004/5205: 002526.SZ OK
[22:23:23] [5分钟] 第 5005/5205 只: 000980.SZ
[22:23:23] [5分钟] 5005/5205: 000980.SZ OK
[22:23:23] [5分钟] 第 5006/5205 只: 300151.SZ
[22:23:23] [5分钟] 5006/5205: 300151.SZ OK
[22:23:23] [5分钟] 第 5007/5205 只: 002366.SZ
[22:23:23] [5分钟] 5007/5205: 002366.SZ OK
[22:23:23] [5分钟] 第 5008/5205 只: 300125.SZ
[22:23:23] [5分钟] 5008/5205: 300125.SZ OK
[22:23:23] [5分钟] 第 5009/5205 只: 002312.SZ
[22:23:23] [5分钟] 5009/5205: 002312.SZ OK
[22:23:23] [5分钟] 第 5010/5205 只: 002709.SZ
[22:23:23] [5分钟] 5010/5205: 002709.SZ OK
[22:23:23] [5分钟] 第 5011/5205 只: 301322.SZ
[22:23:23] [5分钟] 5011/5205: 301322.SZ OK
[22:23:23] [5分钟] 第 5012/5205 只: 000682.SZ
[22:23:23] [5分钟] 5012/5205: 000682.SZ OK
[22:23:23] [5分钟] 第 5013/5205 只: 002795.SZ
[22:23:23] [5分钟] 5013/5205: 002795.SZ OK
[22:23:23] [5分钟] 第 5014/5205 只: 300813.SZ
[22:23:23] [5分钟] 5014/5205: 300813.SZ OK
[22:23:23] [5分钟] 第 5015/5205 只: 301356.SZ
[22:23:23] [5分钟] 5015/5205: 301356.SZ OK
[22:23:23] [5分钟] 第 5016/5205 只: 300867.SZ
[22:23:23] [5分钟] 5016/5205: 300867.SZ OK
[22:23:23] [5分钟] 第 5017/5205 只: 002697.SZ
[22:23:23] [5分钟] 5017/5205: 002697.SZ OK
[22:23:23] [5分钟] 第 5018/5205 只: 300911.SZ
[22:23:23] [5分钟] 5018/5205: 300911.SZ OK
[22:23:23] [5分钟] 第 5019/5205 只: 003017.SZ
[22:23:23] [5分钟] 5019/5205: 003017.SZ OK
[22:23:23] [5分钟] 第 5020/5205 只: 301220.SZ
[22:23:23] [5分钟] 5020/5205: 301220.SZ OK
[22:23:23] [5分钟] 第 5021/5205 只: 300965.SZ
[22:23:23] [5分钟] 5021/5205: 300965.SZ OK
[22:23:23] [5分钟] 第 5022/5205 只: 002264.SZ
[22:23:23] [5分钟] 5022/5205: 002264.SZ OK
[22:23:23] [5分钟] 第 5023/5205 只: 000768.SZ
[22:23:23] [5分钟] 5023/5205: 000768.SZ OK
[22:23:23] [5分钟] 第 5024/5205 只: 300053.SZ
[22:23:23] [5分钟] 5024/5205: 300053.SZ OK
[22:23:23] [5分钟] 第 5025/5205 只: 300448.SZ
[22:23:23] [5分钟] 5025/5205: 300448.SZ OK
[22:23:23] [5分钟] 第 5026/5205 只: 002210.SZ
[22:23:23] [5分钟] 5026/5205: 002210.SZ OK
[22:23:23] [5分钟] 第 5027/5205 只: 300027.SZ
[22:23:23] [5分钟] 5027/5205: 300027.SZ OK
[22:23:23] [5分钟] 第 5028/5205 只: 002956.SZ
[22:23:23] [5分钟] 5028/5205: 002956.SZ OK
[22:23:23] [5分钟] 第 5029/5205 只: 301050.SZ
[22:23:23] [5分钟] 5029/5205: 301050.SZ OK
[22:23:23] [5分钟] 第 5030/5205 只: 002088.SZ
[22:23:23] [5分钟] 5030/5205: 002088.SZ OK
[22:23:23] [5分钟] 第 5031/5205 只: 002493.SZ
[22:23:23] [5分钟] 5031/5205: 002493.SZ OK
[22:23:23] [5分钟] 第 5032/5205 只: 301024.SZ
[22:23:23] [5分钟] 5032/5205: 301024.SZ OK
[22:23:23] [5分钟] 第 5033/5205 只: 002922.SZ
[22:23:23] [5分钟] 5033/5205: 002922.SZ OK
[22:23:23] [5分钟] 第 5034/5205 只: 002014.SZ
[22:23:23] [5分钟] 5034/5205: 002014.SZ OK
[22:23:23] [5分钟] 第 5035/5205 只: 000518.SZ
[22:23:23] [5分钟] 5035/5205: 000518.SZ OK
[22:23:23] [5分钟] 第 5036/5205 只: 300638.SZ
[22:23:23] [5分钟] 5036/5205: 300638.SZ OK
[22:23:23] [5分钟] 第 5037/5205 只: 300223.SZ
[22:23:23] [5分钟] 5037/5205: 300223.SZ OK
[22:23:23] [5分钟] 第 5038/5205 只: 002060.SZ
[22:23:23] [5分钟] 5038/5205: 002060.SZ OK
[22:23:23] [5分钟] 第 5039/5205 只: 300257.SZ
[22:23:23] [5分钟] 5039/5205: 300257.SZ OK
[22:23:23] [5分钟] 第 5040/5205 只: 000001.SZ
[22:23:23] [5分钟] 5040/5205: 000001.SZ OK
[22:23:23] [5分钟] 第 5041/5205 只: 300321.SZ
[22:23:23] [5分钟] 5041/5205: 300321.SZ OK
[22:23:23] [5分钟] 第 5042/5205 只: 002116.SZ
[22:23:23] [5分钟] 5042/5205: 002116.SZ OK
[22:23:23] [5分钟] 第 5043/5205 只: 300355.SZ
[22:23:23] [5分钟] 5043/5205: 300355.SZ OK
[22:23:23] [5分钟] 第 5044/5205 只: 002579.SZ
[22:23:23] [5分钟] 5044/5205: 002579.SZ OK
[22:23:23] [5分钟] 第 5045/5205 只: 002162.SZ
[22:23:23] [5分钟] 5045/5205: 002162.SZ OK
[22:23:23] [5分钟] 第 5046/5205 只: 301152.SZ
[22:23:23] [5分钟] 5046/5205: 301152.SZ OK
[22:23:23] [5分钟] 第 5047/5205 只: 001206.SZ
[22:23:23] [5分钟] 5047/5205: 001206.SZ OK
[22:23:23] [5分钟] 第 5048/5205 只: 002820.SZ
[22:23:23] [5分钟] 5048/5205: 002820.SZ OK
[22:23:23] [5分钟] 第 5049/5205 只: 301126.SZ
[22:23:23] [5分钟] 5049/5205: 301126.SZ OK
[22:23:23] [5分钟] 第 5050/5205 只: 000937.SZ
[22:23:23] [5分钟] 5050/5205: 000937.SZ OK
[22:23:23] [5分钟 5050/5205] 成功5050，失败0，当前 000937.SZ
[22:23:23] [5分钟] 第 5051/5205 只: 002591.SZ
[22:23:23] [5分钟] 5051/5205: 002591.SZ OK
[22:23:23] [5分钟] 第 5052/5205 只: 002007.SZ
[22:23:23] [5分钟] 5052/5205: 002007.SZ OK
[22:23:23] [5分钟] 第 5053/5205 只: 300230.SZ
[22:23:23] [5分钟] 5053/5205: 300230.SZ OK
[22:23:23] [5分钟] 第 5054/5205 只: 002468.SZ
[22:23:23] [5分钟] 5054/5205: 002468.SZ OK
[22:23:23] [5分钟] 第 5055/5205 只: 002073.SZ
[22:23:23] [5分钟] 5055/5205: 002073.SZ OK
[22:23:23] [5分钟] 第 5056/5205 只: 300244.SZ
[22:23:23] [5分钟] 5056/5205: 300244.SZ OK
[22:23:23] [5分钟] 第 5057/5205 只: 000852.SZ
[22:23:23] [5分钟] 5057/5205: 000852.SZ OK
[22:23:23] [5分钟] 第 5058/5205 只: 301458.SZ
[22:23:23] [5分钟] 5058/5205: 301458.SZ OK
[22:23:23] [5分钟] 第 5059/5205 只: 002945.SZ
[22:23:23] [5分钟] 5059/5205: 002945.SZ OK
[22:23:23] [5分钟] 第 5060/5205 只: 301043.SZ
[22:23:23] [5分钟] 5060/5205: 301043.SZ OK
[22:23:23] [5分钟] 第 5061/5205 只: 000826.SZ
[22:23:23] [5分钟] 5061/5205: 000826.SZ OK
[22:23:23] [5分钟] 第 5062/5205 只: 002480.SZ
[22:23:23] [5分钟] 5062/5205: 002480.SZ OK
[22:23:23] [5分钟] 第 5063/5205 只: 001317.SZ
[22:23:23] [5分钟] 5063/5205: 001317.SZ OK
[22:23:23] [5分钟] 第 5064/5205 只: 301037.SZ
[22:23:23] [5分钟] 5064/5205: 301037.SZ OK
[22:23:23] [5分钟] 第 5065/5205 只: 002931.SZ
[22:23:23] [5分钟] 5065/5205: 002931.SZ OK
[22:23:23] [5分钟] 第 5066/5205 只: 000597.SZ
[22:23:23] [5分钟] 5066/5205: 000597.SZ OK
[22:23:23] [5分钟] 第 5067/5205 只: 301141.SZ
[22:23:23] [5分钟] 5067/5205: 301141.SZ OK
[22:23:23] [5分钟] 第 5068/5205 只: 002847.SZ
[22:23:23] [5分钟] 5068/5205: 002847.SZ OK
[22:23:23] [5分钟] 第 5069/5205 只: 000950.SZ
[22:23:23] [5分钟] 5069/5205: 000950.SZ OK
[22:23:23] [5分钟] 第 5070/5205 只: 001215.SZ
[22:23:23] [5分钟] 5070/5205: 001215.SZ OK
[22:23:23] [5分钟] 第 5071/5205 只: 002833.SZ
[22:23:23] [5分钟] 5071/5205: 002833.SZ OK
[22:23:23] [5分钟] 第 5072/5205 只: 301135.SZ
[22:23:23] [5分钟] 5072/5205: 301135.SZ OK
[22:23:23] [5分钟] 第 5073/5205 只: 002199.SZ
[22:23:23] [5分钟] 5073/5205: 002199.SZ OK
[22:23:23] [5分钟] 第 5074/5205 只: 002582.SZ
[22:23:23] [5分钟] 5074/5205: 002582.SZ OK
[22:23:23] [5分钟] 第 5075/5205 只: 000012.SZ
[22:23:23] [5分钟] 5075/5205: 000012.SZ OK
[22:23:23] [5分钟] 第 5076/5205 只: 000409.SZ
[22:23:23] [5分钟] 5076/5205: 000409.SZ OK
[22:23:23] [5分钟] 第 5077/5205 只: 300729.SZ
[22:23:23] [5分钟] 5077/5205: 300729.SZ OK
[22:23:23] [5分钟] 第 5078/5205 只: 001289.SZ
[22:23:23] [5分钟] 5078/5205: 001289.SZ OK
[22:23:23] [5分钟] 第 5079/5205 只: 300332.SZ
[22:23:23] [5分钟] 5079/5205: 300332.SZ OK
[22:23:23] [5分钟] 第 5080/5205 只: 002105.SZ
[22:23:23] [5分钟] 5080/5205: 002105.SZ OK
[22:23:23] [5分钟] 第 5081/5205 只: 000066.SZ
[22:23:23] [5分钟] 5081/5205: 000066.SZ OK
[22:23:23] [5分钟] 第 5082/5205 只: 300346.SZ
[22:23:23] [5分钟] 5082/5205: 300346.SZ OK
[22:23:23] [5分钟] 第 5083/5205 只: 002171.SZ
[22:23:23] [5分钟] 5083/5205: 002171.SZ OK
[22:23:23] [5分钟] 第 5084/5205 只: 301331.SZ
[22:23:23] [5分钟] 5084/5205: 301331.SZ OK
[22:23:23] [5分钟] 第 5085/5205 只: 000691.SZ
[22:23:23] [5分钟] 5085/5205: 000691.SZ OK
[22:23:23] [5分钟] 第 5086/5205 只: 002786.SZ
[22:23:23] [5分钟] 5086/5205: 002786.SZ OK
[22:23:23] [5分钟] 第 5087/5205 只: 300800.SZ
[22:23:23] [5分钟] 5087/5205: 300800.SZ OK
[22:23:23] [5分钟] 第 5088/5205 只: 301345.SZ
[22:23:23] [5分钟] 5088/5205: 301345.SZ OK
[22:23:23] [5分钟] 第 5089/5205 只: 000679.SZ
[22:23:23] [5分钟] 5089/5205: 000679.SZ OK
[22:23:23] [5分钟] 第 5090/5205 只: 300142.SZ
[22:23:23] [5分钟] 5090/5205: 300142.SZ OK
[22:23:23] [5分钟] 第 5091/5205 只: 300559.SZ
[22:23:23] [5分钟] 5091/5205: 300559.SZ OK
[22:23:23] [5分钟] 第 5092/5205 只: 002375.SZ
[22:23:23] [5分钟] 5092/5205: 002375.SZ OK
[22:23:23] [5分钟] 第 5093/5205 只: 300136.SZ
[22:23:23] [5分钟] 5093/5205: 300136.SZ OK
[22:23:23] [5分钟] 第 5094/5205 只: 002301.SZ
[22:23:23] [5分钟] 5094/5205: 002301.SZ OK
[22:23:23] [5分钟] 第 5095/5205 只: 002277.SZ
[22:23:23] [5分钟] 5095/5205: 002277.SZ OK
[22:23:23] [5分钟] 第 5096/5205 只: 300040.SZ
[22:23:23] [5分钟] 5096/5205: 300040.SZ OK
[22:23:23] [5分钟] 第 5097/5205 只: 002203.SZ
[22:23:23] [5分钟] 5097/5205: 002203.SZ OK
[22:23:23] [5分钟] 第 5098/5205 只: 300034.SZ
[22:23:23] [5分钟] 5098/5205: 300034.SZ OK
[22:23:23] [5分钟] 第 5099/5205 只: 300902.SZ
[22:23:23] [5分钟] 5099/5205: 300902.SZ OK
[22:23:23] [5分钟] 第 5100/5205 只: 003004.SZ
[22:23:23] [5分钟] 5100/5205: 003004.SZ OK
[22:23:23] [5分钟 5100/5205] 成功5100，失败0，当前 003004.SZ
[22:23:23] [5分钟] 第 5101/5205 只: 301233.SZ
[22:23:23] [5分钟] 5101/5205: 301233.SZ OK
[22:23:23] [5分钟] 第 5102/5205 只: 000793.SZ
[22:23:23] [5分钟] 5102/5205: 000793.SZ OK
[22:23:23] [5分钟] 第 5103/5205 只: 301628.SZ
[22:23:23] [5分钟] 5103/5205: 301628.SZ OK
[22:23:23] [5分钟] 第 5104/5205 只: 300976.SZ
[22:23:23] [5分钟] 5104/5205: 300976.SZ OK
[22:23:23] [5分钟] 第 5105/5205 只: 002861.SZ
[22:23:23] [5分钟] 5105/5205: 002861.SZ OK
[22:23:23] [5分钟] 第 5106/5205 只: 301167.SZ
[22:23:23] [5分钟] 5106/5205: 301167.SZ OK
[22:23:23] [5分钟] 第 5107/5205 只: 300793.SZ
[22:23:23] [5分钟] 5107/5205: 300793.SZ OK
[22:23:23] [5分钟] 第 5108/5205 只: 001233.SZ
[22:23:23] [5分钟] 5108/5205: 001233.SZ OK
[22:23:23] [5分钟] 第 5109/5205 只: 300388.SZ
[22:23:23] [5分钟] 5109/5205: 300388.SZ OK
[22:23:23] [5分钟] 第 5110/5205 只: 301113.SZ
[22:23:23] [5分钟] 5110/5205: 301113.SZ OK
[22:23:23] [5分钟] 第 5111/5205 只: 002815.SZ
[22:23:23] [5分钟] 5111/5205: 002815.SZ OK
[22:23:23] [5分钟] 第 5112/5205 只: 301508.SZ
[22:23:23] [5分钟] 5112/5205: 301508.SZ OK
[22:23:23] [5分钟] 第 5113/5205 只: 000902.SZ
[22:23:23] [5分钟] 5113/5205: 000902.SZ OK
[22:23:23] [5分钟] 第 5114/5205 只: 002889.SZ
[22:23:23] [5分钟] 5114/5205: 002889.SZ OK
[22:23:23] [5分钟] 第 5115/5205 只: 000034.SZ
[22:23:23] [5分钟] 5115/5205: 000034.SZ OK
[22:23:23] [5分钟] 第 5116/5205 只: 300314.SZ
[22:23:23] [5分钟] 5116/5205: 300314.SZ OK
[22:23:23] [5分钟] 第 5117/5205 只: 002123.SZ
[22:23:23] [5分钟] 5117/5205: 002123.SZ OK
[22:23:23] [5分钟] 第 5118/5205 只: 002538.SZ
[22:23:23] [5分钟] 5118/5205: 002538.SZ OK
[22:23:23] [5分钟] 第 5119/5205 只: 300360.SZ
[22:23:23] [5分钟] 5119/5205: 300360.SZ OK
[22:23:23] [5分钟] 第 5120/5205 只: 002157.SZ
[22:23:23] [5分钟] 5120/5205: 002157.SZ OK
[22:23:23] [5分钟] 第 5121/5205 只: 002021.SZ
[22:23:23] [5分钟] 5121/5205: 002021.SZ OK
[22:23:23] [5分钟] 第 5122/5205 只: 002055.SZ
[22:23:23] [5分钟] 5122/5205: 002055.SZ OK
[22:23:23] [5分钟] 第 5123/5205 只: 000559.SZ
[22:23:23] [5分钟] 5123/5205: 000559.SZ OK
[22:23:23] [5分钟] 第 5124/5205 只: 300679.SZ
[22:23:23] [5分钟] 5124/5205: 300679.SZ OK
[22:23:23] [5分钟] 第 5125/5205 只: 301065.SZ
[22:23:23] [5分钟] 5125/5205: 301065.SZ OK
[22:23:23] [5分钟] 第 5126/5205 只: 002963.SZ
[22:23:23] [5分钟] 5126/5205: 002963.SZ OK
[22:23:23] [5分钟] 第 5127/5205 只: 000800.SZ
[22:23:23] [5分钟] 5127/5205: 000800.SZ OK
[22:23:23] [5分钟] 第 5128/5205 只: 300691.SZ
[22:23:23] [5分钟] 5128/5205: 300691.SZ OK
[22:23:23] [5分钟] 第 5129/5205 只: 001331.SZ
[22:23:23] [5分钟] 5129/5205: 001331.SZ OK
[22:23:23] [5分钟] 第 5130/5205 只: 002917.SZ
[22:23:23] [5分钟] 5130/5205: 002917.SZ OK
[22:23:23] [5分钟] 第 5131/5205 只: 301011.SZ
[22:23:23] [5分钟] 5131/5205: 301011.SZ OK
[22:23:23] [5分钟] 第 5132/5205 只: 002251.SZ
[22:23:23] [5分钟] 5132/5205: 002251.SZ OK
[22:23:23] [5分钟] 第 5133/5205 只: 300066.SZ
[22:23:23] [5分钟] 5133/5205: 300066.SZ OK
[22:23:23] [5分钟] 第 5134/5205 只: 002225.SZ
[22:23:23] [5分钟] 5134/5205: 002225.SZ OK
[22:23:23] [5分钟] 第 5135/5205 只: 301289.SZ
[22:23:23] [5分钟] 5135/5205: 301289.SZ OK
[22:23:23] [5分钟] 第 5136/5205 只: 000729.SZ
[22:23:23] [5分钟] 5136/5205: 000729.SZ OK
[22:23:23] [5分钟] 第 5137/5205 只: 300409.SZ
[22:23:23] [5分钟] 5137/5205: 300409.SZ OK
[22:23:23] [5分钟] 第 5138/5205 只: 300012.SZ
[22:23:23] [5分钟] 5138/5205: 300012.SZ OK
[22:23:23] [5分钟] 第 5139/5205 只: 003022.SZ
[22:23:23] [5分钟] 5139/5205: 003022.SZ OK
[22:23:23] [5分钟] 第 5140/5205 只: 301215.SZ
[22:23:23] [5分钟] 5140/5205: 301215.SZ OK
[22:23:23] [5分钟] 第 5141/5205 只: 300950.SZ
[22:23:23] [5分钟] 5141/5205: 300950.SZ OK
[22:23:23] [5分钟] 第 5142/5205 只: 301261.SZ
[22:23:23] [5分钟] 5142/5205: 301261.SZ OK
[22:23:23] [5分钟] 第 5143/5205 只: 300597.SZ
[22:23:23] [5分钟] 5143/5205: 300597.SZ OK
[22:23:23] [5分钟] 第 5144/5205 只: 301317.SZ
[22:23:23] [5分钟] 5144/5205: 301317.SZ OK
[22:23:23] [5分钟] 第 5145/5205 只: 300826.SZ
[22:23:23] [5分钟] 5145/5205: 300826.SZ OK
[22:23:23] [5分钟] 第 5146/5205 只: 301363.SZ
[22:23:23] [5分钟] 5146/5205: 301363.SZ OK
[22:23:23] [5分钟] 第 5147/5205 只: 300852.SZ
[22:23:23] [5分钟] 5147/5205: 300852.SZ OK
[22:23:23] [5分钟] 第 5148/5205 只: 300164.SZ
[22:23:23] [5分钟] 5148/5205: 300164.SZ OK
[22:23:23] [5分钟] 第 5149/5205 只: 002748.SZ
[22:23:23] [5分钟] 5149/5205: 002748.SZ OK
[22:23:23] [5分钟] 第 5150/5205 只: 002353.SZ
[22:23:23] [5分钟] 5150/5205: 002353.SZ OK
[22:23:23] [5分钟 5150/5205] 成功5150，失败0，当前 002353.SZ
[22:23:23] [5分钟] 第 5151/5205 只: 300110.SZ
[22:23:23] [5分钟] 5151/5205: 300110.SZ OK
[22:23:23] [5分钟] 第 5152/5205 只: 003816.SZ
[22:23:23] [5分钟] 5152/5205: 003816.SZ OK
[22:23:23] [5分钟] 第 5153/5205 只: 002327.SZ
[22:23:23] [5分钟] 5153/5205: 002327.SZ OK
[22:23:23] [5分钟] 第 5154/5205 只: 003031.SZ
[22:23:23] [5分钟] 5154/5205: 003031.SZ OK
[22:23:23] [5分钟] 第 5155/5205 只: 300937.SZ
[22:23:23] [5分钟] 5155/5205: 300937.SZ OK
[22:23:23] [5分钟] 第 5156/5205 只: 300486.SZ
[22:23:23] [5分钟] 5156/5205: 300486.SZ OK
[22:23:23] [5分钟] 第 5157/5205 只: 301206.SZ
[22:23:23] [5分钟] 5157/5205: 301206.SZ OK
[22:23:23] [5分钟] 第 5158/5205 只: 300943.SZ
[22:23:23] [5分钟] 5158/5205: 300943.SZ OK
[22:23:23] [5分钟] 第 5159/5205 只: 301669.SZ
[22:23:23] [5分钟] 5159/5205: 301669.SZ OK
[22:23:23] [5分钟] 第 5160/5205 只: 301272.SZ
[22:23:23] [5分钟] 5160/5205: 301272.SZ OK
[22:23:23] [5分钟] 第 5161/5205 只: 002659.SZ
[22:23:23] [5分钟] 5161/5205: 002659.SZ OK
[22:23:23] [5分钟] 第 5162/5205 只: 002242.SZ
[22:23:23] [5分钟] 5162/5205: 002242.SZ OK
[22:23:23] [5分钟] 第 5163/5205 只: 300075.SZ
[22:23:23] [5分钟] 5163/5205: 300075.SZ OK
[22:23:23] [5分钟] 第 5164/5205 只: 002236.SZ
[22:23:23] [5分钟] 5164/5205: 002236.SZ OK
[22:23:23] [5分钟] 第 5165/5205 只: 300001.SZ
[22:23:23] [5分钟] 5165/5205: 300001.SZ OK
[22:23:23] [5分钟] 第 5166/5205 只: 300177.SZ
[22:23:23] [5分钟] 5166/5205: 300177.SZ OK
[22:23:23] [5分钟] 第 5167/5205 只: 002340.SZ
[22:23:23] [5分钟] 5167/5205: 002340.SZ OK
[22:23:23] [5分钟] 第 5168/5205 只: 301398.SZ
[22:23:23] [5分钟] 5168/5205: 301398.SZ OK
[22:23:23] [5分钟] 第 5169/5205 只: 300518.SZ
[22:23:23] [5分钟] 5169/5205: 300518.SZ OK
[22:23:23] [5分钟] 第 5170/5205 只: 300103.SZ
[22:23:23] [5分钟] 5170/5205: 300103.SZ OK
[22:23:23] [5分钟] 第 5171/5205 只: 002334.SZ
[22:23:23] [5分钟] 5171/5205: 002334.SZ OK
[22:23:23] [5分钟] 第 5172/5205 只: 300584.SZ
[22:23:23] [5分钟] 5172/5205: 300584.SZ OK
[22:23:23] [5分钟] 第 5173/5205 只: 300835.SZ
[22:23:23] [5分钟] 5173/5205: 300835.SZ OK
[22:23:23] [5分钟] 第 5174/5205 只: 301370.SZ
[22:23:23] [5分钟] 5174/5205: 301370.SZ OK
[22:23:23] [5分钟] 第 5175/5205 只: 300841.SZ
[22:23:23] [5分钟] 5175/5205: 300841.SZ OK
[22:23:23] [5分钟] 第 5176/5205 只: 000027.SZ
[22:23:23] [5分钟] 5176/5205: 000027.SZ OK
[22:23:23] [5分钟] 第 5177/5205 只: 301587.SZ
[22:23:23] [5分钟] 5177/5205: 301587.SZ OK
[22:23:23] [5分钟] 第 5178/5205 只: 300307.SZ
[22:23:23] [5分钟] 5178/5205: 300307.SZ OK
[22:23:23] [5分钟] 第 5179/5205 只: 002130.SZ
[22:23:23] [5分钟] 5179/5205: 002130.SZ OK
[22:23:23] [5分钟] 第 5180/5205 只: 300373.SZ
[22:23:23] [5分钟] 5180/5205: 300373.SZ OK
[22:23:23] [5分钟] 第 5181/5205 只: 300768.SZ
[22:23:23] [5分钟] 5181/5205: 300768.SZ OK
[22:23:23] [5分钟] 第 5182/5205 只: 002144.SZ
[22:23:23] [5分钟] 5182/5205: 002144.SZ OK
[22:23:23] [5分钟] 第 5183/5205 只: 002872.SZ
[22:23:23] [5分钟] 5183/5205: 002872.SZ OK
[22:23:23] [5分钟] 第 5184/5205 只: 000965.SZ
[22:23:23] [5分钟] 5184/5205: 000965.SZ OK
[22:23:23] [5分钟] 第 5185/5205 只: 300780.SZ
[22:23:23] [5分钟] 5185/5205: 300780.SZ OK
[22:23:23] [5分钟] 第 5186/5205 只: 001220.SZ
[22:23:23] [5分钟] 5186/5205: 001220.SZ OK
[22:23:23] [5分钟] 第 5187/5205 只: 301100.SZ
[22:23:23] [5分钟] 5187/5205: 301100.SZ OK
[22:23:23] [5分钟] 第 5188/5205 只: 002806.SZ
[22:23:23] [5分钟] 5188/5205: 002806.SZ OK
[22:23:23] [5分钟] 第 5189/5205 只: 000911.SZ
[22:23:23] [5分钟] 5189/5205: 000911.SZ OK
[22:23:23] [5分钟] 第 5190/5205 只: 001356.SZ
[22:23:23] [5分钟] 5190/5205: 001356.SZ OK
[22:23:23] [5分钟] 第 5191/5205 只: 301076.SZ
[22:23:23] [5分钟] 5191/5205: 301076.SZ OK
[22:23:23] [5分钟] 第 5192/5205 只: 002970.SZ
[22:23:23] [5分钟] 5192/5205: 002970.SZ OK
[22:23:23] [5分钟] 第 5193/5205 只: 000813.SZ
[22:23:23] [5分钟] 5193/5205: 000813.SZ OK
[22:23:23] [5分钟] 第 5194/5205 只: 300682.SZ
[22:23:23] [5分钟] 5194/5205: 300682.SZ OK
[22:23:23] [5分钟] 第 5195/5205 只: 001322.SZ
[22:23:23] [5分钟] 5195/5205: 001322.SZ OK
[22:23:23] [5分钟] 第 5196/5205 只: 300299.SZ
[22:23:23] [5分钟] 5196/5205: 300299.SZ OK
[22:23:23] [5分钟] 第 5197/5205 只: 301002.SZ
[22:23:23] [5分钟] 5197/5205: 301002.SZ OK
[22:23:23] [5分钟] 第 5198/5205 只: 301419.SZ
[22:23:23] [5分钟] 5198/5205: 301419.SZ OK
[22:23:23] [5分钟] 第 5199/5205 只: 002032.SZ
[22:23:23] [5分钟] 5199/5205: 002032.SZ OK
[22:23:23] [5分钟] 第 5200/5205 只: 002429.SZ
[22:23:23] [5分钟] 5200/5205: 002429.SZ OK
[22:23:23] [5分钟 5200/5205] 成功5200，失败0，当前 002429.SZ
[22:23:23] [5分钟] 第 5201/5205 只: 002998.SZ
[22:23:23] [5分钟] 5201/5205: 002998.SZ OK
[22:23:23] [5分钟] 第 5202/5205 只: 300205.SZ
[22:23:23] [5分钟] 5202/5205: 300205.SZ OK
[22:23:23] [5分钟] 第 5203/5205 只: 002046.SZ
[22:23:23] [5分钟] 5203/5205: 002046.SZ OK
[22:23:23] [5分钟] 第 5204/5205 只: 000151.SZ
[22:23:23] [5分钟] 5204/5205: 000151.SZ OK
[22:23:23] [5分钟] 第 5205/5205 只: 300271.SZ
[22:23:23] [5分钟] 5205/5205: 300271.SZ OK
[22:23:23] [5分钟 5205/5205] 成功5205，失败0，当前 300271.SZ
[22:23:23] 【5分钟完成】成功 5205/5205，失败 0
[22:23:23] 全部下载任务结束：
  成功 5205 / 5205
  失败 0
  周期 5分钟，区间 20250101~20260101
[22:43:26] —— 准备从 QMT 拉取数据 —— 5分钟
  日期区间: 20150101 ~ 20160101
[22:43:26] 开始下载 5分钟: 20150101 ~ 20160101，板块=沪深A股，共 5205 只（请保持 miniQMT 已登录）。
[22:43:26] 
========== 正在下载 5分钟 ==========
[22:43:26] [5分钟] 第 1/5205 只: 600051.SH
[22:43:26] [5分钟] 1/5205: 600051.SH OK
[22:43:26] [5分钟 1/5205] 成功1，失败0，当前 600051.SH
[22:43:26] [5分钟] 第 2/5205 只: 605090.SH
[22:43:27] [5分钟] 2/5205: 605090.SH OK
[22:43:27] [5分钟] 第 3/5205 只: 600025.SH
[22:43:27] [5分钟] 3/5205: 600025.SH OK
[22:43:27] [5分钟] 第 4/5205 只: 601222.SH
[22:43:27] [5分钟] 4/5205: 601222.SH OK
[22:43:27] [5分钟] 第 5/5205 只: 688031.SH
[22:43:27] [5分钟] 5/5205: 688031.SH OK
[22:43:27] [5分钟] 第 6/5205 只: 603335.SH
[22:43:27] [5分钟] 6/5205: 603335.SH OK
[22:43:27] [5分钟] 第 7/5205 只: 688045.SH
[22:43:27] [5分钟] 7/5205: 688045.SH OK
[22:43:27] [5分钟] 第 8/5205 只: 603341.SH
[22:43:27] [5分钟] 8/5205: 603341.SH OK
[22:43:27] [5分钟] 第 9/5205 只: 600967.SH
[22:43:27] [5分钟] 9/5205: 600967.SH OK
[22:43:27] [5分钟] 第 10/5205 只: 603237.SH
[22:43:27] [5分钟] 10/5205: 603237.SH OK
[22:43:27] [5分钟] 第 11/5205 只: 688528.SH
[22:43:27] [5分钟] 11/5205: 688528.SH OK
[22:43:28] [5分钟] 第 12/5205 只: 688133.SH
[22:43:28] [5分钟] 12/5205: 688133.SH OK
[22:43:28] [5分钟] 第 13/5205 只: 603658.SH
[22:43:28] [5分钟] 13/5205: 603658.SH OK
[22:43:28] [5分钟] 第 14/5205 只: 600865.SH
[22:43:28] [5分钟] 14/5205: 600865.SH OK
[22:43:28] [5分钟] 第 15/5205 只: 688147.SH
[22:43:28] [5分钟] 15/5205: 688147.SH OK
[22:43:28] [5分钟] 第 16/5205 只: 605589.SH
[22:43:28] [5分钟] 16/5205: 605589.SH OK
[22:43:28] [5分钟] 第 17/5205 只: 600153.SH
[22:43:28] [5分钟] 17/5205: 600153.SH OK
[22:43:28] [5分钟] 第 18/5205 只: 600548.SH
[22:43:28] [5分钟] 18/5205: 600548.SH OK
[22:43:28] [5分钟] 第 19/5205 只: 688805.SH
[22:43:28] [5分钟] 19/5205: 688805.SH OK
[22:43:28] [5分钟] 第 20/5205 只: 600127.SH
[22:43:29] [5分钟] 20/5205: 600127.SH OK
[22:43:29] [5分钟] 第 21/5205 只: 688343.SH
[22:43:29] [5分钟] 21/5205: 688343.SH OK
[22:43:29] [5分钟] 第 22/5205 只: 688758.SH
[22:43:29] [5分钟] 22/5205: 688758.SH OK
[22:43:29] [5分钟] 第 23/5205 只: 603033.SH
[22:43:29] [5分钟] 23/5205: 603033.SH OK
[22:43:29] [5分钟] 第 24/5205 只: 603999.SH
[22:43:29] [5分钟] 24/5205: 603999.SH OK
[22:43:29] [5分钟] 第 25/5205 只: 688337.SH
[22:43:29] [5分钟] 25/5205: 688337.SH OK
[22:43:29] [5分钟] 第 26/5205 只: 600738.SH
[22:43:29] [5分钟] 26/5205: 600738.SH OK
[22:43:29] [5分钟] 第 27/5205 只: 600323.SH
[22:43:29] [5分钟] 27/5205: 600323.SH OK
[22:43:29] [5分钟] 第 28/5205 只: 601866.SH
[22:43:29] [5分钟] 28/5205: 601866.SH OK
[22:43:29] [5分钟] 第 29/5205 只: 600221.SH
[22:43:29] [5分钟] 29/5205: 600221.SH OK
[22:43:29] [5分钟] 第 30/5205 只: 600255.SH
[22:43:29] [5分钟] 30/5205: 600255.SH OK
[22:43:29] [5分钟] 第 31/5205 只: 605208.SH
[22:43:29] [5分钟] 31/5205: 605208.SH OK
[22:43:30] [5分钟] 第 32/5205 只: 601026.SH
[22:43:30] [5分钟] 32/5205: 601026.SH OK
[22:43:30] [5分钟] 第 33/5205 只: 688235.SH
[22:43:30] [5分钟] 33/5205: 688235.SH OK
[22:43:30] [5分钟] 第 34/5205 只: 603131.SH
[22:43:30] [5分钟] 34/5205: 603131.SH OK
[22:43:30] [5分钟] 第 35/5205 只: 601801.SH
[22:43:30] [5分钟] 35/5205: 601801.SH OK
[22:43:30] [5分钟] 第 36/5205 只: 603916.SH
[22:43:30] [5分钟] 36/5205: 603916.SH OK
[22:43:30] [5分钟] 第 37/5205 只: 600330.SH
[22:43:30] [5分钟] 37/5205: 600330.SH OK
[22:43:30] [5分钟] 第 38/5205 只: 605319.SH
[22:43:30] [5分钟] 38/5205: 605319.SH OK
[22:43:30] [5分钟] 第 39/5205 只: 688350.SH
[22:43:30] [5分钟] 39/5205: 688350.SH OK
[22:43:30] [5分钟] 第 40/5205 只: 603020.SH
[22:43:30] [5分钟] 40/5205: 603020.SH OK
[22:43:30] [5分钟] 第 41/5205 只: 601137.SH
[22:43:30] [5分钟] 41/5205: 601137.SH OK
[22:43:30] [5分钟] 第 42/5205 只: 688252.SH
[22:43:31] [5分钟] 42/5205: 688252.SH OK
[22:43:31] [5分钟] 第 43/5205 只: 603156.SH
[22:43:31] [5分钟] 43/5205: 603156.SH OK
[22:43:31] [5分钟] 第 44/5205 只: 603888.SH
[22:43:31] [5分钟] 44/5205: 603888.SH OK
[22:43:31] [5分钟] 第 45/5205 只: 688226.SH
[22:43:31] [5分钟] 45/5205: 688226.SH OK
[22:43:31] [5分钟] 第 46/5205 只: 603122.SH
[22:43:31] [5分钟] 46/5205: 603122.SH OK
[22:43:31] [5分钟] 第 47/5205 只: 600629.SH
[22:43:31] [5分钟] 47/5205: 600629.SH OK
[22:43:31] [5分钟] 第 48/5205 只: 600232.SH
[22:43:31] [5分钟] 48/5205: 600232.SH OK
[22:43:31] [5分钟] 第 49/5205 只: 603860.SH
[22:43:31] [5分钟] 49/5205: 603860.SH OK
[22:43:31] [5分钟] 第 50/5205 只: 600246.SH
[22:43:31] [5分钟] 50/5205: 600246.SH OK
[22:43:32] [5分钟 50/5205] 成功50，失败0，当前 600246.SH
[22:43:32] [5分钟] 第 51/5205 只: 605287.SH
[22:43:32] [5分钟] 51/5205: 605287.SH OK
[22:43:32] [5分钟] 第 52/5205 只: 688439.SH
[22:43:32] [5分钟] 52/5205: 688439.SH OK
[22:43:32] [5分钟] 第 53/5205 只: 601231.SH
[22:43:32] [5分钟] 53/5205: 601231.SH OK
[22:43:32] [5分钟] 第 54/5205 只: 688022.SH
[22:43:32] [5分钟] 54/5205: 688022.SH OK
[22:43:32] [5分钟] 第 55/5205 只: 603326.SH
[22:43:32] [5分钟] 55/5205: 603326.SH OK
[22:43:32] [5分钟] 第 56/5205 只: 600900.SH
[22:43:32] [5分钟] 56/5205: 600900.SH OK
[22:43:32] [5分钟] 第 57/5205 只: 688056.SH
[22:43:32] [5分钟] 57/5205: 688056.SH OK
[22:43:32] [5分钟] 第 58/5205 只: 603352.SH
[22:43:32] [5分钟] 58/5205: 603352.SH OK
[22:43:32] [5分钟] 第 59/5205 只: 600459.SH
[22:43:32] [5分钟] 59/5205: 600459.SH OK
[22:43:32] [5分钟] 第 60/5205 只: 600036.SH
[22:43:32] [5分钟] 60/5205: 600036.SH OK
[22:43:33] [5分钟] 第 61/5205 只: 688816.SH
[22:43:33] [5分钟] 61/5205: 688816.SH OK
[22:43:33] [5分钟] 第 62/5205 只: 605169.SH
[22:43:33] [5分钟] 62/5205: 605169.SH OK
[22:43:33] [5分钟] 第 63/5205 只: 600802.SH
[22:43:33] [5分钟] 63/5205: 600802.SH OK
[22:43:33] [5分钟] 第 64/5205 只: 601333.SH
[22:43:33] [5分钟] 64/5205: 601333.SH OK
[22:43:33] [5分钟] 第 65/5205 只: 688120.SH
[22:43:33] [5分钟] 65/5205: 688120.SH OK
[22:43:33] [5分钟] 第 66/5205 只: 601728.SH
[22:43:33] [5分钟] 66/5205: 601728.SH OK
[22:43:33] [5分钟] 第 67/5205 只: 600876.SH
[22:43:33] [5分钟] 67/5205: 600876.SH OK
[22:43:33] [5分钟] 第 68/5205 只: 603170.SH
[22:43:33] [5分钟] 68/5205: 603170.SH OK
[22:43:33] [5分钟] 第 69/5205 只: 600693.SH
[22:43:33] [5分钟] 69/5205: 600693.SH OK
[22:43:33] [5分钟] 第 70/5205 只: 600288.SH
[22:43:33] [5分钟] 70/5205: 600288.SH OK
[22:43:33] [5分钟] 第 71/5205 只: 688200.SH
[22:43:33] [5分钟] 71/5205: 688200.SH OK
[22:43:34] [5分钟] 第 72/5205 只: 688687.SH
[22:43:34] [5分钟] 72/5205: 688687.SH OK
[22:43:34] [5分钟] 第 73/5205 只: 603198.SH
[22:43:34] [5分钟] 73/5205: 603198.SH OK
[22:43:34] [5分钟] 第 74/5205 只: 603583.SH
[22:43:34] [5分钟] 74/5205: 603583.SH OK
[22:43:34] [5分钟] 第 75/5205 只: 601827.SH
[22:43:34] [5分钟] 75/5205: 601827.SH OK
[22:43:34] [5分钟] 第 76/5205 只: 688785.SH
[22:43:34] [5分钟] 76/5205: 688785.SH OK
[22:43:34] [5分钟] 第 77/5205 只: 600316.SH
[22:43:34] [5分钟] 77/5205: 600316.SH OK
[22:43:34] [5分钟] 第 78/5205 只: 600362.SH
[22:43:34] [5分钟] 78/5205: 600362.SH OK
[22:43:34] [5分钟] 第 79/5205 只: 600779.SH
[22:43:34] [5分钟] 79/5205: 600779.SH OK
[22:43:34] [5分钟] 第 80/5205 只: 603072.SH
[22:43:34] [5分钟] 80/5205: 603072.SH OK
[22:43:34] [5分钟] 第 81/5205 只: 688376.SH
[22:43:34] [5分钟] 81/5205: 688376.SH OK
[22:43:34] [5分钟] 第 82/5205 只: 603006.SH
[22:43:34] [5分钟] 82/5205: 603006.SH OK
[22:43:35] [5分钟] 第 83/5205 只: 600791.SH
[22:43:35] [5分钟] 83/5205: 600791.SH OK
[22:43:35] [5分钟] 第 84/5205 只: 601111.SH
[22:43:35] [5分钟] 84/5205: 601111.SH OK
[22:43:35] [5分钟] 第 85/5205 只: 688719.SH
[22:43:35] [5分钟] 85/5205: 688719.SH OK
[22:43:35] [5分钟] 第 86/5205 只: 688302.SH
[22:43:35] [5分钟] 86/5205: 688302.SH OK
[22:43:35] [5分钟] 第 87/5205 只: 600166.SH
[22:43:35] [5分钟] 87/5205: 600166.SH OK
[22:43:35] [5分钟] 第 88/5205 只: 603685.SH
[22:43:35] [5分钟] 88/5205: 603685.SH OK
[22:43:35] [5分钟] 第 89/5205 只: 688581.SH
[22:43:35] [5分钟] 89/5205: 688581.SH OK
[22:43:35] [5分钟] 第 90/5205 只: 600509.SH
[22:43:35] [5分钟] 90/5205: 600509.SH OK
[22:43:35] [5分钟] 第 91/5205 只: 603202.SH
[22:43:35] [5分钟] 91/5205: 603202.SH OK
[22:43:35] [5分钟] 第 92/5205 只: 603619.SH
[22:43:35] [5分钟] 92/5205: 603619.SH OK
[22:43:35] [5分钟] 第 93/5205 只: 600824.SH
[22:43:36] [5分钟] 93/5205: 600824.SH OK
[22:43:36] [5分钟] 第 94/5205 只: 600595.SH
[22:43:36] [5分钟] 94/5205: 600595.SH OK
[22:43:36] [5分钟] 第 95/5205 只: 688106.SH
[22:43:36] [5分钟] 95/5205: 688106.SH OK
[22:43:36] [5分钟] 第 96/5205 只: 603276.SH
[22:43:36] [5分钟] 96/5205: 603276.SH OK
[22:43:36] [5分钟] 第 97/5205 只: 600850.SH
[22:43:36] [5分钟] 97/5205: 600850.SH OK
[22:43:36] [5分钟] 第 98/5205 只: 688172.SH
[22:43:36] [5分钟] 98/5205: 688172.SH OK
[22:43:36] [5分钟] 第 99/5205 只: 688569.SH
[22:43:36] [5分钟] 99/5205: 688569.SH OK
[22:43:36] [5分钟] 第 100/5205 只: 600497.SH
[22:43:36] [5分钟] 100/5205: 600497.SH OK
[22:43:36] [5分钟 100/5205] 成功100，失败0，当前 600497.SH
[22:43:36] [5分钟] 第 101/5205 只: 688004.SH
[22:43:36] [5分钟] 101/5205: 688004.SH OK
[22:43:36] [5分钟] 第 102/5205 只: 603300.SH
[22:43:36] [5分钟] 102/5205: 603300.SH OK
[22:43:37] [5分钟] 第 103/5205 只: 600926.SH
[22:43:37] [5分钟] 103/5205: 600926.SH OK
[22:43:37] [5分钟] 第 104/5205 只: 601678.SH
[22:43:37] [5分钟] 104/5205: 601678.SH OK
[22:43:37] [5分钟] 第 105/5205 只: 688070.SH
[22:43:37] [5分钟] 105/5205: 688070.SH OK
[22:43:37] [5分钟] 第 106/5205 只: 600064.SH
[22:43:37] [5分钟] 106/5205: 600064.SH OK
[22:43:37] [5分钟] 第 107/5205 只: 688098.SH
[22:43:37] [5分钟] 107/5205: 688098.SH OK
[22:43:37] [5分钟] 第 108/5205 只: 600010.SH
[22:43:37] [5分钟] 108/5205: 600010.SH OK
[22:43:37] [5分钟] 第 109/5205 只: 603787.SH
[22:43:37] [5分钟] 109/5205: 603787.SH OK
[22:43:37] [5分钟] 第 110/5205 只: 603211.SH
[22:43:37] [5分钟] 110/5205: 603211.SH OK
[22:43:37] [5分钟] 第 111/5205 只: 600586.SH
[22:43:37] [5分钟] 111/5205: 600586.SH OK
[22:43:37] [5分钟] 第 112/5205 只: 688115.SH
[22:43:37] [5分钟] 112/5205: 688115.SH OK
[22:43:38] [5分钟] 第 113/5205 只: 600843.SH
[22:43:38] [5分钟] 113/5205: 600843.SH OK
[22:43:38] [5分钟] 第 114/5205 只: 605128.SH
[22:43:38] [5分钟] 114/5205: 605128.SH OK
[22:43:38] [5分钟] 第 115/5205 只: 688161.SH
[22:43:38] [5分钟] 115/5205: 688161.SH OK
[22:43:38] [5分钟] 第 116/5205 只: 603696.SH
[22:43:38] [5分钟] 116/5205: 603696.SH OK
[22:43:38] [5分钟] 第 117/5205 只: 688592.SH
[22:43:38] [5分钟] 117/5205: 688592.SH OK
[22:43:38] [5分钟] 第 118/5205 只: 688189.SH
[22:43:38] [5分钟] 118/5205: 688189.SH OK
[22:43:38] [5分钟] 第 119/5205 只: 600101.SH
[22:43:38] [5分钟] 119/5205: 600101.SH OK
[22:43:38] [5分钟] 第 120/5205 只: 601298.SH
[22:43:39] [5分钟] 120/5205: 601298.SH OK
[22:43:39] [5分钟] 第 121/5205 只: 600418.SH
[22:43:39] [5分钟] 121/5205: 600418.SH OK
[22:43:39] [5分钟] 第 122/5205 只: 688017.SH
[22:43:39] [5分钟] 122/5205: 688017.SH OK
[22:43:40] [5分钟] 第 123/5205 只: 603313.SH
[22:43:40] [5分钟] 123/5205: 603313.SH OK
[22:43:40] [5分钟] 第 124/5205 只: 603708.SH
[22:43:40] [5分钟] 124/5205: 603708.SH OK
[22:43:40] [5分钟] 第 125/5205 只: 600935.SH
[22:43:40] [5分钟] 125/5205: 600935.SH OK
[22:43:40] [5分钟] 第 126/5205 只: 688063.SH
[22:43:40] [5分钟] 126/5205: 688063.SH OK
[22:43:40] [5分钟] 第 127/5205 只: 688478.SH
[22:43:40] [5分钟] 127/5205: 688478.SH OK
[22:43:40] [5分钟] 第 128/5205 只: 603367.SH
[22:43:40] [5分钟] 128/5205: 603367.SH OK
[22:43:40] [5分钟] 第 129/5205 只: 600941.SH
[22:43:40] [5分钟] 129/5205: 600941.SH OK
[22:43:40] [5分钟] 第 130/5205 只: 600207.SH
[22:43:40] [5分钟] 130/5205: 600207.SH OK
[22:43:40] [5分钟] 第 131/5205 只: 603590.SH
[22:43:40] [5分钟] 131/5205: 603590.SH OK
[22:43:40] [5分钟] 第 132/5205 只: 603855.SH
[22:43:40] [5分钟] 132/5205: 603855.SH OK
[22:43:40] [5分钟] 第 133/5205 只: 600273.SH
[22:43:40] [5分钟] 133/5205: 600273.SH OK
[22:43:40] [5分钟] 第 134/5205 只: 600668.SH
[22:43:40] [5分钟] 134/5205: 600668.SH OK
[22:43:41] [5分钟] 第 135/5205 只: 688267.SH
[22:43:41] [5分钟] 135/5205: 688267.SH OK
[22:43:41] [5分钟] 第 136/5205 只: 603578.SH
[22:43:41] [5分钟] 136/5205: 603578.SH OK
[22:43:41] [5分钟] 第 137/5205 只: 603163.SH
[22:43:41] [5分钟] 137/5205: 603163.SH OK
[22:43:41] [5分钟] 第 138/5205 只: 601000.SH
[22:43:41] [5分钟] 138/5205: 601000.SH OK
[22:43:41] [5分钟] 第 139/5205 只: 688608.SH
[22:43:41] [5分钟] 139/5205: 688608.SH OK
[22:43:41] [5分钟] 第 140/5205 只: 688213.SH
[22:43:41] [5分钟] 140/5205: 688213.SH OK
[22:43:41] [5分钟] 第 141/5205 只: 603117.SH
[22:43:41] [5分钟] 141/5205: 603117.SH OK
[22:43:41] [5分钟] 第 142/5205 只: 603061.SH
[22:43:41] [5分钟] 142/5205: 603061.SH OK
[22:43:41] [5分钟] 第 143/5205 只: 688365.SH
[22:43:41] [5分钟] 143/5205: 688365.SH OK
[22:43:41] [5分钟] 第 144/5205 只: 603015.SH
[22:43:42] [5分钟] 144/5205: 603015.SH OK
[22:43:42] [5分钟] 第 145/5205 只: 605358.SH
[22:43:42] [5分钟] 145/5205: 605358.SH OK
[22:43:42] [5分钟] 第 146/5205 只: 600782.SH
[22:43:42] [5分钟] 146/5205: 600782.SH OK
[22:43:42] [5分钟] 第 147/5205 只: 600399.SH
[22:43:42] [5分钟] 147/5205: 600399.SH OK
[22:43:42] [5分钟] 第 148/5205 只: 601519.SH
[22:43:42] [5分钟] 148/5205: 601519.SH OK
[22:43:42] [5分钟] 第 149/5205 只: 688311.SH
[22:43:42] [5分钟] 149/5205: 688311.SH OK
[22:43:42] [5分钟] 第 150/5205 只: 603089.SH
[22:43:42] [5分钟] 150/5205: 603089.SH OK
[22:43:42] [5分钟 150/5205] 成功150，失败0，当前 603089.SH
[22:43:42] [5分钟] 第 151/5205 只: 688796.SH
[22:43:42] [5分钟] 151/5205: 688796.SH OK
[22:43:42] [5分钟] 第 152/5205 只: 600305.SH
[22:43:42] [5分钟] 152/5205: 600305.SH OK
[22:43:42] [5分钟] 第 153/5205 只: 600371.SH
[22:43:42] [5分钟] 153/5205: 600371.SH OK
[22:43:43] [5分钟] 第 154/5205 只: 600880.SH
[22:43:43] [5分钟] 154/5205: 600880.SH OK
[22:43:43] [5分钟] 第 155/5205 只: 688808.SH
[22:43:43] [5分钟] 155/5205: 688808.SH OK
[22:43:43] [5分钟] 第 156/5205 只: 600531.SH
[22:43:43] [5分钟] 156/5205: 600531.SH OK
[22:43:43] [5分钟] 第 157/5205 只: 600545.SH
[22:43:43] [5分钟] 157/5205: 600545.SH OK
[22:43:43] [5分钟] 第 158/5205 只: 603655.SH
[22:43:43] [5分钟] 158/5205: 603655.SH OK
[22:43:43] [5分钟] 第 159/5205 只: 600868.SH
[22:43:43] [5分钟] 159/5205: 600868.SH OK
[22:43:43] [5分钟] 第 160/5205 只: 688551.SH
[22:43:43] [5分钟] 160/5205: 688551.SH OK
[22:43:43] [5分钟] 第 161/5205 只: 605177.SH
[22:43:43] [5分钟] 161/5205: 605177.SH OK
[22:43:43] [5分钟] 第 162/5205 只: 688525.SH
[22:43:43] [5分钟] 162/5205: 688525.SH OK
[22:43:43] [5分钟] 第 163/5205 只: 688048.SH
[22:43:43] [5分钟] 163/5205: 688048.SH OK
[22:43:43] [5分钟] 第 164/5205 只: 603757.SH
[22:43:44] [5分钟] 164/5205: 603757.SH OK
[22:43:44] [5分钟] 第 165/5205 只: 605001.SH
[22:43:44] [5分钟] 165/5205: 605001.SH OK
[22:43:44] [5分钟] 第 166/5205 只: 603338.SH
[22:43:44] [5分钟] 166/5205: 603338.SH OK
[22:43:44] [5分钟] 第 167/5205 只: 600028.SH
[22:43:44] [5分钟] 167/5205: 600028.SH OK
[22:43:44] [5分钟] 第 168/5205 只: 600433.SH
[22:43:44] [5分钟] 168/5205: 600433.SH OK
[22:43:44] [5分钟] 第 169/5205 只: 600982.SH
[22:43:44] [5分钟] 169/5205: 600982.SH OK
[22:43:44] [5分钟] 第 170/5205 只: 688238.SH
[22:43:44] [5分钟] 170/5205: 688238.SH OK
[22:43:44] [5分钟] 第 171/5205 只: 688623.SH
[22:43:44] [5分钟] 171/5205: 688623.SH OK
[22:43:44] [5分钟] 第 172/5205 只: 603896.SH
[22:43:44] [5分钟] 172/5205: 603896.SH OK
[22:43:44] [5分钟] 第 173/5205 只: 603527.SH
[22:43:44] [5分钟] 173/5205: 603527.SH OK
[22:43:44] [5分钟] 第 174/5205 只: 688657.SH
[22:43:44] [5分钟] 174/5205: 688657.SH OK
[22:43:44] [5分钟] 第 175/5205 只: 600643.SH
[22:43:44] [5分钟] 175/5205: 600643.SH OK
[22:43:45] [5分钟] 第 176/5205 只: 600258.SH
[22:43:45] [5分钟] 176/5205: 600258.SH OK
[22:43:45] [5分钟] 第 177/5205 只: 605299.SH
[22:43:45] [5分钟] 177/5205: 605299.SH OK
[22:43:45] [5分钟] 第 178/5205 只: 601969.SH
[22:43:45] [5分钟] 178/5205: 601969.SH OK
[22:43:45] [5分钟] 第 179/5205 只: 600637.SH
[22:43:45] [5分钟] 179/5205: 600637.SH OK
[22:43:45] [5分钟] 第 180/5205 只: 600741.SH
[22:43:45] [5分钟] 180/5205: 600741.SH OK
[22:43:45] [5分钟] 第 181/5205 只: 603908.SH
[22:43:45] [5分钟] 181/5205: 603908.SH OK
[22:43:45] [5分钟] 第 182/5205 只: 600735.SH
[22:43:45] [5分钟] 182/5205: 600735.SH OK
[22:43:45] [5分钟] 第 183/5205 只: 688721.SH
[22:43:45] [5分钟] 183/5205: 688721.SH OK
[22:43:45] [5分钟] 第 184/5205 只: 688755.SH
[22:43:45] [5分钟] 184/5205: 688755.SH OK
[22:43:45] [5分钟] 第 185/5205 只: 600650.SH
[22:43:45] [5分钟] 185/5205: 600650.SH OK
[22:43:45] [5分钟] 第 186/5205 只: 603819.SH
[22:43:45] [5分钟] 186/5205: 603819.SH OK
[22:43:45] [5分钟] 第 187/5205 只: 600624.SH
[22:43:46] [5分钟] 187/5205: 600624.SH OK
[22:43:46] [5分钟] 第 188/5205 只: 601038.SH
[22:43:46] [5分钟] 188/5205: 601038.SH OK
[22:43:46] [5分钟] 第 189/5205 只: 688630.SH
[22:43:46] [5分钟] 189/5205: 688630.SH OK
[22:43:46] [5分钟] 第 190/5205 只: 603885.SH
[22:43:46] [5分钟] 190/5205: 603885.SH OK
[22:43:46] [5分钟] 第 191/5205 只: 601992.SH
[22:43:46] [5分钟] 191/5205: 601992.SH OK
[22:43:46] [5分钟] 第 192/5205 只: 601890.SH
[22:43:46] [5分钟] 192/5205: 601890.SH OK
[22:43:46] [5分钟] 第 193/5205 只: 688329.SH
[22:43:46] [5分钟] 193/5205: 688329.SH OK
[22:43:46] [5分钟] 第 194/5205 只: 603987.SH
[22:43:46] [5分钟] 194/5205: 603987.SH OK
[22:43:46] [5分钟] 第 195/5205 只: 603059.SH
[22:43:46] [5分钟] 195/5205: 603059.SH OK
[22:43:46] [5分钟] 第 196/5205 只: 601555.SH
[22:43:46] [5分钟] 196/5205: 601555.SH OK
[22:43:47] [5分钟] 第 197/5205 只: 605388.SH
[22:43:47] [5分钟] 197/5205: 605388.SH OK
[22:43:47] [5分钟] 第 198/5205 只: 601878.SH
[22:43:47] [5分钟] 198/5205: 601878.SH OK
[22:43:47] [5分钟] 第 199/5205 只: 600726.SH
[22:43:47] [5分钟] 199/5205: 600726.SH OK
[22:43:47] [5分钟] 第 200/5205 只: 688159.SH
[22:43:47] [5分钟] 200/5205: 688159.SH OK
[22:43:47] [5分钟 200/5205] 成功200，失败0，当前 688159.SH
[22:43:47] [5分钟] 第 201/5205 只: 603229.SH
[22:43:47] [5分钟] 201/5205: 603229.SH OK
[22:43:47] [5分钟] 第 202/5205 只: 688536.SH
[22:43:47] [5分钟] 202/5205: 688536.SH OK
[22:43:47] [5分钟] 第 203/5205 只: 600893.SH
[22:43:47] [5分钟] 203/5205: 600893.SH OK
[22:43:47] [5分钟] 第 204/5205 只: 600522.SH
[22:43:48] [5分钟] 204/5205: 600522.SH OK
[22:43:48] [5分钟] 第 205/5205 只: 600556.SH
[22:43:48] [5分钟] 205/5205: 600556.SH OK
[22:43:48] [5分钟] 第 206/5205 只: 600420.SH
[22:43:48] [5分钟] 206/5205: 600420.SH OK
[22:43:48] [5分钟] 第 207/5205 只: 600979.SH
[22:43:48] [5分钟] 207/5205: 600979.SH OK
[22:43:48] [5分钟] 第 208/5205 只: 603730.SH
[22:43:48] [5分钟] 208/5205: 603730.SH OK
[22:43:48] [5分钟] 第 209/5205 只: 605066.SH
[22:43:48] [5分钟] 209/5205: 605066.SH OK
[22:43:48] [5分钟] 第 210/5205 只: 601168.SH
[22:43:48] [5分钟] 210/5205: 601168.SH OK
[22:43:48] [5分钟] 第 211/5205 只: 603949.SH
[22:43:48] [5分钟] 211/5205: 603949.SH OK
[22:43:48] [5分钟] 第 212/5205 只: 600774.SH
[22:43:49] [5分钟] 212/5205: 600774.SH OK
[22:43:49] [5分钟] 第 213/5205 只: 603097.SH
[22:43:49] [5分钟] 213/5205: 603097.SH OK
[22:43:49] [5分钟] 第 214/5205 只: 688393.SH
[22:43:49] [5分钟] 214/5205: 688393.SH OK
[22:43:49] [5分钟] 第 215/5205 只: 688788.SH
[22:43:49] [5分钟] 215/5205: 688788.SH OK
[22:43:49] [5分钟] 第 216/5205 只: 600676.SH
[22:43:49] [5分钟] 216/5205: 600676.SH OK
[22:43:49] [5分钟] 第 217/5205 只: 688291.SH
[22:43:49] [5分钟] 217/5205: 688291.SH OK
[22:43:49] [5分钟] 第 218/5205 只: 600219.SH
[22:43:49] [5分钟] 218/5205: 600219.SH OK
[22:43:49] [5分钟] 第 219/5205 只: 600602.SH
[22:43:49] [5分钟] 219/5205: 600602.SH OK
[22:43:49] [5分钟] 第 220/5205 只: 603195.SH
[22:43:49] [5分钟] 220/5205: 603195.SH OK
[22:43:50] [5分钟] 第 221/5205 只: 601928.SH
[22:43:50] [5分钟] 221/5205: 601928.SH OK
[22:43:50] [5分钟] 第 222/5205 只: 600285.SH
[22:43:50] [5分钟] 222/5205: 600285.SH OK
[22:43:50] [5分钟] 第 223/5205 只: 688616.SH
[22:43:50] [5分钟] 223/5205: 688616.SH OK
[22:43:50] [5分钟] 第 224/5205 只: 603109.SH
[22:43:50] [5分钟] 224/5205: 603109.SH OK
[22:43:50] [5分钟] 第 225/5205 只: 688662.SH
[22:43:50] [5分钟] 225/5205: 688662.SH OK
[22:43:50] [5分钟] 第 226/5205 只: 688279.SH
[22:43:50] [5分钟] 226/5205: 688279.SH OK
[22:43:50] [5分钟] 第 227/5205 只: 603566.SH
[22:43:50] [5分钟] 227/5205: 603566.SH OK
[22:43:51] [5分钟] 第 228/5205 只: 688095.SH
[22:43:51] [5分钟] 228/5205: 688095.SH OK
[22:43:51] [5分钟] 第 229/5205 只: 600406.SH
[22:43:51] [5分钟] 229/5205: 600406.SH OK
[22:43:51] [5分钟] 第 230/5205 只: 603391.SH
[22:43:51] [5分钟] 230/5205: 603391.SH OK
[22:43:51] [5分钟] 第 231/5205 只: 688466.SH
[22:43:51] [5分钟] 231/5205: 688466.SH OK
[22:43:51] [5分钟] 第 232/5205 只: 603379.SH
[22:43:51] [5分钟] 232/5205: 603379.SH OK
[22:43:51] [5分钟] 第 233/5205 只: 600081.SH
[22:43:51] [5分钟] 233/5205: 600081.SH OK
[22:43:51] [5分钟] 第 234/5205 只: 688009.SH
[22:43:51] [5分钟] 234/5205: 688009.SH OK
[22:43:51] [5分钟] 第 235/5205 只: 601601.SH
[22:43:51] [5分钟] 235/5205: 601601.SH OK
[22:43:51] [5分钟] 第 236/5205 只: 603716.SH
[22:43:51] [5分钟] 236/5205: 603716.SH OK
[22:43:51] [5分钟] 第 237/5205 只: 603660.SH
[22:43:51] [5分钟] 237/5205: 603660.SH OK
[22:43:52] [5分钟] 第 238/5205 只: 605136.SH
[22:43:52] [5分钟] 238/5205: 605136.SH OK
[22:43:52] [5分钟] 第 239/5205 只: 601777.SH
[22:43:52] [5分钟] 239/5205: 601777.SH OK
[22:43:52] [5分钟] 第 240/5205 只: 600829.SH
[22:43:52] [5分钟] 240/5205: 600829.SH OK
[22:43:52] [5分钟] 第 241/5205 只: 600183.SH
[22:43:52] [5分钟] 241/5205: 600183.SH OK
[22:43:52] [5分钟] 第 242/5205 只: 600598.SH
[22:43:52] [5分钟] 242/5205: 600598.SH OK
[22:43:52] [5分钟] 第 243/5205 只: 688510.SH
[22:43:52] [5分钟] 243/5205: 688510.SH OK
[22:43:52] [5分钟] 第 244/5205 只: 601318.SH
[22:43:52] [5分钟] 244/5205: 601318.SH OK
[22:43:52] [5分钟] 第 245/5205 只: 603688.SH
[22:43:52] [5分钟] 245/5205: 603688.SH OK
[22:43:52] [5分钟] 第 246/5205 只: 603293.SH
[22:43:52] [5分钟] 246/5205: 603293.SH OK
[22:43:52] [5分钟] 第 247/5205 只: 688197.SH
[22:43:52] [5分钟] 247/5205: 688197.SH OK
[22:43:52] [5分钟] 第 248/5205 只: 600570.SH
[22:43:53] [5分钟] 248/5205: 600570.SH OK
[22:43:53] [5分钟] 第 249/5205 只: 688475.SH
[22:43:53] [5分钟] 249/5205: 688475.SH OK
[22:43:53] [5分钟] 第 250/5205 只: 601666.SH
[22:43:53] [5分钟] 250/5205: 601666.SH OK
[22:43:53] [5分钟 250/5205] 成功250，失败0，当前 601666.SH
[22:43:53] [5分钟] 第 251/5205 只: 600489.SH
[22:43:53] [5分钟] 251/5205: 600489.SH OK
[22:43:53] [5分钟] 第 252/5205 只: 688401.SH
[22:43:53] [5分钟] 252/5205: 688401.SH OK
[22:43:53] [5分钟] 第 253/5205 只: 600938.SH
[22:43:53] [5分钟] 253/5205: 600938.SH OK
[22:43:53] [5分钟] 第 254/5205 只: 600415.SH
[22:43:53] [5分钟] 254/5205: 600415.SH OK
[22:43:53] [5分钟] 第 255/5205 只: 603799.SH
[22:43:53] [5分钟] 255/5205: 603799.SH OK
[22:43:53] [5分钟] 第 256/5205 只: 603382.SH
[22:43:53] [5分钟] 256/5205: 603382.SH OK
[22:43:53] [5分钟] 第 257/5205 只: 600461.SH
[22:43:53] [5分钟] 257/5205: 600461.SH OK
[22:43:53] [5分钟] 第 258/5205 只: 603280.SH
[22:43:54] [5分钟] 258/5205: 603280.SH OK
[22:43:54] [5分钟] 第 259/5205 只: 688184.SH
[22:43:54] [5分钟] 259/5205: 688184.SH OK
[22:43:54] [5分钟] 第 260/5205 只: 600517.SH
[22:43:54] [5分钟] 260/5205: 600517.SH OK
[22:43:54] [5分钟] 第 261/5205 只: 600563.SH
[22:43:54] [5分钟] 261/5205: 600563.SH OK
[22:43:54] [5分钟] 第 262/5205 只: 600178.SH
[22:43:54] [5分钟] 262/5205: 600178.SH OK
[22:43:54] [5分钟] 第 263/5205 只: 603268.SH
[22:43:54] [5分钟] 263/5205: 603268.SH OK
[22:43:54] [5分钟] 第 264/5205 只: 688577.SH
[22:43:54] [5分钟] 264/5205: 688577.SH OK
[22:43:54] [5分钟] 第 265/5205 只: 603607.SH
[22:43:54] [5分钟] 265/5205: 603607.SH OK
[22:43:54] [5分钟] 第 266/5205 只: 605151.SH
[22:43:54] [5分钟] 266/5205: 605151.SH OK
[22:43:54] [5分钟] 第 267/5205 只: 688118.SH
[22:43:54] [5分钟] 267/5205: 688118.SH OK
[22:43:54] [5分钟] 第 268/5205 只: 688503.SH
[22:43:54] [5分钟] 268/5205: 688503.SH OK
[22:43:54] [5分钟] 第 269/5205 只: 601588.SH
[22:43:55] [5分钟] 269/5205: 601588.SH OK
[22:43:55] [5分钟] 第 270/5205 只: 688380.SH
[22:43:55] [5分钟] 270/5205: 688380.SH OK
[22:43:55] [5分钟] 第 271/5205 只: 600308.SH
[22:43:55] [5分钟] 271/5205: 600308.SH OK
[22:43:55] [5分钟] 第 272/5205 只: 600713.SH
[22:43:55] [5分钟] 272/5205: 600713.SH OK
[22:43:55] [5分钟] 第 273/5205 只: 603018.SH
[22:43:55] [5分钟] 273/5205: 603018.SH OK
[22:43:55] [5分钟] 第 274/5205 只: 688707.SH
[22:43:55] [5分钟] 274/5205: 688707.SH OK
[22:43:55] [5分钟] 第 275/5205 只: 603477.SH
[22:43:55] [5分钟] 275/5205: 603477.SH OK
[22:43:55] [5分钟] 第 276/5205 只: 688368.SH
[22:43:55] [5分钟] 276/5205: 688368.SH OK
[22:43:55] [5分钟] 第 277/5205 只: 688605.SH
[22:43:55] [5分钟] 277/5205: 688605.SH OK
[22:43:55] [5分钟] 第 278/5205 只: 603501.SH
[22:43:55] [5分钟] 278/5205: 603501.SH OK
[22:43:55] [5分钟] 第 279/5205 只: 688671.SH
[22:43:56] [5分钟] 279/5205: 688671.SH OK
[22:43:56] [5分钟] 第 280/5205 只: 603858.SH
[22:43:56] [5分钟] 280/5205: 603858.SH OK
[22:43:56] [5分钟] 第 281/5205 只: 600665.SH
[22:43:56] [5分钟] 281/5205: 600665.SH OK
[22:43:56] [5分钟] 第 282/5205 只: 688282.SH
[22:43:56] [5分钟] 282/5205: 688282.SH OK
[22:43:56] [5分钟] 第 283/5205 只: 688699.SH
[22:43:56] [5分钟] 283/5205: 688699.SH OK
[22:43:56] [5分钟] 第 284/5205 只: 600611.SH
[22:43:56] [5分钟] 284/5205: 600611.SH OK
[22:43:56] [5分钟] 第 285/5205 只: 603186.SH
[22:43:56] [5分钟] 285/5205: 603186.SH OK
[22:43:56] [5分钟] 第 286/5205 只: 603969.SH
[22:43:56] [5分钟] 286/5205: 603969.SH OK
[22:43:56] [5分钟] 第 287/5205 只: 600754.SH
[22:43:56] [5分钟] 287/5205: 600754.SH OK
[22:43:56] [5分钟] 第 288/5205 只: 600720.SH
[22:43:56] [5分钟] 288/5205: 600720.SH OK
[22:43:56] [5分钟] 第 289/5205 只: 605366.SH
[22:43:56] [5分钟] 289/5205: 605366.SH OK
[22:43:56] [5分钟] 第 290/5205 只: 603444.SH
[22:43:56] [5分钟] 290/5205: 603444.SH OK
[22:43:57] [5分钟] 第 291/5205 只: 688636.SH
[22:43:59] [5分钟] 291/5205: 688636.SH OK
[22:43:59] [5分钟] 第 292/5205 只: 603883.SH
[22:43:59] [5分钟] 292/5205: 603883.SH OK
[22:43:59] [5分钟] 第 293/5205 只: 603129.SH
[22:43:59] [5分钟] 293/5205: 603129.SH OK
[22:43:59] [5分钟] 第 294/5205 只: 688259.SH
[22:43:59] [5分钟] 294/5205: 688259.SH OK
[22:43:59] [5分钟] 第 295/5205 只: 600622.SH
[22:43:59] [5分钟] 295/5205: 600622.SH OK
[22:43:59] [5分钟] 第 296/5205 只: 600239.SH
[22:43:59] [5分钟] 296/5205: 600239.SH OK
[22:43:59] [5分钟] 第 297/5205 只: 601908.SH
[22:43:59] [5分钟] 297/5205: 601908.SH OK
[22:43:59] [5分钟] 第 298/5205 只: 603359.SH
[22:43:59] [5分钟] 298/5205: 603359.SH OK
[22:43:59] [5分钟] 第 299/5205 只: 688432.SH
[22:43:59] [5分钟] 299/5205: 688432.SH OK
[22:43:59] [5分钟] 第 300/5205 只: 688029.SH
[22:43:59] [5分钟] 300/5205: 688029.SH OK
[22:44:00] [5分钟 300/5205] 成功300，失败0，当前 688029.SH
[22:44:00] [5分钟] 第 301/5205 只: 605060.SH
[22:44:00] [5分钟] 301/5205: 605060.SH OK
[22:44:00] [5分钟] 第 302/5205 只: 600426.SH
[22:44:00] [5分钟] 302/5205: 600426.SH OK
[22:44:00] [5分钟] 第 303/5205 只: 600997.SH
[22:44:00] [5分钟] 303/5205: 600997.SH OK
[22:44:00] [5分钟] 第 304/5205 只: 600452.SH
[22:44:00] [5分钟] 304/5205: 600452.SH OK
[22:44:00] [5分钟] 第 305/5205 只: 605088.SH
[22:44:00] [5分钟] 305/5205: 605088.SH OK
[22:44:00] [5分钟] 第 306/5205 只: 600895.SH
[22:44:00] [5分钟] 306/5205: 600895.SH OK
[22:44:00] [5分钟] 第 307/5205 只: 600550.SH
[22:44:00] [5分钟] 307/5205: 600550.SH OK
[22:44:00] [5分钟] 第 308/5205 只: 605116.SH
[22:44:00] [5分钟] 308/5205: 605116.SH OK
[22:44:00] [5分钟] 第 309/5205 只: 605162.SH
[22:44:00] [5分钟] 309/5205: 605162.SH OK
[22:44:00] [5分钟] 第 310/5205 只: 600809.SH
[22:44:00] [5分钟] 310/5205: 600809.SH OK
[22:44:00] [5分钟] 第 311/5205 只: 688530.SH
[22:44:00] [5分钟] 311/5205: 688530.SH OK
[22:44:01] [5分钟] 第 312/5205 只: 600435.SH
[22:44:01] [5分钟] 312/5205: 600435.SH OK
[22:44:01] [5分钟] 第 313/5205 只: 600984.SH
[22:44:01] [5分钟] 313/5205: 600984.SH OK
[22:44:01] [5分钟] 第 314/5205 只: 688455.SH
[22:44:01] [5分钟] 314/5205: 688455.SH OK
[22:44:01] [5分钟] 第 315/5205 只: 605007.SH
[22:44:01] [5分钟] 315/5205: 605007.SH OK
[22:44:01] [5分钟] 第 316/5205 只: 601229.SH
[22:44:01] [5分钟] 316/5205: 601229.SH OK
[22:44:01] [5分钟] 第 317/5205 只: 603725.SH
[22:44:01] [5分钟] 317/5205: 603725.SH OK
[22:44:01] [5分钟] 第 318/5205 只: 600918.SH
[22:44:01] [5分钟] 318/5205: 600918.SH OK
[22:44:01] [5分钟] 第 319/5205 只: 603248.SH
[22:44:01] [5分钟] 319/5205: 603248.SH OK
[22:44:01] [5分钟] 第 320/5205 只: 688557.SH
[22:44:01] [5分钟] 320/5205: 688557.SH OK
[22:44:01] [5分钟] 第 321/5205 只: 688523.SH
[22:44:01] [5分钟] 321/5205: 688523.SH OK
[22:44:01] [5分钟] 第 322/5205 只: 688138.SH
[22:44:01] [5分钟] 322/5205: 688138.SH OK
[22:44:02] [5分钟] 第 323/5205 只: 600886.SH
[22:44:02] [5分钟] 323/5205: 600886.SH OK
[22:44:02] [5分钟] 第 324/5205 只: 600537.SH
[22:44:02] [5分钟] 324/5205: 600537.SH OK
[22:44:02] [5分钟] 第 325/5205 只: 605199.SH
[22:44:02] [5分钟] 325/5205: 605199.SH OK
[22:44:02] [5分钟] 第 326/5205 只: 600158.SH
[22:44:02] [5分钟] 326/5205: 600158.SH OK
[22:44:02] [5分钟] 第 327/5205 只: 600543.SH
[22:44:02] [5分钟] 327/5205: 600543.SH OK
[22:44:02] [5分钟] 第 328/5205 只: 603038.SH
[22:44:02] [5分钟] 328/5205: 603038.SH OK
[22:44:02] [5分钟] 第 329/5205 只: 603992.SH
[22:44:02] [5分钟] 329/5205: 603992.SH OK
[22:44:02] [5分钟] 第 330/5205 只: 688727.SH
[22:44:02] [5分钟] 330/5205: 688727.SH OK
[22:44:02] [5分钟] 第 331/5205 只: 688348.SH
[22:44:02] [5分钟] 331/5205: 688348.SH OK
[22:44:02] [5分钟] 第 332/5205 只: 600733.SH
[22:44:02] [5分钟] 332/5205: 600733.SH OK
[22:44:02] [5分钟] 第 333/5205 只: 600328.SH
[22:44:02] [5分钟] 333/5205: 600328.SH OK
[22:44:02] [5分钟] 第 334/5205 只: 603878.SH
[22:44:02] [5分钟] 334/5205: 603878.SH OK
[22:44:03] [5分钟] 第 335/5205 只: 600645.SH
[22:44:03] [5分钟] 335/5205: 600645.SH OK
[22:44:03] [5分钟] 第 336/5205 只: 688625.SH
[22:44:03] [5分钟] 336/5205: 688625.SH OK
[22:44:03] [5分钟] 第 337/5205 只: 603890.SH
[22:44:03] [5分钟] 337/5205: 603890.SH OK
[22:44:03] [5分钟] 第 338/5205 只: 605277.SH
[22:44:03] [5分钟] 338/5205: 605277.SH OK
[22:44:03] [5分钟] 第 339/5205 只: 688651.SH
[22:44:03] [5分钟] 339/5205: 688651.SH OK
[22:44:03] [5分钟] 第 340/5205 只: 601059.SH
[22:44:03] [5分钟] 340/5205: 601059.SH OK
[22:44:03] [5分钟] 第 341/5205 只: 600848.SH
[22:44:03] [5分钟] 341/5205: 600848.SH OK
[22:44:03] [5分钟] 第 342/5205 只: 605123.SH
[22:44:03] [5分钟] 342/5205: 605123.SH OK
[22:44:03] [5分钟] 第 343/5205 只: 688571.SH
[22:44:03] [5分钟] 343/5205: 688571.SH OK
[22:44:03] [5分钟] 第 344/5205 只: 603601.SH
[22:44:03] [5分钟] 344/5205: 603601.SH OK
[22:44:03] [5分钟] 第 345/5205 只: 600196.SH
[22:44:03] [5分钟] 345/5205: 600196.SH OK
[22:44:03] [5分钟] 第 346/5205 只: 688505.SH
[22:44:03] [5分钟] 346/5205: 688505.SH OK
[22:44:03] [5分钟] 第 347/5205 只: 603286.SH
[22:44:04] [5分钟] 347/5205: 603286.SH OK
[22:44:04] [5分钟] 第 348/5205 只: 688599.SH
[22:44:04] [5分钟] 348/5205: 688599.SH OK
[22:44:04] [5分钟] 第 349/5205 只: 688182.SH
[22:44:04] [5分钟] 349/5205: 688182.SH OK
[22:44:04] [5分钟] 第 350/5205 只: 600511.SH
[22:44:04] [5分钟] 350/5205: 600511.SH OK
[22:44:04] [5分钟 350/5205] 成功350，失败0，当前 600511.SH
[22:44:04] [5分钟] 第 351/5205 只: 688080.SH
[22:44:04] [5分钟] 351/5205: 688080.SH OK
[22:44:04] [5分钟] 第 352/5205 只: 601688.SH
[22:44:04] [5分钟] 352/5205: 601688.SH OK
[22:44:04] [5分钟] 第 353/5205 只: 600008.SH
[22:44:04] [5分钟] 353/5205: 600008.SH OK
[22:44:04] [5分钟] 第 354/5205 只: 600467.SH
[22:44:04] [5分钟] 354/5205: 600467.SH OK
[22:44:04] [5分钟] 第 355/5205 只: 688068.SH
[22:44:04] [5分钟] 355/5205: 688068.SH OK
[22:44:04] [5分钟] 第 356/5205 只: 603777.SH
[22:44:04] [5分钟] 356/5205: 603777.SH OK
[22:44:04] [5分钟] 第 357/5205 只: 600094.SH
[22:44:04] [5分钟] 357/5205: 600094.SH OK
[22:44:04] [5分钟] 第 358/5205 只: 603318.SH
[22:44:04] [5分钟] 358/5205: 603318.SH OK
[22:44:05] [5分钟] 第 359/5205 只: 603703.SH
[22:44:05] [5分钟] 359/5205: 603703.SH OK
[22:44:05] [5分钟] 第 360/5205 只: 605055.SH
[22:44:05] [5分钟] 360/5205: 605055.SH OK
[22:44:05] [5分钟] 第 361/5205 只: 600278.SH
[22:44:05] [5分钟] 361/5205: 600278.SH OK
[22:44:05] [5分钟] 第 362/5205 只: 600663.SH
[22:44:05] [5分钟] 362/5205: 600663.SH OK
[22:44:05] [5分钟] 第 363/5205 只: 601949.SH
[22:44:05] [5分钟] 363/5205: 601949.SH OK
[22:44:05] [5分钟] 第 364/5205 只: 600617.SH
[22:44:05] [5分钟] 364/5205: 600617.SH OK
[22:44:05] [5分钟] 第 365/5205 只: 603180.SH
[22:44:05] [5分钟] 365/5205: 603180.SH OK
[22:44:05] [5分钟] 第 366/5205 只: 688603.SH
[22:44:05] [5分钟] 366/5205: 688603.SH OK
[22:44:05] [5分钟] 第 367/5205 只: 688218.SH
[22:44:05] [5分钟] 367/5205: 688218.SH OK
[22:44:05] [5分钟] 第 368/5205 只: 603507.SH
[22:44:05] [5分钟] 368/5205: 603507.SH OK
[22:44:05] [5分钟] 第 369/5205 只: 688677.SH
[22:44:05] [5分钟] 369/5205: 688677.SH OK
[22:44:05] [5分钟] 第 370/5205 只: 603168.SH
[22:44:06] [5分钟] 370/5205: 603168.SH OK
[22:44:06] [5分钟] 第 371/5205 只: 600789.SH
[22:44:06] [5分钟] 371/5205: 600789.SH OK
[22:44:06] [5分钟] 第 372/5205 只: 600392.SH
[22:44:06] [5分钟] 372/5205: 600392.SH OK
[22:44:06] [5分钟] 第 373/5205 只: 688701.SH
[22:44:06] [5分钟] 373/5205: 688701.SH OK
[22:44:06] [5分钟] 第 374/5205 只: 601512.SH
[22:44:06] [5分钟] 374/5205: 601512.SH OK
[22:44:06] [5分钟] 第 375/5205 只: 601566.SH
[22:44:06] [5分钟] 375/5205: 601566.SH OK
[22:44:06] [5分钟] 第 376/5205 只: 688775.SH
[22:44:06] [5分钟] 376/5205: 688775.SH OK
[22:44:06] [5分钟] 第 377/5205 只: 600761.SH
[22:44:06] [5分钟] 377/5205: 600761.SH OK
[22:44:06] [5分钟] 第 378/5205 只: 603082.SH
[22:44:06] [5分钟] 378/5205: 603082.SH OK
[22:44:06] [5分钟] 第 379/5205 只: 603499.SH
[22:44:07] [5分钟] 379/5205: 603499.SH OK
[22:44:07] [5分钟] 第 380/5205 只: 603928.SH
[22:44:07] [5分钟] 380/5205: 603928.SH OK
[22:44:07] [5分钟] 第 381/5205 只: 688386.SH
[22:44:07] [5分钟] 381/5205: 688386.SH OK
[22:44:07] [5分钟] 第 382/5205 只: 600715.SH
[22:44:07] [5分钟] 382/5205: 600715.SH OK
[22:44:07] [5分钟] 第 383/5205 只: 600698.SH
[22:44:07] [5分钟] 383/5205: 600698.SH OK
[22:44:07] [5分钟] 第 384/5205 只: 600283.SH
[22:44:07] [5分钟] 384/5205: 600283.SH OK
[22:44:07] [5分钟] 第 385/5205 只: 601018.SH
[22:44:07] [5分钟] 385/5205: 601018.SH OK
[22:44:07] [5分钟] 第 386/5205 只: 688610.SH
[22:44:07] [5分钟] 386/5205: 688610.SH OK
[22:44:07] [5分钟] 第 387/5205 只: 603839.SH
[22:44:07] [5分钟] 387/5205: 603839.SH OK
[22:44:07] [5分钟] 第 388/5205 只: 688297.SH
[22:44:07] [5分钟] 388/5205: 688297.SH OK
[22:44:07] [5分钟] 第 389/5205 只: 600604.SH
[22:44:07] [5分钟] 389/5205: 600604.SH OK
[22:44:07] [5分钟] 第 390/5205 只: 603193.SH
[22:44:07] [5分钟] 390/5205: 603193.SH OK
[22:44:07] [5分钟] 第 391/5205 只: 603588.SH
[22:44:08] [5分钟] 391/5205: 603588.SH OK
[22:44:08] [5分钟] 第 392/5205 只: 601858.SH
[22:44:08] [5分钟] 392/5205: 601858.SH OK
[22:44:08] [5分钟] 第 393/5205 只: 600369.SH
[22:44:08] [5分钟] 393/5205: 600369.SH OK
[22:44:08] [5分钟] 第 394/5205 只: 603091.SH
[22:44:08] [5分钟] 394/5205: 603091.SH OK
[22:44:08] [5分钟] 第 395/5205 只: 601186.SH
[22:44:08] [5分钟] 395/5205: 601186.SH OK
[22:44:08] [5分钟] 第 396/5205 只: 688395.SH
[22:44:08] [5分钟] 396/5205: 688395.SH OK
[22:44:08] [5分钟] 第 397/5205 只: 600706.SH
[22:44:08] [5分钟] 397/5205: 600706.SH OK
[22:44:08] [5分钟] 第 398/5205 只: 603416.SH
[22:44:08] [5分钟] 398/5205: 603416.SH OK
[22:44:08] [5分钟] 第 399/5205 只: 600381.SH
[22:44:08] [5分钟] 399/5205: 600381.SH OK
[22:44:08] [5分钟] 第 400/5205 只: 688712.SH
[22:44:08] [5分钟] 400/5205: 688712.SH OK
[22:44:08] [5分钟 400/5205] 成功400，失败0，当前 688712.SH
[22:44:08] [5分钟] 第 401/5205 只: 688309.SH
[22:44:08] [5分钟] 401/5205: 688309.SH OK
[22:44:08] [5分钟] 第 402/5205 只: 603079.SH
[22:44:09] [5分钟] 402/5205: 603079.SH OK
[22:44:09] [5分钟] 第 403/5205 只: 688766.SH
[22:44:09] [5分钟] 403/5205: 688766.SH OK
[22:44:09] [5分钟] 第 404/5205 只: 688191.SH
[22:44:09] [5分钟] 404/5205: 688191.SH OK
[22:44:09] [5分钟] 第 405/5205 只: 601799.SH
[22:44:09] [5分钟] 405/5205: 601799.SH OK
[22:44:09] [5分钟] 第 406/5205 只: 600502.SH
[22:44:09] [5分钟] 406/5205: 600502.SH OK
[22:44:09] [5分钟] 第 407/5205 只: 600119.SH
[22:44:09] [5分钟] 407/5205: 600119.SH OK
[22:44:09] [5分钟] 第 408/5205 只: 600576.SH
[22:44:09] [5分钟] 408/5205: 600576.SH OK
[22:44:09] [5分钟] 第 409/5205 只: 603666.SH
[22:44:09] [5分钟] 409/5205: 603666.SH OK
[22:44:09] [5分钟] 第 410/5205 只: 688179.SH
[22:44:09] [5分钟] 410/5205: 688179.SH OK
[22:44:09] [5分钟] 第 411/5205 只: 688562.SH
[22:44:09] [5分钟] 411/5205: 688562.SH OK
[22:44:09] [5分钟] 第 412/5205 只: 603209.SH
[22:44:09] [5分钟] 412/5205: 603209.SH OK
[22:44:09] [5分钟] 第 413/5205 只: 603612.SH
[22:44:09] [5分钟] 413/5205: 603612.SH OK
[22:44:09] [5分钟] 第 414/5205 只: 600185.SH
[22:44:10] [5分钟] 414/5205: 600185.SH OK
[22:44:10] [5分钟] 第 415/5205 只: 688516.SH
[22:44:10] [5分钟] 415/5205: 688516.SH OK
[22:44:10] [5分钟] 第 416/5205 只: 600959.SH
[22:44:10] [5分钟] 416/5205: 600959.SH OK
[22:44:10] [5分钟] 第 417/5205 只: 601607.SH
[22:44:10] [5分钟] 417/5205: 601607.SH OK
[22:44:10] [5分钟] 第 418/5205 只: 688488.SH
[22:44:10] [5分钟] 418/5205: 688488.SH OK
[22:44:10] [5分钟] 第 419/5205 只: 688093.SH
[22:44:10] [5分钟] 419/5205: 688093.SH OK
[22:44:10] [5分钟] 第 420/5205 只: 600400.SH
[22:44:10] [5分钟] 420/5205: 600400.SH OK
[22:44:10] [5分钟] 第 421/5205 只: 600234.SH
[22:44:10] [5分钟] 421/5205: 600234.SH OK
[22:44:10] [5分钟] 第 422/5205 只: 603866.SH
[22:44:10] [5分钟] 422/5205: 603866.SH OK
[22:44:10] [5分钟] 第 423/5205 只: 603150.SH
[22:44:10] [5分钟] 423/5205: 603150.SH OK
[22:44:10] [5分钟] 第 424/5205 只: 688220.SH
[22:44:10] [5分钟] 424/5205: 688220.SH OK
[22:44:10] [5分钟] 第 425/5205 只: 601033.SH
[22:44:10] [5分钟] 425/5205: 601033.SH OK
[22:44:10] [5分钟] 第 426/5205 只: 603124.SH
[22:44:11] [5分钟] 426/5205: 603124.SH OK
[22:44:11] [5分钟] 第 427/5205 只: 601999.SH
[22:44:11] [5分钟] 427/5205: 601999.SH OK
[22:44:11] [5分钟] 第 428/5205 只: 603052.SH
[22:44:11] [5分钟] 428/5205: 603052.SH OK
[22:44:11] [5分钟] 第 429/5205 只: 688356.SH
[22:44:11] [5分钟] 429/5205: 688356.SH OK
[22:44:11] [5分钟] 第 430/5205 只: 603026.SH
[22:44:11] [5分钟] 430/5205: 603026.SH OK
[22:44:11] [5分钟] 第 431/5205 只: 688322.SH
[22:44:11] [5分钟] 431/5205: 688322.SH OK
[22:44:11] [5分钟] 第 432/5205 只: 688739.SH
[22:44:11] [5分钟] 432/5205: 688739.SH OK
[22:44:11] [5分钟] 第 433/5205 只: 600336.SH
[22:44:11] [5分钟] 433/5205: 600336.SH OK
[22:44:11] [5分钟] 第 434/5205 只: 600759.SH
[22:44:11] [5分钟] 434/5205: 600759.SH OK
[22:44:11] [5分钟] 第 435/5205 只: 603639.SH
[22:44:11] [5分钟] 435/5205: 603639.SH OK
[22:44:12] [5分钟] 第 436/5205 只: 603222.SH
[22:44:12] [5分钟] 436/5205: 603222.SH OK
[22:44:12] [5分钟] 第 437/5205 只: 688126.SH
[22:44:12] [5分钟] 437/5205: 688126.SH OK
[22:44:12] [5分钟] 第 438/5205 只: 603256.SH
[22:44:12] [5分钟] 438/5205: 603256.SH OK
[22:44:12] [5分钟] 第 439/5205 只: 605500.SH
[22:44:12] [5分钟] 439/5205: 605500.SH OK
[22:44:12] [5分钟] 第 440/5205 只: 688549.SH
[22:44:12] [5分钟] 440/5205: 688549.SH OK
[22:44:12] [5分钟] 第 441/5205 只: 688152.SH
[22:44:12] [5分钟] 441/5205: 688152.SH OK
[22:44:12] [5分钟] 第 442/5205 只: 600132.SH
[22:44:12] [5分钟] 442/5205: 600132.SH OK
[22:44:12] [5分钟] 第 443/5205 只: 600529.SH
[22:44:12] [5分钟] 443/5205: 600529.SH OK
[22:44:12] [5分钟] 第 444/5205 只: 600030.SH
[22:44:12] [5分钟] 444/5205: 600030.SH OK
[22:44:12] [5分钟] 第 445/5205 只: 603320.SH
[22:44:12] [5分钟] 445/5205: 603320.SH OK
[22:44:12] [5分钟] 第 446/5205 只: 600906.SH
[22:44:12] [5分钟] 446/5205: 600906.SH OK
[22:44:12] [5分钟] 第 447/5205 只: 601658.SH
[22:44:12] [5分钟] 447/5205: 601658.SH OK
[22:44:13] [5分钟] 第 448/5205 只: 688050.SH
[22:44:13] [5分钟] 448/5205: 688050.SH OK
[22:44:13] [5分钟] 第 449/5205 只: 600155.SH
[22:44:13] [5分钟] 449/5205: 600155.SH OK
[22:44:13] [5分钟] 第 450/5205 只: 600121.SH
[22:44:13] [5分钟] 450/5205: 600121.SH OK
[22:44:13] [5分钟 450/5205] 成功450，失败0，当前 600121.SH
[22:44:13] [5分钟] 第 451/5205 只: 603231.SH
[22:44:13] [5分钟] 451/5205: 603231.SH OK
[22:44:13] [5分钟] 第 452/5205 只: 600817.SH
[22:44:13] [5分钟] 452/5205: 600817.SH OK
[22:44:13] [5分钟] 第 453/5205 只: 605567.SH
[22:44:13] [5分钟] 453/5205: 605567.SH OK
[22:44:13] [5分钟] 第 454/5205 只: 688135.SH
[22:44:13] [5分钟] 454/5205: 688135.SH OK
[22:44:13] [5分钟] 第 455/5205 只: 601326.SH
[22:44:13] [5分钟] 455/5205: 601326.SH OK
[22:44:13] [5分钟] 第 456/5205 只: 600863.SH
[22:44:13] [5分钟] 456/5205: 600863.SH OK
[22:44:13] [5分钟] 第 457/5205 只: 605108.SH
[22:44:13] [5分钟] 457/5205: 605108.SH OK
[22:44:13] [5分钟] 第 458/5205 只: 688141.SH
[22:44:13] [5分钟] 458/5205: 688141.SH OK
[22:44:14] [5分钟] 第 459/5205 只: 688037.SH
[22:44:14] [5分钟] 459/5205: 688037.SH OK
[22:44:14] [5分钟] 第 460/5205 只: 603728.SH
[22:44:14] [5分钟] 460/5205: 603728.SH OK
[22:44:14] [5分钟] 第 461/5205 只: 603333.SH
[22:44:14] [5分钟] 461/5205: 603333.SH OK
[22:44:14] [5分钟] 第 462/5205 只: 688458.SH
[22:44:14] [5分钟] 462/5205: 688458.SH OK
[22:44:14] [5分钟] 第 463/5205 只: 600961.SH
[22:44:14] [5分钟] 463/5205: 600961.SH OK
[22:44:14] [5分钟] 第 464/5205 只: 600057.SH
[22:44:14] [5分钟] 464/5205: 600057.SH OK
[22:44:14] [5分钟] 第 465/5205 只: 600023.SH
[22:44:14] [5分钟] 465/5205: 600023.SH OK
[22:44:14] [5分钟] 第 466/5205 只: 600438.SH
[22:44:14] [5分钟] 466/5205: 600438.SH OK
[22:44:14] [5分钟] 第 467/5205 只: 600989.SH
[22:44:14] [5分钟] 467/5205: 600989.SH OK
[22:44:14] [5分钟] 第 468/5205 只: 688247.SH
[22:44:14] [5分钟] 468/5205: 688247.SH OK
[22:44:14] [5分钟] 第 469/5205 只: 603558.SH
[22:44:14] [5分钟] 469/5205: 603558.SH OK
[22:44:14] [5分钟] 第 470/5205 只: 688233.SH
[22:44:14] [5分钟] 470/5205: 688233.SH OK
[22:44:15] [5分钟] 第 471/5205 只: 601020.SH
[22:44:15] [5分钟] 471/5205: 601020.SH OK
[22:44:15] [5分钟] 第 472/5205 只: 688628.SH
[22:44:15] [5分钟] 472/5205: 688628.SH OK
[22:44:15] [5分钟] 第 473/5205 只: 603137.SH
[22:44:15] [5分钟] 473/5205: 603137.SH OK
[22:44:15] [5分钟] 第 474/5205 只: 603801.SH
[22:44:15] [5分钟] 474/5205: 603801.SH OK
[22:44:15] [5分钟] 第 475/5205 只: 600227.SH
[22:44:15] [5分钟] 475/5205: 600227.SH OK
[22:44:15] [5分钟] 第 476/5205 只: 601916.SH
[22:44:15] [5分钟] 476/5205: 601916.SH OK
[22:44:15] [5分钟] 第 477/5205 只: 600648.SH
[22:44:15] [5分钟] 477/5205: 600648.SH OK
[22:44:15] [5分钟] 第 478/5205 只: 603903.SH
[22:44:15] [5分钟] 478/5205: 603903.SH OK
[22:44:15] [5分钟] 第 479/5205 只: 600325.SH
[22:44:15] [5分钟] 479/5205: 600325.SH OK
[22:44:15] [5分钟] 第 480/5205 只: 601860.SH
[22:44:15] [5分钟] 480/5205: 601860.SH OK
[22:44:16] [5分钟] 第 481/5205 只: 603977.SH
[22:44:16] [5分钟] 481/5205: 603977.SH OK
[22:44:16] [5分钟] 第 482/5205 只: 600351.SH
[22:44:16] [5分钟] 482/5205: 600351.SH OK
[22:44:16] [5分钟] 第 483/5205 只: 603041.SH
[22:44:16] [5分钟] 483/5205: 603041.SH OK
[22:44:16] [5分钟] 第 484/5205 只: 601156.SH
[22:44:16] [5分钟] 484/5205: 601156.SH OK
[22:44:16] [5分钟] 第 485/5205 只: 688345.SH
[22:44:16] [5分钟] 485/5205: 688345.SH OK
[22:44:16] [5分钟] 第 486/5205 只: 603035.SH
[22:44:16] [5分钟] 486/5205: 603035.SH OK
[22:44:16] [5分钟] 第 487/5205 只: 601888.SH
[22:44:16] [5分钟] 487/5205: 601888.SH OK
[22:44:16] [5分钟] 第 488/5205 只: 605378.SH
[22:44:16] [5分钟] 488/5205: 605378.SH OK
[22:44:16] [5分钟] 第 489/5205 只: 688331.SH
[22:44:16] [5分钟] 489/5205: 688331.SH OK
[22:44:16] [5分钟] 第 490/5205 只: 600099.SH
[22:44:16] [5分钟] 490/5205: 600099.SH OK
[22:44:16] [5分钟] 第 491/5205 只: 600482.SH
[22:44:16] [5分钟] 491/5205: 600482.SH OK
[22:44:17] [5分钟] 第 492/5205 只: 688011.SH
[22:44:17] [5分钟] 492/5205: 688011.SH OK
[22:44:17] [5分钟] 第 493/5205 只: 601619.SH
[22:44:17] [5分钟] 493/5205: 601619.SH OK
[22:44:17] [5分钟] 第 494/5205 只: 603315.SH
[22:44:17] [5分钟] 494/5205: 603315.SH OK
[22:44:17] [5分钟] 第 495/5205 只: 605058.SH
[22:44:17] [5分钟] 495/5205: 605058.SH OK
[22:44:17] [5分钟] 第 496/5205 只: 600933.SH
[22:44:17] [5分钟] 496/5205: 600933.SH OK
[22:44:17] [5分钟] 第 497/5205 只: 688065.SH
[22:44:17] [5分钟] 497/5205: 688065.SH OK
[22:44:17] [5分钟] 第 498/5205 只: 600071.SH
[22:44:17] [5分钟] 498/5205: 600071.SH OK
[22:44:17] [5分钟] 第 499/5205 只: 688496.SH
[22:44:17] [5分钟] 499/5205: 688496.SH OK
[22:44:17] [5分钟] 第 500/5205 只: 603389.SH
[22:44:17] [5分钟] 500/5205: 603389.SH OK
[22:44:17] [5分钟 500/5205] 成功500，失败0，当前 603389.SH
[22:44:17] [5分钟] 第 501/5205 只: 600568.SH
[22:44:17] [5分钟] 501/5205: 600568.SH OK
[22:44:17] [5分钟] 第 502/5205 只: 600173.SH
[22:44:17] [5分钟] 502/5205: 600173.SH OK
[22:44:17] [5分钟] 第 503/5205 只: 603690.SH
[22:44:17] [5分钟] 503/5205: 603690.SH OK
[22:44:18] [5分钟] 第 504/5205 只: 600107.SH
[22:44:18] [5分钟] 504/5205: 600107.SH OK
[22:44:18] [5分钟] 第 505/5205 只: 603217.SH
[22:44:18] [5分钟] 505/5205: 603217.SH OK
[22:44:18] [5分钟] 第 506/5205 只: 600831.SH
[22:44:18] [5分钟] 506/5205: 600831.SH OK
[22:44:18] [5分钟] 第 507/5205 只: 600580.SH
[22:44:18] [5分钟] 507/5205: 600580.SH OK
[22:44:18] [5分钟] 第 508/5205 只: 688113.SH
[22:44:18] [5分钟] 508/5205: 688113.SH OK
[22:44:18] [5分钟] 第 509/5205 只: 688508.SH
[22:44:18] [5分钟] 509/5205: 688508.SH OK
[22:44:18] [5分钟] 第 510/5205 只: 603678.SH
[22:44:18] [5分钟] 510/5205: 603678.SH OK
[22:44:18] [5分钟] 第 511/5205 只: 600845.SH
[22:44:18] [5分钟] 511/5205: 600845.SH OK
[22:44:18] [5分钟] 第 512/5205 只: 688167.SH
[22:44:18] [5分钟] 512/5205: 688167.SH OK
[22:44:18] [5分钟] 第 513/5205 只: 601198.SH
[22:44:18] [5分钟] 513/5205: 601198.SH OK
[22:44:18] [5分钟] 第 514/5205 只: 688790.SH
[22:44:18] [5分钟] 514/5205: 688790.SH OK
[22:44:18] [5分钟] 第 515/5205 只: 600303.SH
[22:44:18] [5分钟] 515/5205: 600303.SH OK
[22:44:19] [5分钟] 第 516/5205 只: 600718.SH
[22:44:19] [5分钟] 516/5205: 600718.SH OK
[22:44:19] [5分钟] 第 517/5205 只: 600377.SH
[22:44:19] [5分钟] 517/5205: 600377.SH OK
[22:44:19] [5分钟] 第 518/5205 只: 603067.SH
[22:44:19] [5分钟] 518/5205: 603067.SH OK
[22:44:19] [5分钟] 第 519/5205 只: 688778.SH
[22:44:19] [5分钟] 519/5205: 688778.SH OK
[22:44:19] [5分钟] 第 520/5205 只: 688363.SH
[22:44:19] [5分钟] 520/5205: 688363.SH OK
[22:44:19] [5分钟] 第 521/5205 只: 603408.SH
[22:44:19] [5分钟] 521/5205: 603408.SH OK
[22:44:19] [5分钟] 第 522/5205 只: 603013.SH
[22:44:19] [5分钟] 522/5205: 603013.SH OK
[22:44:19] [5分钟] 第 523/5205 只: 600784.SH
[22:44:19] [5分钟] 523/5205: 600784.SH OK
[22:44:19] [5分钟] 第 524/5205 只: 688317.SH
[22:44:19] [5分钟] 524/5205: 688317.SH OK
[22:44:19] [5分钟] 第 525/5205 只: 688261.SH
[22:44:19] [5分钟] 525/5205: 688261.SH OK
[22:44:19] [5分钟] 第 526/5205 只: 603165.SH
[22:44:19] [5分钟] 526/5205: 603165.SH OK
[22:44:20] [5分钟] 第 527/5205 只: 605228.SH
[22:44:20] [5分钟] 527/5205: 605228.SH OK
[22:44:20] [5分钟] 第 528/5205 只: 600686.SH
[22:44:20] [5分钟] 528/5205: 600686.SH OK
[22:44:20] [5分钟] 第 529/5205 只: 688215.SH
[22:44:20] [5分钟] 529/5205: 688215.SH OK
[22:44:20] [5分钟] 第 530/5205 只: 601006.SH
[22:44:20] [5分钟] 530/5205: 601006.SH OK
[22:44:20] [5分钟] 第 531/5205 只: 603111.SH
[22:44:20] [5分钟] 531/5205: 603111.SH OK
[22:44:20] [5分钟] 第 532/5205 只: 688289.SH
[22:44:20] [5分钟] 532/5205: 688289.SH OK
[22:44:20] [5分钟] 第 533/5205 只: 688692.SH
[22:44:20] [5分钟] 533/5205: 688692.SH OK
[22:44:20] [5分钟] 第 534/5205 只: 600201.SH
[22:44:20] [5分钟] 534/5205: 600201.SH OK
[22:44:20] [5分钟] 第 535/5205 只: 603596.SH
[22:44:20] [5分钟] 535/5205: 603596.SH OK
[22:44:20] [5分钟] 第 536/5205 只: 605339.SH
[22:44:20] [5分钟] 536/5205: 605339.SH OK
[22:44:20] [5分钟] 第 537/5205 只: 601163.SH
[22:44:20] [5分钟] 537/5205: 601163.SH OK
[22:44:21] [5分钟] 第 538/5205 只: 688370.SH
[22:44:21] [5分钟] 538/5205: 688370.SH OK
[22:44:21] [5分钟] 第 539/5205 只: 603000.SH
[22:44:21] [5分钟] 539/5205: 603000.SH OK
[22:44:21] [5分钟] 第 540/5205 只: 600797.SH
[22:44:21] [5分钟] 540/5205: 600797.SH OK
[22:44:21] [5分钟] 第 541/5205 只: 601117.SH
[22:44:21] [5分钟] 541/5205: 601117.SH OK
[22:44:21] [5分钟] 第 542/5205 只: 688398.SH
[22:44:21] [5分钟] 542/5205: 688398.SH OK
[22:44:21] [5分钟] 第 543/5205 只: 688783.SH
[22:44:21] [5分钟] 543/5205: 688783.SH OK
[22:44:21] [5分钟] 第 544/5205 只: 603936.SH
[22:44:21] [5分钟] 544/5205: 603936.SH OK
[22:44:21] [5分钟] 第 545/5205 只: 600310.SH
[22:44:21] [5分钟] 545/5205: 600310.SH OK
[22:44:21] [5分钟] 第 546/5205 只: 601089.SH
[22:44:21] [5分钟] 546/5205: 601089.SH OK
[22:44:21] [5分钟] 第 547/5205 只: 688681.SH
[22:44:21] [5分钟] 547/5205: 688681.SH OK
[22:44:21] [5分钟] 第 548/5205 只: 600212.SH
[22:44:21] [5分钟] 548/5205: 600212.SH OK
[22:44:21] [5分钟] 第 549/5205 只: 600609.SH
[22:44:22] [5分钟] 549/5205: 600609.SH OK
[22:44:22] [5分钟] 第 550/5205 只: 603585.SH
[22:44:22] [5分钟] 550/5205: 603585.SH OK
[22:44:22] [5分钟 550/5205] 成功550，失败0，当前 603585.SH
[22:44:22] [5分钟] 第 551/5205 只: 600266.SH
[22:44:22] [5分钟] 551/5205: 600266.SH OK
[22:44:22] [5分钟] 第 552/5205 只: 688669.SH
[22:44:22] [5分钟] 552/5205: 688669.SH OK
[22:44:22] [5分钟] 第 553/5205 只: 601061.SH
[22:44:22] [5分钟] 553/5205: 601061.SH OK
[22:44:22] [5分钟] 第 554/5205 只: 688272.SH
[22:44:22] [5分钟] 554/5205: 688272.SH OK
[22:44:22] [5分钟] 第 555/5205 只: 603176.SH
[22:44:22] [5分钟] 555/5205: 603176.SH OK
[22:44:22] [5分钟] 第 556/5205 只: 688206.SH
[22:44:22] [5分钟] 556/5205: 688206.SH OK
[22:44:22] [5分钟] 第 557/5205 只: 601015.SH
[22:44:22] [5分钟] 557/5205: 601015.SH OK
[22:44:22] [5分钟] 第 558/5205 只: 603519.SH
[22:44:23] [5分钟] 558/5205: 603519.SH OK
[22:44:23] [5分钟] 第 559/5205 只: 603102.SH
[22:44:23] [5分钟] 559/5205: 603102.SH OK
[22:44:23] [5分钟] 第 560/5205 只: 600479.SH
[22:44:23] [5分钟] 560/5205: 600479.SH OK
[22:44:23] [5分钟] 第 561/5205 只: 600062.SH
[22:44:23] [5分钟] 561/5205: 600062.SH OK
[22:44:23] [5分钟] 第 562/5205 只: 601696.SH
[22:44:23] [5分钟] 562/5205: 601696.SH OK
[22:44:23] [5分钟] 第 563/5205 只: 688485.SH
[22:44:23] [5分钟] 563/5205: 688485.SH OK
[22:44:23] [5分钟] 第 564/5205 只: 600016.SH
[22:44:23] [5分钟] 564/5205: 600016.SH OK
[22:44:23] [5分钟] 第 565/5205 只: 600491.SH
[22:44:23] [5分钟] 565/5205: 600491.SH OK
[22:44:23] [5分钟] 第 566/5205 只: 688002.SH
[22:44:23] [5分钟] 566/5205: 688002.SH OK
[22:44:23] [5分钟] 第 567/5205 只: 688419.SH
[22:44:23] [5分钟] 567/5205: 688419.SH OK
[22:44:23] [5分钟] 第 568/5205 只: 601211.SH
[22:44:23] [5分钟] 568/5205: 601211.SH OK
[22:44:24] [5分钟] 第 569/5205 只: 603306.SH
[22:44:24] [5分钟] 569/5205: 603306.SH OK
[22:44:24] [5分钟] 第 570/5205 只: 688076.SH
[22:44:24] [5分钟] 570/5205: 688076.SH OK
[22:44:24] [5分钟] 第 571/5205 只: 600822.SH
[22:44:24] [5分钟] 571/5205: 600822.SH OK
[22:44:24] [5分钟] 第 572/5205 只: 600188.SH
[22:44:24] [5分钟] 572/5205: 600188.SH OK
[22:44:24] [5分钟] 第 573/5205 只: 600593.SH
[22:44:24] [5分钟] 573/5205: 600593.SH OK
[22:44:24] [5分钟] 第 574/5205 只: 688100.SH
[22:44:24] [5分钟] 574/5205: 688100.SH OK
[22:44:24] [5分钟] 第 575/5205 只: 603270.SH
[22:44:24] [5分钟] 575/5205: 603270.SH OK
[22:44:24] [5分钟] 第 576/5205 只: 600160.SH
[22:44:24] [5分钟] 576/5205: 600160.SH OK
[22:44:24] [5分钟] 第 577/5205 只: 603683.SH
[22:44:24] [5分钟] 577/5205: 603683.SH OK
[22:44:24] [5分钟] 第 578/5205 只: 603298.SH
[22:44:24] [5分钟] 578/5205: 603298.SH OK
[22:44:24] [5分钟] 第 579/5205 只: 600114.SH
[22:44:24] [5分钟] 579/5205: 600114.SH OK
[22:44:24] [5分钟] 第 580/5205 只: 603012.SH
[22:44:25] [5分钟] 580/5205: 603012.SH OK
[22:44:25] [5分钟] 第 581/5205 只: 603409.SH
[22:44:25] [5分钟] 581/5205: 603409.SH OK
[22:44:25] [5分钟] 第 582/5205 只: 688316.SH
[22:44:25] [5分钟] 582/5205: 688316.SH OK
[22:44:25] [5分钟] 第 583/5205 只: 600785.SH
[22:44:25] [5分钟] 583/5205: 600785.SH OK
[22:44:25] [5分钟] 第 584/5205 只: 603066.SH
[22:44:25] [5分钟] 584/5205: 603066.SH OK
[22:44:25] [5分钟] 第 585/5205 只: 688362.SH
[22:44:25] [5分钟] 585/5205: 688362.SH OK
[22:44:25] [5分钟] 第 586/5205 只: 688779.SH
[22:44:25] [5分钟] 586/5205: 688779.SH OK
[22:44:25] [5分钟] 第 587/5205 只: 600376.SH
[22:44:25] [5分钟] 587/5205: 600376.SH OK
[22:44:25] [5分钟] 第 588/5205 只: 603950.SH
[22:44:25] [5分钟] 588/5205: 603950.SH OK
[22:44:25] [5分钟] 第 589/5205 只: 600719.SH
[22:44:25] [5分钟] 589/5205: 600719.SH OK
[22:44:25] [5分钟] 第 590/5205 只: 600302.SH
[22:44:25] [5分钟] 590/5205: 600302.SH OK
[22:44:25] [5分钟] 第 591/5205 只: 601199.SH
[22:44:25] [5分钟] 591/5205: 601199.SH OK
[22:44:25] [5分钟] 第 592/5205 只: 603826.SH
[22:44:26] [5分钟] 592/5205: 603826.SH OK
[22:44:26] [5分钟] 第 593/5205 只: 688693.SH
[22:44:26] [5分钟] 593/5205: 688693.SH OK
[22:44:26] [5分钟] 第 594/5205 只: 688288.SH
[22:44:26] [5分钟] 594/5205: 688288.SH OK
[22:44:26] [5分钟] 第 595/5205 只: 601007.SH
[22:44:26] [5分钟] 595/5205: 601007.SH OK
[22:44:26] [5分钟] 第 596/5205 只: 603110.SH
[22:44:26] [5分钟] 596/5205: 603110.SH OK
[22:44:26] [5分钟] 第 597/5205 只: 688260.SH
[22:44:26] [5分钟] 597/5205: 688260.SH OK
[22:44:26] [5分钟] 第 598/5205 只: 600004.SH
[22:44:26] [5分钟] 598/5205: 600004.SH OK
[22:44:26] [5分钟] 第 599/5205 只: 603360.SH
[22:44:26] [5分钟] 599/5205: 603360.SH OK
[22:44:26] [5分钟] 第 600/5205 只: 688010.SH
[22:44:26] [5分钟] 600/5205: 688010.SH OK
[22:44:26] [5分钟 600/5205] 成功600，失败0，当前 688010.SH
[22:44:26] [5分钟] 第 601/5205 只: 601618.SH
[22:44:26] [5分钟] 601/5205: 601618.SH OK
[22:44:26] [5分钟] 第 602/5205 只: 600483.SH
[22:44:26] [5分钟] 602/5205: 600483.SH OK
[22:44:26] [5分钟] 第 603/5205 只: 600098.SH
[22:44:26] [5分钟] 603/5205: 600098.SH OK
[22:44:26] [5分钟] 第 604/5205 只: 600844.SH
[22:44:27] [5分钟] 604/5205: 600844.SH OK
[22:44:27] [5分钟] 第 605/5205 只: 603679.SH
[22:44:27] [5分钟] 605/5205: 603679.SH OK
[22:44:27] [5分钟] 第 606/5205 只: 603262.SH
[22:44:27] [5分钟] 606/5205: 603262.SH OK
[22:44:27] [5分钟] 第 607/5205 只: 688166.SH
[22:44:27] [5分钟] 607/5205: 688166.SH OK
[22:44:27] [5分钟] 第 608/5205 只: 601375.SH
[22:44:27] [5分钟] 608/5205: 601375.SH OK
[22:44:27] [5分钟] 第 609/5205 只: 600830.SH
[22:44:27] [5分钟] 609/5205: 600830.SH OK
[22:44:27] [5分钟] 第 610/5205 只: 603216.SH
[22:44:27] [5分钟] 610/5205: 603216.SH OK
[22:44:27] [5分钟] 第 611/5205 只: 688509.SH
[22:44:27] [5分钟] 611/5205: 688509.SH OK
[22:44:27] [5分钟] 第 612/5205 只: 688112.SH
[22:44:28] [5分钟] 612/5205: 688112.SH OK
[22:44:28] [5分钟] 第 613/5205 只: 600581.SH
[22:44:28] [5分钟] 613/5205: 600581.SH OK
[22:44:28] [5分钟] 第 614/5205 只: 600106.SH
[22:44:28] [5分钟] 614/5205: 600106.SH OK
[22:44:28] [5分钟] 第 615/5205 只: 688595.SH
[22:44:28] [5分钟] 615/5205: 688595.SH OK
[22:44:28] [5分钟] 第 616/5205 只: 600172.SH
[22:44:28] [5分钟] 616/5205: 600172.SH OK
[22:44:28] [5分钟] 第 617/5205 只: 600569.SH
[22:44:28] [5分钟] 617/5205: 600569.SH OK
[22:44:28] [5分钟] 第 618/5205 只: 688077.SH
[22:44:28] [5分钟] 618/5205: 688077.SH OK
[22:44:28] [5分钟] 第 619/5205 只: 600955.SH
[22:44:28] [5分钟] 619/5205: 600955.SH OK
[22:44:28] [5分钟] 第 620/5205 只: 603768.SH
[22:44:28] [5分钟] 620/5205: 603768.SH OK
[22:44:28] [5分钟] 第 621/5205 只: 603373.SH
[22:44:28] [5分钟] 621/5205: 603373.SH OK
[22:44:28] [5分钟] 第 622/5205 只: 688418.SH
[22:44:28] [5分钟] 622/5205: 688418.SH OK
[22:44:28] [5分钟] 第 623/5205 只: 688003.SH
[22:44:29] [5分钟] 623/5205: 688003.SH OK
[22:44:29] [5分钟] 第 624/5205 只: 600490.SH
[22:44:29] [5分钟] 624/5205: 600490.SH OK
[22:44:29] [5分钟] 第 625/5205 只: 603307.SH
[22:44:29] [5分钟] 625/5205: 603307.SH OK
[22:44:29] [5分钟] 第 626/5205 只: 600017.SH
[22:44:29] [5分钟] 626/5205: 600017.SH OK
[22:44:29] [5分钟] 第 627/5205 只: 688484.SH
[22:44:29] [5分钟] 627/5205: 688484.SH OK
[22:44:29] [5分钟] 第 628/5205 只: 600063.SH
[22:44:29] [5分钟] 628/5205: 600063.SH OK
[22:44:29] [5分钟] 第 629/5205 只: 600478.SH
[22:44:29] [5分钟] 629/5205: 600478.SH OK
[22:44:29] [5分钟] 第 630/5205 只: 603299.SH
[22:44:29] [5分钟] 630/5205: 603299.SH OK
[22:44:29] [5分钟] 第 631/5205 只: 603682.SH
[22:44:29] [5分钟] 631/5205: 603682.SH OK
[22:44:29] [5分钟] 第 632/5205 只: 600115.SH
[22:44:29] [5分钟] 632/5205: 600115.SH OK
[22:44:29] [5分钟] 第 633/5205 只: 688586.SH
[22:44:29] [5分钟] 633/5205: 688586.SH OK
[22:44:29] [5分钟] 第 634/5205 只: 600161.SH
[22:44:30] [5分钟] 634/5205: 600161.SH OK
[22:44:30] [5分钟] 第 635/5205 只: 600857.SH
[22:44:30] [5分钟] 635/5205: 600857.SH OK
[22:44:30] [5分钟] 第 636/5205 只: 603271.SH
[22:44:30] [5分钟] 636/5205: 603271.SH OK
[22:44:30] [5分钟] 第 637/5205 只: 688175.SH
[22:44:30] [5分钟] 637/5205: 688175.SH OK
[22:44:30] [5分钟] 第 638/5205 只: 601366.SH
[22:44:30] [5分钟] 638/5205: 601366.SH OK
[22:44:30] [5分钟] 第 639/5205 只: 603205.SH
[22:44:30] [5分钟] 639/5205: 603205.SH OK
[22:44:30] [5分钟] 第 640/5205 只: 688101.SH
[22:44:30] [5分钟] 640/5205: 688101.SH OK
[22:44:30] [5分钟] 第 641/5205 只: 600592.SH
[22:44:30] [5分钟] 641/5205: 600592.SH OK
[22:44:30] [5分钟] 第 642/5205 只: 600189.SH
[22:44:30] [5分钟] 642/5205: 600189.SH OK
[22:44:30] [5分钟] 第 643/5205 只: 600365.SH
[22:44:30] [5分钟] 643/5205: 600365.SH OK
[22:44:30] [5分钟] 第 644/5205 只: 603486.SH
[22:44:30] [5分钟] 644/5205: 603486.SH OK
[22:44:30] [5分钟] 第 645/5205 只: 603937.SH
[22:44:30] [5分钟] 645/5205: 603937.SH OK
[22:44:30] [5分钟] 第 646/5205 只: 688399.SH
[22:44:30] [5分钟] 646/5205: 688399.SH OK
[22:44:31] [5分钟] 第 647/5205 只: 603001.SH
[22:44:31] [5分钟] 647/5205: 603001.SH OK
[22:44:31] [5分钟] 第 648/5205 只: 601116.SH
[22:44:31] [5分钟] 648/5205: 601116.SH OK
[22:44:31] [5分钟] 第 649/5205 只: 688305.SH
[22:44:31] [5分钟] 649/5205: 688305.SH OK
[22:44:31] [5分钟] 第 650/5205 只: 600796.SH
[22:44:31] [5分钟] 650/5205: 600796.SH OK
[22:44:31] [5分钟 650/5205] 成功650，失败0，当前 600796.SH
[22:44:31] [5分钟] 第 651/5205 只: 605338.SH
[22:44:31] [5分钟] 651/5205: 605338.SH OK
[22:44:31] [5分钟] 第 652/5205 只: 603075.SH
[22:44:31] [5分钟] 652/5205: 603075.SH OK
[22:44:31] [5分钟] 第 653/5205 只: 688371.SH
[22:44:31] [5分钟] 653/5205: 688371.SH OK
[22:44:31] [5分钟] 第 654/5205 只: 601579.SH
[22:44:31] [5分钟] 654/5205: 601579.SH OK
[22:44:31] [5分钟] 第 655/5205 只: 601162.SH
[22:44:31] [5分钟] 655/5205: 601162.SH OK
[22:44:31] [5分钟] 第 656/5205 只: 688207.SH
[22:44:31] [5分钟] 656/5205: 688207.SH OK
[22:44:31] [5分钟] 第 657/5205 只: 600694.SH
[22:44:31] [5分钟] 657/5205: 600694.SH OK
[22:44:32] [5分钟] 第 658/5205 只: 603103.SH
[22:44:32] [5分钟] 658/5205: 603103.SH OK
[22:44:32] [5分钟] 第 659/5205 只: 603518.SH
[22:44:32] [5分钟] 659/5205: 603518.SH OK
[22:44:32] [5分钟] 第 660/5205 只: 688273.SH
[22:44:32] [5分钟] 660/5205: 688273.SH OK
[22:44:32] [5分钟] 第 661/5205 只: 688668.SH
[22:44:32] [5分钟] 661/5205: 688668.SH OK
[22:44:32] [5分钟] 第 662/5205 只: 603177.SH
[22:44:32] [5分钟] 662/5205: 603177.SH OK
[22:44:32] [5分钟] 第 663/5205 只: 600267.SH
[22:44:32] [5分钟] 663/5205: 600267.SH OK
[22:44:32] [5分钟] 第 664/5205 只: 601956.SH
[22:44:32] [5分钟] 664/5205: 601956.SH OK
[22:44:32] [5分钟] 第 665/5205 只: 601088.SH
[22:44:32] [5分钟] 665/5205: 601088.SH OK
[22:44:32] [5分钟] 第 666/5205 只: 688680.SH
[22:44:32] [5分钟] 666/5205: 688680.SH OK
[22:44:32] [5分钟] 第 667/5205 只: 688811.SH
[22:44:32] [5分钟] 667/5205: 688811.SH OK
[22:44:33] [5分钟] 第 668/5205 只: 600528.SH
[22:44:33] [5分钟] 668/5205: 600528.SH OK
[22:44:33] [5分钟] 第 669/5205 只: 600133.SH
[22:44:33] [5分钟] 669/5205: 600133.SH OK
[22:44:33] [5分钟] 第 670/5205 只: 605186.SH
[22:44:33] [5分钟] 670/5205: 605186.SH OK
[22:44:33] [5分钟] 第 671/5205 只: 600871.SH
[22:44:33] [5分钟] 671/5205: 600871.SH OK
[22:44:33] [5分钟] 第 672/5205 只: 603257.SH
[22:44:33] [5分钟] 672/5205: 603257.SH OK
[22:44:33] [5分钟] 第 673/5205 只: 688153.SH
[22:44:33] [5分钟] 673/5205: 688153.SH OK
[22:44:33] [5分钟] 第 674/5205 只: 688548.SH
[22:44:33] [5分钟] 674/5205: 688548.SH OK
[22:44:33] [5分钟] 第 675/5205 只: 600805.SH
[22:44:33] [5分钟] 675/5205: 600805.SH OK
[22:44:33] [5分钟] 第 676/5205 只: 603223.SH
[22:44:33] [5分钟] 676/5205: 603223.SH OK
[22:44:33] [5分钟] 第 677/5205 只: 603638.SH
[22:44:33] [5分钟] 677/5205: 603638.SH OK
[22:44:33] [5分钟] 第 678/5205 只: 688127.SH
[22:44:34] [5分钟] 678/5205: 688127.SH OK
[22:44:34] [5分钟] 第 679/5205 只: 688051.SH
[22:44:34] [5分钟] 679/5205: 688051.SH OK
[22:44:34] [5分钟] 第 680/5205 只: 600973.SH
[22:44:34] [5分钟] 680/5205: 600973.SH OK
[22:44:34] [5分钟] 第 681/5205 只: 605018.SH
[22:44:34] [5分钟] 681/5205: 605018.SH OK
[22:44:34] [5分钟] 第 682/5205 只: 603355.SH
[22:44:34] [5分钟] 682/5205: 603355.SH OK
[22:44:34] [5分钟] 第 683/5205 只: 601236.SH
[22:44:34] [5分钟] 683/5205: 601236.SH OK
[22:44:34] [5分钟] 第 684/5205 只: 688025.SH
[22:44:34] [5分钟] 684/5205: 688025.SH OK
[22:44:34] [5分钟] 第 685/5205 只: 603321.SH
[22:44:34] [5分钟] 685/5205: 603321.SH OK
[22:44:34] [5分钟] 第 686/5205 只: 600031.SH
[22:44:34] [5分钟] 686/5205: 600031.SH OK
[22:44:34] [5分钟] 第 687/5205 只: 688221.SH
[22:44:34] [5分钟] 687/5205: 688221.SH OK
[22:44:34] [5分钟] 第 688/5205 只: 605268.SH
[22:44:34] [5分钟] 688/5205: 605268.SH OK
[22:44:34] [5分钟] 第 689/5205 只: 603125.SH
[22:44:34] [5分钟] 689/5205: 603125.SH OK
[22:44:34] [5分钟] 第 690/5205 只: 601998.SH
[22:44:34] [5分钟] 690/5205: 601998.SH OK
[22:44:35] [5分钟] 第 691/5205 只: 688255.SH
[22:44:35] [5分钟] 691/5205: 688255.SH OK
[22:44:35] [5分钟] 第 692/5205 只: 603151.SH
[22:44:35] [5分钟] 692/5205: 603151.SH OK
[22:44:35] [5分钟] 第 693/5205 只: 600241.SH
[22:44:35] [5分钟] 693/5205: 600241.SH OK
[22:44:35] [5分钟] 第 694/5205 只: 603867.SH
[22:44:35] [5分钟] 694/5205: 603867.SH OK
[22:44:35] [5分钟] 第 695/5205 只: 600235.SH
[22:44:35] [5分钟] 695/5205: 600235.SH OK
[22:44:35] [5分钟] 第 696/5205 只: 603813.SH
[22:44:35] [5分钟] 696/5205: 603813.SH OK
[22:44:35] [5分钟] 第 697/5205 只: 601872.SH
[22:44:35] [5分钟] 697/5205: 601872.SH OK
[22:44:35] [5分钟] 第 698/5205 只: 600343.SH
[22:44:35] [5分钟] 698/5205: 600343.SH OK
[22:44:35] [5分钟] 第 699/5205 只: 600758.SH
[22:44:35] [5分钟] 699/5205: 600758.SH OK
[22:44:35] [5分钟] 第 700/5205 只: 600337.SH
[22:44:35] [5分钟] 700/5205: 600337.SH OK
[22:44:36] [5分钟 700/5205] 成功700，失败0，当前 600337.SH
[22:44:36] [5分钟] 第 701/5205 只: 603027.SH
[22:44:36] [5分钟] 701/5205: 603027.SH OK
[22:44:36] [5分钟] 第 702/5205 只: 688323.SH
[22:44:36] [5分钟] 702/5205: 688323.SH OK
[22:44:36] [5分钟] 第 703/5205 只: 603053.SH
[22:44:36] [5分钟] 703/5205: 603053.SH OK
[22:44:36] [5分钟] 第 704/5205 只: 688357.SH
[22:44:36] [5分钟] 704/5205: 688357.SH OK
[22:44:36] [5分钟] 第 705/5205 只: 600252.SH
[22:44:36] [5分钟] 705/5205: 600252.SH OK
[22:44:36] [5分钟] 第 706/5205 只: 600649.SH
[22:44:36] [5分钟] 706/5205: 600649.SH OK
[22:44:36] [5分钟] 第 707/5205 只: 601963.SH
[22:44:36] [5分钟] 707/5205: 601963.SH OK
[22:44:36] [5分钟] 第 708/5205 只: 600226.SH
[22:44:36] [5分钟] 708/5205: 600226.SH OK
[22:44:36] [5分钟] 第 709/5205 只: 603800.SH
[22:44:36] [5分钟] 709/5205: 603800.SH OK
[22:44:36] [5分钟] 第 710/5205 只: 601021.SH
[22:44:37] [5分钟] 710/5205: 601021.SH OK
[22:44:37] [5分钟] 第 711/5205 只: 688629.SH
[22:44:37] [5分钟] 711/5205: 688629.SH OK
[22:44:37] [5分钟] 第 712/5205 只: 688232.SH
[22:44:37] [5分钟] 712/5205: 688232.SH OK
[22:44:37] [5分钟] 第 713/5205 只: 603136.SH
[22:44:37] [5分钟] 713/5205: 603136.SH OK
[22:44:37] [5分钟] 第 714/5205 只: 688246.SH
[22:44:37] [5分钟] 714/5205: 688246.SH OK
[22:44:37] [5分钟] 第 715/5205 只: 603559.SH
[22:44:37] [5分钟] 715/5205: 603559.SH OK
[22:44:37] [5分钟] 第 716/5205 只: 688330.SH
[22:44:37] [5分钟] 716/5205: 688330.SH OK
[22:44:37] [5分钟] 第 717/5205 只: 603040.SH
[22:44:37] [5分钟] 717/5205: 603040.SH OK
[22:44:37] [5分钟] 第 718/5205 只: 600350.SH
[22:44:37] [5分钟] 718/5205: 600350.SH OK
[22:44:37] [5分钟] 第 719/5205 只: 603976.SH
[22:44:37] [5分钟] 719/5205: 603976.SH OK
[22:44:37] [5分钟] 第 720/5205 只: 600862.SH
[22:44:37] [5分钟] 720/5205: 600862.SH OK
[22:44:37] [5分钟] 第 721/5205 只: 605566.SH
[22:44:37] [5分钟] 721/5205: 605566.SH OK
[22:44:38] [5分钟] 第 722/5205 只: 600816.SH
[22:44:38] [5分钟] 722/5205: 600816.SH OK
[22:44:38] [5分钟] 第 723/5205 只: 603230.SH
[22:44:38] [5分钟] 723/5205: 603230.SH OK
[22:44:38] [5分钟] 第 724/5205 只: 688802.SH
[22:44:38] [5分钟] 724/5205: 688802.SH OK
[22:44:38] [5分钟] 第 725/5205 只: 600120.SH
[22:44:38] [5分钟] 725/5205: 600120.SH OK
[22:44:38] [5分钟] 第 726/5205 只: 600439.SH
[22:44:38] [5分钟] 726/5205: 600439.SH OK
[22:44:38] [5分钟] 第 727/5205 只: 600022.SH
[22:44:38] [5分钟] 727/5205: 600022.SH OK
[22:44:38] [5分钟] 第 728/5205 只: 600988.SH
[22:44:38] [5分钟] 728/5205: 600988.SH OK
[22:44:38] [5分钟] 第 729/5205 只: 600056.SH
[22:44:38] [5分钟] 729/5205: 600056.SH OK
[22:44:38] [5分钟] 第 730/5205 只: 688459.SH
[22:44:38] [5分钟] 730/5205: 688459.SH OK
[22:44:38] [5分钟] 第 731/5205 只: 600960.SH
[22:44:38] [5分钟] 731/5205: 600960.SH OK
[22:44:38] [5分钟] 第 732/5205 只: 601225.SH
[22:44:38] [5分钟] 732/5205: 601225.SH OK
[22:44:38] [5分钟] 第 733/5205 只: 688036.SH
[22:44:38] [5分钟] 733/5205: 688036.SH OK
[22:44:38] [5分钟] 第 734/5205 只: 603332.SH
[22:44:43] [5分钟] 734/5205: 603332.SH OK
[22:44:43] [5分钟] 第 735/5205 只: 603729.SH
[22:44:43] [5分钟] 735/5205: 603729.SH OK
[22:44:44] [5分钟] 第 736/5205 只: 688676.SH
[22:44:44] [5分钟] 736/5205: 688676.SH OK
[22:44:44] [5分钟] 第 737/5205 只: 603169.SH
[22:44:44] [5分钟] 737/5205: 603169.SH OK
[22:44:44] [5分钟] 第 738/5205 只: 688219.SH
[22:44:44] [5分钟] 738/5205: 688219.SH OK
[22:44:44] [5分钟] 第 739/5205 只: 688602.SH
[22:44:44] [5分钟] 739/5205: 688602.SH OK
[22:44:44] [5分钟] 第 740/5205 只: 603506.SH
[22:44:44] [5分钟] 740/5205: 603506.SH OK
[22:44:44] [5分钟] 第 741/5205 只: 600616.SH
[22:44:44] [5分钟] 741/5205: 600616.SH OK
[22:44:44] [5分钟] 第 742/5205 只: 688285.SH
[22:44:44] [5分钟] 742/5205: 688285.SH OK
[22:44:44] [5分钟] 第 743/5205 只: 601096.SH
[22:44:44] [5分钟] 743/5205: 601096.SH OK
[22:44:44] [5分钟] 第 744/5205 只: 603181.SH
[22:44:44] [5分钟] 744/5205: 603181.SH OK
[22:44:44] [5分钟] 第 745/5205 只: 600662.SH
[22:44:44] [5分钟] 745/5205: 600662.SH OK
[22:44:44] [5分钟] 第 746/5205 只: 600279.SH
[22:44:44] [5分钟] 746/5205: 600279.SH OK
[22:44:44] [5分钟] 第 747/5205 只: 603083.SH
[22:44:44] [5分钟] 747/5205: 603083.SH OK
[22:44:45] [5分钟] 第 748/5205 只: 600714.SH
[22:44:45] [5分钟] 748/5205: 600714.SH OK
[22:44:45] [5分钟] 第 749/5205 只: 688387.SH
[22:44:45] [5分钟] 749/5205: 688387.SH OK
[22:44:45] [5分钟] 第 750/5205 只: 603929.SH
[22:44:45] [5分钟] 750/5205: 603929.SH OK
[22:44:45] [5分钟 750/5205] 成功750，失败0，当前 603929.SH
[22:44:45] [5分钟] 第 751/5205 只: 600760.SH
[22:44:45] [5分钟] 751/5205: 600760.SH OK
[22:44:45] [5分钟] 第 752/5205 只: 601567.SH
[22:44:45] [5分钟] 752/5205: 601567.SH OK
[22:44:45] [5分钟] 第 753/5205 只: 601108.SH
[22:44:45] [5分钟] 753/5205: 601108.SH OK
[22:44:45] [5分钟] 第 754/5205 只: 688700.SH
[22:44:45] [5分钟] 754/5205: 688700.SH OK
[22:44:45] [5分钟] 第 755/5205 只: 600510.SH
[22:44:45] [5分钟] 755/5205: 600510.SH OK
[22:44:45] [5分钟] 第 756/5205 只: 688183.SH
[22:44:45] [5分钟] 756/5205: 688183.SH OK
[22:44:45] [5分钟] 第 757/5205 只: 688598.SH
[22:44:46] [5分钟] 757/5205: 688598.SH OK
[22:44:46] [5分钟] 第 758/5205 只: 601390.SH
[22:44:46] [5分钟] 758/5205: 601390.SH OK
[22:44:46] [5分钟] 第 759/5205 只: 603600.SH
[22:44:46] [5分钟] 759/5205: 603600.SH OK
[22:44:46] [5分钟] 第 760/5205 只: 601717.SH
[22:44:46] [5分钟] 760/5205: 601717.SH OK
[22:44:46] [5分钟] 第 761/5205 只: 600197.SH
[22:44:46] [5分钟] 761/5205: 600197.SH OK
[22:44:46] [5分钟] 第 762/5205 只: 605122.SH
[22:44:46] [5分钟] 762/5205: 605122.SH OK
[22:44:46] [5分钟] 第 763/5205 只: 688570.SH
[22:44:46] [5分钟] 763/5205: 688570.SH OK
[22:44:46] [5分钟] 第 764/5205 只: 601615.SH
[22:44:46] [5分钟] 764/5205: 601615.SH OK
[22:44:46] [5分钟] 第 765/5205 只: 600095.SH
[22:44:46] [5分钟] 765/5205: 600095.SH OK
[22:44:46] [5分钟] 第 766/5205 只: 603319.SH
[22:44:46] [5分钟] 766/5205: 603319.SH OK
[22:44:46] [5分钟] 第 767/5205 只: 688472.SH
[22:44:46] [5分钟] 767/5205: 688472.SH OK
[22:44:46] [5分钟] 第 768/5205 只: 688069.SH
[22:44:46] [5分钟] 768/5205: 688069.SH OK
[22:44:46] [5分钟] 第 769/5205 只: 605020.SH
[22:44:47] [5分钟] 769/5205: 605020.SH OK
[22:44:47] [5分钟] 第 770/5205 只: 603776.SH
[22:44:47] [5分钟] 770/5205: 603776.SH OK
[22:44:47] [5分钟] 第 771/5205 只: 600009.SH
[22:44:47] [5分钟] 771/5205: 600009.SH OK
[22:44:47] [5分钟] 第 772/5205 只: 688081.SH
[22:44:47] [5分钟] 772/5205: 688081.SH OK
[22:44:47] [5分钟] 第 773/5205 只: 601689.SH
[22:44:47] [5分钟] 773/5205: 601689.SH OK
[22:44:47] [5分钟] 第 774/5205 只: 603385.SH
[22:44:47] [5分钟] 774/5205: 603385.SH OK
[22:44:47] [5分钟] 第 775/5205 只: 603613.SH
[22:44:47] [5分钟] 775/5205: 603613.SH OK
[22:44:47] [5分钟] 第 776/5205 只: 603208.SH
[22:44:47] [5分钟] 776/5205: 603208.SH OK
[22:44:47] [5分钟] 第 777/5205 只: 688517.SH
[22:44:47] [5分钟] 777/5205: 688517.SH OK
[22:44:47] [5分钟] 第 778/5205 只: 600184.SH
[22:44:47] [5分钟] 778/5205: 600184.SH OK
[22:44:47] [5分钟] 第 779/5205 只: 603667.SH
[22:44:47] [5分钟] 779/5205: 603667.SH OK
[22:44:47] [5分钟] 第 780/5205 只: 688563.SH
[22:44:48] [5分钟] 780/5205: 688563.SH OK
[22:44:48] [5分钟] 第 781/5205 只: 688178.SH
[22:44:48] [5分钟] 781/5205: 688178.SH OK
[22:44:48] [5分钟] 第 782/5205 只: 600577.SH
[22:44:48] [5分钟] 782/5205: 600577.SH OK
[22:44:48] [5分钟] 第 783/5205 只: 600118.SH
[22:44:48] [5分钟] 783/5205: 600118.SH OK
[22:44:48] [5分钟] 第 784/5205 只: 600503.SH
[22:44:48] [5分钟] 784/5205: 600503.SH OK
[22:44:48] [5分钟] 第 785/5205 只: 688190.SH
[22:44:48] [5分钟] 785/5205: 688190.SH OK
[22:44:48] [5分钟] 第 786/5205 只: 601798.SH
[22:44:48] [5分钟] 786/5205: 601798.SH OK
[22:44:48] [5分钟] 第 787/5205 只: 600475.SH
[22:44:48] [5分钟] 787/5205: 600475.SH OK
[22:44:48] [5分钟] 第 788/5205 只: 688092.SH
[22:44:48] [5分钟] 788/5205: 688092.SH OK
[22:44:48] [5分钟] 第 789/5205 只: 688489.SH
[22:44:48] [5分钟] 789/5205: 688489.SH OK
[22:44:48] [5分钟] 第 790/5205 只: 603396.SH
[22:44:48] [5分钟] 790/5205: 603396.SH OK
[22:44:48] [5分钟] 第 791/5205 只: 601606.SH
[22:44:48] [5分钟] 791/5205: 601606.SH OK
[22:44:48] [5分钟] 第 792/5205 只: 603711.SH
[22:44:48] [5分钟] 792/5205: 603711.SH OK
[22:44:49] [5分钟] 第 793/5205 只: 600958.SH
[22:44:49] [5分钟] 793/5205: 600958.SH OK
[22:44:49] [5分钟] 第 794/5205 只: 605033.SH
[22:44:49] [5分钟] 794/5205: 605033.SH OK
[22:44:49] [5分钟] 第 795/5205 只: 600605.SH
[22:44:49] [5分钟] 795/5205: 600605.SH OK
[22:44:49] [5分钟] 第 796/5205 只: 688296.SH
[22:44:49] [5分钟] 796/5205: 688296.SH OK
[22:44:49] [5分钟] 第 797/5205 只: 603838.SH
[22:44:49] [5分钟] 797/5205: 603838.SH OK
[22:44:49] [5分钟] 第 798/5205 只: 603589.SH
[22:44:49] [5分钟] 798/5205: 603589.SH OK
[22:44:49] [5分钟] 第 799/5205 只: 603192.SH
[22:44:49] [5分钟] 799/5205: 603192.SH OK
[22:44:49] [5分钟] 第 800/5205 只: 600671.SH
[22:44:49] [5分钟] 800/5205: 600671.SH OK
[22:44:49] [5分钟 800/5205] 成功800，失败0，当前 600671.SH
[22:44:49] [5分钟] 第 801/5205 只: 688665.SH
[22:44:49] [5分钟] 801/5205: 688665.SH OK
[22:44:49] [5分钟] 第 802/5205 只: 601019.SH
[22:44:49] [5分钟] 802/5205: 601019.SH OK
[22:44:49] [5分钟] 第 803/5205 只: 688611.SH
[22:44:50] [5分钟] 803/5205: 688611.SH OK
[22:44:50] [5分钟] 第 804/5205 只: 600282.SH
[22:44:50] [5分钟] 804/5205: 600282.SH OK
[22:44:50] [5分钟] 第 805/5205 只: 600699.SH
[22:44:50] [5分钟] 805/5205: 600699.SH OK
[22:44:50] [5分钟] 第 806/5205 只: 603515.SH
[22:44:50] [5分钟] 806/5205: 603515.SH OK
[22:44:50] [5分钟] 第 807/5205 只: 603078.SH
[22:44:50] [5分钟] 807/5205: 603078.SH OK
[22:44:50] [5分钟] 第 808/5205 只: 688767.SH
[22:44:50] [5分钟] 808/5205: 688767.SH OK
[22:44:50] [5分钟] 第 809/5205 只: 601500.SH
[22:44:50] [5分钟] 809/5205: 601500.SH OK
[22:44:50] [5分钟] 第 810/5205 只: 688308.SH
[22:44:50] [5分钟] 810/5205: 688308.SH OK
[22:44:50] [5分钟] 第 811/5205 只: 600380.SH
[22:44:50] [5分钟] 811/5205: 600380.SH OK
[22:44:50] [5分钟] 第 812/5205 只: 603090.SH
[22:44:50] [5分钟] 812/5205: 603090.SH OK
[22:44:50] [5分钟] 第 813/5205 只: 600707.SH
[22:44:50] [5分钟] 813/5205: 600707.SH OK
[22:44:50] [5分钟] 第 814/5205 只: 601187.SH
[22:44:50] [5分钟] 814/5205: 601187.SH OK
[22:44:51] [5分钟] 第 815/5205 只: 600773.SH
[22:44:51] [5分钟] 815/5205: 600773.SH OK
[22:44:51] [5分钟] 第 816/5205 只: 600368.SH
[22:44:51] [5分钟] 816/5205: 600368.SH OK
[22:44:51] [5分钟] 第 817/5205 只: 600048.SH
[22:44:51] [5分钟] 817/5205: 600048.SH OK
[22:44:51] [5分钟] 第 818/5205 只: 605089.SH
[22:44:51] [5分钟] 818/5205: 605089.SH OK
[22:44:51] [5分钟] 第 819/5205 只: 600996.SH
[22:44:51] [5分钟] 819/5205: 600996.SH OK
[22:44:51] [5分钟] 第 820/5205 只: 688028.SH
[22:44:51] [5分钟] 820/5205: 688028.SH OK
[22:44:51] [5分钟] 第 821/5205 只: 688433.SH
[22:44:51] [5分钟] 821/5205: 688433.SH OK
[22:44:51] [5分钟] 第 822/5205 只: 603737.SH
[22:44:51] [5分钟] 822/5205: 603737.SH OK
[22:44:51] [5分钟] 第 823/5205 只: 603358.SH
[22:44:52] [5分钟] 823/5205: 603358.SH OK
[22:44:52] [5分钟] 第 824/5205 只: 600808.SH
[22:44:52] [5分钟] 824/5205: 600808.SH OK
[22:44:52] [5分钟] 第 825/5205 只: 688531.SH
[22:44:52] [5分钟] 825/5205: 688531.SH OK
[22:44:52] [5分钟] 第 826/5205 只: 601339.SH
[22:44:52] [5分钟] 826/5205: 601339.SH OK
[22:44:52] [5分钟] 第 827/5205 只: 605117.SH
[22:44:52] [5分钟] 827/5205: 605117.SH OK
[22:44:52] [5分钟] 第 828/5205 只: 688545.SH
[22:44:52] [5分钟] 828/5205: 688545.SH OK
[22:44:52] [5分钟] 第 829/5205 只: 600551.SH
[22:44:52] [5分钟] 829/5205: 600551.SH OK
[22:44:52] [5分钟] 第 830/5205 只: 600894.SH
[22:44:52] [5分钟] 830/5205: 600894.SH OK
[22:44:52] [5分钟] 第 831/5205 只: 600525.SH
[22:44:52] [5分钟] 831/5205: 600525.SH OK
[22:44:52] [5分钟] 第 832/5205 只: 603980.SH
[22:44:52] [5分钟] 832/5205: 603980.SH OK
[22:44:52] [5分钟] 第 833/5205 只: 600721.SH
[22:44:52] [5分钟] 833/5205: 600721.SH OK
[22:44:52] [5分钟] 第 834/5205 只: 600755.SH
[22:44:53] [5分钟] 834/5205: 600755.SH OK
[22:44:53] [5分钟] 第 835/5205 只: 603968.SH
[22:44:53] [5分钟] 835/5205: 603968.SH OK
[22:44:53] [5分钟] 第 836/5205 只: 600238.SH
[22:44:53] [5分钟] 836/5205: 600238.SH OK
[22:44:53] [5分钟] 第 837/5205 只: 600623.SH
[22:44:53] [5分钟] 837/5205: 600623.SH OK
[22:44:53] [5分钟] 第 838/5205 只: 600657.SH
[22:44:53] [5分钟] 838/5205: 600657.SH OK
[22:44:53] [5分钟] 第 839/5205 只: 688258.SH
[22:44:53] [5分钟] 839/5205: 688258.SH OK
[22:44:53] [5分钟] 第 840/5205 只: 603882.SH
[22:44:53] [5分钟] 840/5205: 603882.SH OK
[22:44:53] [5分钟] 第 841/5205 只: 603533.SH
[22:44:53] [5分钟] 841/5205: 603533.SH OK
[22:44:53] [5分钟] 第 842/5205 只: 603128.SH
[22:44:53] [5分钟] 842/5205: 603128.SH OK
[22:44:53] [5分钟] 第 843/5205 只: 601995.SH
[22:44:53] [5分钟] 843/5205: 601995.SH OK
[22:44:53] [5分钟] 第 844/5205 只: 601818.SH
[22:44:53] [5分钟] 844/5205: 601818.SH OK
[22:44:53] [5分钟] 第 845/5205 只: 600329.SH
[22:44:53] [5分钟] 845/5205: 600329.SH OK
[22:44:54] [5分钟] 第 846/5205 只: 600732.SH
[22:44:54] [5分钟] 846/5205: 600732.SH OK
[22:44:54] [5分钟] 第 847/5205 只: 600746.SH
[22:44:54] [5分钟] 847/5205: 600746.SH OK
[22:44:54] [5分钟] 第 848/5205 只: 605300.SH
[22:44:54] [5分钟] 848/5205: 605300.SH OK
[22:44:54] [5分钟] 第 849/5205 只: 603456.SH
[22:44:54] [5分钟] 849/5205: 603456.SH OK
[22:44:54] [5分钟] 第 850/5205 只: 688349.SH
[22:44:54] [5分钟] 850/5205: 688349.SH OK
[22:44:54] [5分钟 850/5205] 成功850，失败0，当前 688349.SH
[22:44:54] [5分钟] 第 851/5205 只: 603039.SH
[22:44:54] [5分钟] 851/5205: 603039.SH OK
[22:44:54] [5分钟] 第 852/5205 只: 603993.SH
[22:44:54] [5分钟] 852/5205: 603993.SH OK
[22:44:54] [5分钟] 第 853/5205 只: 688726.SH
[22:44:54] [5分钟] 853/5205: 688726.SH OK
[22:44:54] [5分钟] 第 854/5205 只: 601058.SH
[22:44:54] [5分钟] 854/5205: 601058.SH OK
[22:44:54] [5分钟] 第 855/5205 只: 603520.SH
[22:44:55] [5分钟] 855/5205: 603520.SH OK
[22:44:55] [5分钟] 第 856/5205 只: 600630.SH
[22:44:55] [5分钟] 856/5205: 600630.SH OK
[22:44:55] [5分钟] 第 857/5205 只: 600644.SH
[22:44:55] [5分钟] 857/5205: 600644.SH OK
[22:44:55] [5分钟] 第 858/5205 只: 603879.SH
[22:44:55] [5分钟] 858/5205: 603879.SH OK
[22:44:55] [5分钟] 第 859/5205 只: 601633.SH
[22:44:55] [5分钟] 859/5205: 601633.SH OK
[22:44:55] [5分钟] 第 860/5205 只: 688420.SH
[22:44:55] [5分钟] 860/5205: 688420.SH OK
[22:44:55] [5分钟] 第 861/5205 只: 601228.SH
[22:44:55] [5分钟] 861/5205: 601228.SH OK
[22:44:55] [5分钟] 第 862/5205 只: 600919.SH
[22:44:55] [5分钟] 862/5205: 600919.SH OK
[22:44:55] [5分钟] 第 863/5205 只: 605006.SH
[22:44:55] [5分钟] 863/5205: 605006.SH OK
[22:44:55] [5分钟] 第 864/5205 只: 600985.SH
[22:44:55] [5分钟] 864/5205: 600985.SH OK
[22:44:55] [5分钟] 第 865/5205 只: 605198.SH
[22:44:55] [5分钟] 865/5205: 605198.SH OK
[22:44:55] [5分钟] 第 866/5205 只: 600159.SH
[22:44:55] [5分钟] 866/5205: 600159.SH OK
[22:44:56] [5分钟] 第 867/5205 只: 600887.SH
[22:44:56] [5分钟] 867/5205: 600887.SH OK
[22:44:56] [5分钟] 第 868/5205 只: 600536.SH
[22:44:56] [5分钟] 868/5205: 600536.SH OK
[22:44:56] [5分钟] 第 869/5205 只: 603626.SH
[22:44:56] [5分钟] 869/5205: 603626.SH OK
[22:44:56] [5分钟] 第 870/5205 只: 688139.SH
[22:44:56] [5分钟] 870/5205: 688139.SH OK
[22:44:56] [5分钟] 第 871/5205 只: 688522.SH
[22:44:56] [5分钟] 871/5205: 688522.SH OK
[22:44:56] [5分钟] 第 872/5205 只: 688556.SH
[22:44:56] [5分钟] 872/5205: 688556.SH OK
[22:44:56] [5分钟] 第 873/5205 只: 688008.SH
[22:44:56] [5分钟] 873/5205: 688008.SH OK
[22:44:56] [5分钟] 第 874/5205 只: 601600.SH
[22:44:56] [5分钟] 874/5205: 601600.SH OK
[22:44:56] [5分钟] 第 875/5205 只: 600080.SH
[22:44:56] [5分钟] 875/5205: 600080.SH OK
[22:44:56] [5分钟] 第 876/5205 只: 603717.SH
[22:44:56] [5分钟] 876/5205: 603717.SH OK
[22:44:56] [5分钟] 第 877/5205 只: 603378.SH
[22:44:56] [5分钟] 877/5205: 603378.SH OK
[22:44:56] [5分钟] 第 878/5205 只: 603390.SH
[22:44:57] [5分钟] 878/5205: 603390.SH OK
[22:44:57] [5分钟] 第 879/5205 只: 600571.SH
[22:44:57] [5分钟] 879/5205: 600571.SH OK
[22:44:57] [5分钟] 第 880/5205 只: 603689.SH
[22:44:57] [5分钟] 880/5205: 603689.SH OK
[22:44:57] [5分钟] 第 881/5205 只: 600505.SH
[22:44:57] [5分钟] 881/5205: 600505.SH OK
[22:44:57] [5分钟] 第 882/5205 只: 688196.SH
[22:44:57] [5分钟] 882/5205: 688196.SH OK
[22:44:57] [5分钟] 第 883/5205 只: 600828.SH
[22:44:57] [5分钟] 883/5205: 600828.SH OK
[22:44:57] [5分钟] 第 884/5205 只: 603615.SH
[22:44:57] [5分钟] 884/5205: 603615.SH OK
[22:44:57] [5分钟] 第 885/5205 只: 688511.SH
[22:44:57] [5分钟] 885/5205: 688511.SH OK
[22:44:57] [5分钟] 第 886/5205 只: 601319.SH
[22:44:57] [5分钟] 886/5205: 601319.SH OK
[22:44:57] [5分钟] 第 887/5205 只: 601702.SH
[22:44:57] [5分钟] 887/5205: 601702.SH OK
[22:44:57] [5分钟] 第 888/5205 只: 600182.SH
[22:44:58] [5分钟] 888/5205: 600182.SH OK
[22:44:58] [5分钟] 第 889/5205 只: 603661.SH
[22:44:58] [5分钟] 889/5205: 603661.SH OK
[22:44:58] [5分钟] 第 890/5205 只: 688565.SH
[22:44:58] [5分钟] 890/5205: 688565.SH OK
[22:44:58] [5分钟] 第 891/5205 只: 603096.SH
[22:44:58] [5分钟] 891/5205: 603096.SH OK
[22:44:58] [5分钟] 第 892/5205 只: 688789.SH
[22:44:58] [5分钟] 892/5205: 688789.SH OK
[22:44:58] [5分钟] 第 893/5205 只: 688392.SH
[22:44:58] [5分钟] 893/5205: 688392.SH OK
[22:44:58] [5分钟] 第 894/5205 只: 600775.SH
[22:44:58] [5分钟] 894/5205: 600775.SH OK
[22:44:58] [5分钟] 第 895/5205 只: 603948.SH
[22:44:58] [5分钟] 895/5205: 603948.SH OK
[22:44:58] [5分钟] 第 896/5205 只: 605333.SH
[22:44:58] [5分钟] 896/5205: 605333.SH OK
[22:44:58] [5分钟] 第 897/5205 只: 601169.SH
[22:44:58] [5分钟] 897/5205: 601169.SH OK
[22:44:58] [5分钟] 第 898/5205 只: 600386.SH
[22:44:58] [5分钟] 898/5205: 600386.SH OK
[22:44:58] [5分钟] 第 899/5205 只: 688278.SH
[22:44:58] [5分钟] 899/5205: 688278.SH OK
[22:44:59] [5分钟] 第 900/5205 只: 688663.SH
[22:44:59] [5分钟] 900/5205: 688663.SH OK
[22:44:59] [5分钟 900/5205] 成功900，失败0，当前 688663.SH
[22:44:59] [5分钟] 第 901/5205 只: 603567.SH
[22:44:59] [5分钟] 901/5205: 603567.SH OK
[22:44:59] [5分钟] 第 902/5205 只: 688617.SH
[22:44:59] [5分钟] 902/5205: 688617.SH OK
[22:44:59] [5分钟] 第 903/5205 只: 600284.SH
[22:44:59] [5分钟] 903/5205: 600284.SH OK
[22:44:59] [5分钟] 第 904/5205 只: 603108.SH
[22:44:59] [5分钟] 904/5205: 603108.SH OK
[22:44:59] [5分钟] 第 905/5205 只: 600603.SH
[22:44:59] [5分钟] 905/5205: 600603.SH OK
[22:44:59] [5分钟] 第 906/5205 只: 600218.SH
[22:44:59] [5分钟] 906/5205: 600218.SH OK
[22:44:59] [5分钟] 第 907/5205 只: 601083.SH
[22:44:59] [5分钟] 907/5205: 601083.SH OK
[22:44:59] [5分钟] 第 908/5205 只: 688290.SH
[22:44:59] [5分钟] 908/5205: 688290.SH OK
[22:44:59] [5分钟] 第 909/5205 只: 603194.SH
[22:44:59] [5分钟] 909/5205: 603194.SH OK
[22:44:59] [5分钟] 第 910/5205 只: 601929.SH
[22:44:59] [5分钟] 910/5205: 601929.SH OK
[22:45:00] [5分钟] 第 911/5205 只: 688369.SH
[22:45:00] [5分钟] 911/5205: 688369.SH OK
[22:45:00] [5分钟] 第 912/5205 只: 688772.SH
[22:45:00] [5分钟] 912/5205: 688772.SH OK
[22:45:00] [5分钟] 第 913/5205 只: 603019.SH
[22:45:00] [5分钟] 913/5205: 603019.SH OK
[22:45:00] [5分钟] 第 914/5205 只: 603402.SH
[22:45:00] [5分钟] 914/5205: 603402.SH OK
[22:45:00] [5分钟] 第 915/5205 只: 601515.SH
[22:45:00] [5分钟] 915/5205: 601515.SH OK
[22:45:00] [5分钟] 第 916/5205 只: 600395.SH
[22:45:00] [5分钟] 916/5205: 600395.SH OK
[22:45:00] [5分钟] 第 917/5205 只: 603085.SH
[22:45:00] [5分钟] 917/5205: 603085.SH OK
[22:45:00] [5分钟] 第 918/5205 只: 601838.SH
[22:45:00] [5分钟] 918/5205: 601838.SH OK
[22:45:00] [5分钟] 第 919/5205 只: 600712.SH
[22:45:00] [5分钟] 919/5205: 600712.SH OK
[22:45:00] [5分钟] 第 920/5205 只: 600309.SH
[22:45:00] [5分钟] 920/5205: 600309.SH OK
[22:45:00] [5分钟] 第 921/5205 只: 688381.SH
[22:45:00] [5分钟] 921/5205: 688381.SH OK
[22:45:01] [5分钟] 第 922/5205 只: 600610.SH
[22:45:01] [5分钟] 922/5205: 600610.SH OK
[22:45:01] [5分钟] 第 923/5205 只: 688698.SH
[22:45:01] [5分钟] 923/5205: 688698.SH OK
[22:45:01] [5分钟] 第 924/5205 只: 688283.SH
[22:45:01] [5分钟] 924/5205: 688283.SH OK
[22:45:01] [5分钟] 第 925/5205 只: 603187.SH
[22:45:01] [5分钟] 925/5205: 603187.SH OK
[22:45:01] [5分钟] 第 926/5205 只: 600664.SH
[22:45:01] [5分钟] 926/5205: 600664.SH OK
[22:45:01] [5分钟] 第 927/5205 只: 603859.SH
[22:45:01] [5分钟] 927/5205: 603859.SH OK
[22:45:01] [5分钟] 第 928/5205 只: 688670.SH
[22:45:01] [5分钟] 928/5205: 688670.SH OK
[22:45:01] [5分钟] 第 929/5205 只: 605222.SH
[22:45:01] [5分钟] 929/5205: 605222.SH OK
[22:45:01] [5分钟] 第 930/5205 只: 603500.SH
[22:45:01] [5分钟] 930/5205: 603500.SH OK
[22:45:01] [5分钟] 第 931/5205 只: 600460.SH
[22:45:02] [5分钟] 931/5205: 600460.SH OK
[22:45:02] [5分钟] 第 932/5205 只: 688087.SH
[22:45:02] [5分钟] 932/5205: 688087.SH OK
[22:45:02] [5分钟] 第 933/5205 只: 603383.SH
[22:45:02] [5分钟] 933/5205: 603383.SH OK
[22:45:02] [5分钟] 第 934/5205 只: 603798.SH
[22:45:02] [5分钟] 934/5205: 603798.SH OK
[22:45:02] [5分钟] 第 935/5205 只: 688400.SH
[22:45:02] [5分钟] 935/5205: 688400.SH OK
[22:45:02] [5分钟] 第 936/5205 只: 601208.SH
[22:45:02] [5分钟] 936/5205: 601208.SH OK
[22:45:02] [5分钟] 第 937/5205 只: 600488.SH
[22:45:02] [5分钟] 937/5205: 600488.SH OK
[22:45:02] [5分钟] 第 938/5205 只: 600939.SH
[22:45:02] [5分钟] 938/5205: 600939.SH OK
[22:45:02] [5分钟] 第 939/5205 只: 603606.SH
[22:45:02] [5分钟] 939/5205: 603606.SH OK
[22:45:02] [5分钟] 第 940/5205 只: 688502.SH
[22:45:02] [5分钟] 940/5205: 688502.SH OK
[22:45:02] [5分钟] 第 941/5205 只: 688119.SH
[22:45:03] [5分钟] 941/5205: 688119.SH OK
[22:45:03] [5分钟] 第 942/5205 只: 600191.SH
[22:45:03] [5分钟] 942/5205: 600191.SH OK
[22:45:03] [5分钟] 第 943/5205 只: 603269.SH
[22:45:03] [5分钟] 943/5205: 603269.SH OK
[22:45:03] [5分钟] 第 944/5205 只: 688576.SH
[22:45:03] [5分钟] 944/5205: 688576.SH OK
[22:45:03] [5分钟] 第 945/5205 只: 600179.SH
[22:45:03] [5分钟] 945/5205: 600179.SH OK
[22:45:03] [5分钟] 第 946/5205 只: 600562.SH
[22:45:03] [5分钟] 946/5205: 600562.SH OK
[22:45:03] [5分钟] 第 947/5205 只: 603281.SH
[22:45:03] [5分钟] 947/5205: 603281.SH OK
[22:45:03] [5分钟] 第 948/5205 只: 600516.SH
[22:45:03] [5分钟] 948/5205: 600516.SH OK
[22:45:03] [5分钟] 第 949/5205 只: 688185.SH
[22:45:03] [5分钟] 949/5205: 688185.SH OK
[22:45:03] [5分钟] 第 950/5205 只: 600259.SH
[22:45:03] [5分钟] 950/5205: 600259.SH OK
[22:45:04] [5分钟 950/5205] 成功950，失败0，当前 600259.SH
[22:45:04] [5分钟] 第 951/5205 只: 600642.SH
[22:45:04] [5分钟] 951/5205: 600642.SH OK
[22:45:04] [5分钟] 第 952/5205 只: 601968.SH
[22:45:04] [5分钟] 952/5205: 601968.SH OK
[22:45:04] [5分钟] 第 953/5205 只: 605298.SH
[22:45:04] [5分钟] 953/5205: 605298.SH OK
[22:45:04] [5分钟] 第 954/5205 只: 688656.SH
[22:45:04] [5分钟] 954/5205: 688656.SH OK
[22:45:04] [5分钟] 第 955/5205 只: 688622.SH
[22:45:04] [5分钟] 955/5205: 688622.SH OK
[22:45:04] [5分钟] 第 956/5205 只: 603897.SH
[22:45:04] [5分钟] 956/5205: 603897.SH OK
[22:45:04] [5分钟] 第 957/5205 只: 688239.SH
[22:45:05] [5分钟] 957/5205: 688239.SH OK
[22:45:05] [5分钟] 第 958/5205 只: 601882.SH
[22:45:05] [5分钟] 958/5205: 601882.SH OK
[22:45:05] [5分钟] 第 959/5205 只: 601128.SH
[22:45:05] [5分钟] 959/5205: 601128.SH OK
[22:45:05] [5分钟] 第 960/5205 只: 603995.SH
[22:45:05] [5分钟] 960/5205: 603995.SH OK
[22:45:05] [5分钟] 第 961/5205 只: 688720.SH
[22:45:05] [5分钟] 961/5205: 688720.SH OK
[22:45:05] [5分钟] 第 962/5205 只: 600734.SH
[22:45:05] [5分钟] 962/5205: 600734.SH OK
[22:45:05] [5分钟] 第 963/5205 只: 603909.SH
[22:45:05] [5分钟] 963/5205: 603909.SH OK
[22:45:05] [5分钟] 第 964/5205 只: 600740.SH
[22:45:05] [5分钟] 964/5205: 600740.SH OK
[22:45:05] [5分钟] 第 965/5205 只: 600869.SH
[22:45:05] [5分钟] 965/5205: 600869.SH OK
[22:45:05] [5分钟] 第 966/5205 只: 688550.SH
[22:45:06] [5分钟] 966/5205: 688550.SH OK
[22:45:06] [5分钟] 第 967/5205 只: 688809.SH
[22:45:06] [5分钟] 967/5205: 688809.SH OK
[22:45:06] [5分钟] 第 968/5205 只: 600881.SH
[22:45:06] [5分钟] 968/5205: 600881.SH OK
[22:45:06] [5分钟] 第 969/5205 只: 600530.SH
[22:45:06] [5分钟] 969/5205: 600530.SH OK
[22:45:06] [5分钟] 第 970/5205 只: 600446.SH
[22:45:06] [5分钟] 970/5205: 600446.SH OK
[22:45:06] [5分钟] 第 971/5205 只: 600029.SH
[22:45:06] [5分钟] 971/5205: 600029.SH OK
[22:45:06] [5分钟] 第 972/5205 只: 600983.SH
[22:45:06] [5分钟] 972/5205: 600983.SH OK
[22:45:06] [5分钟] 第 973/5205 只: 688426.SH
[22:45:06] [5分钟] 973/5205: 688426.SH OK
[22:45:06] [5分钟] 第 974/5205 只: 603339.SH
[22:45:06] [5分钟] 974/5205: 603339.SH OK
[22:45:06] [5分钟] 第 975/5205 只: 603722.SH
[22:45:07] [5分钟] 975/5205: 603722.SH OK
[22:45:07] [5分钟] 第 976/5205 只: 688049.SH
[22:45:07] [5分钟] 976/5205: 688049.SH OK
[22:45:07] [5分钟] 第 977/5205 只: 600557.SH
[22:45:07] [5分钟] 977/5205: 600557.SH OK
[22:45:07] [5分钟] 第 978/5205 只: 600892.SH
[22:45:07] [5分钟] 978/5205: 600892.SH OK
[22:45:07] [5分钟] 第 979/5205 只: 600523.SH
[22:45:07] [5分钟] 979/5205: 600523.SH OK
[22:45:07] [5分钟] 第 980/5205 只: 600138.SH
[22:45:07] [5分钟] 980/5205: 600138.SH OK
[22:45:07] [5分钟] 第 981/5205 只: 603228.SH
[22:45:07] [5分钟] 981/5205: 603228.SH OK
[22:45:07] [5分钟] 第 982/5205 只: 603633.SH
[22:45:07] [5分钟] 982/5205: 603633.SH OK
[22:45:07] [5分钟] 第 983/5205 只: 605111.SH
[22:45:07] [5分钟] 983/5205: 605111.SH OK
[22:45:07] [5分钟] 第 984/5205 只: 688158.SH
[22:45:08] [5分钟] 984/5205: 688158.SH OK
[22:45:08] [5分钟] 第 985/5205 只: 688543.SH
[22:45:08] [5分钟] 985/5205: 688543.SH OK
[22:45:08] [5分钟] 第 986/5205 只: 688435.SH
[22:45:08] [5分钟] 986/5205: 688435.SH OK
[22:45:08] [5分钟] 第 987/5205 只: 600455.SH
[22:45:08] [5分钟] 987/5205: 600455.SH OK
[22:45:08] [5分钟] 第 988/5205 只: 600990.SH
[22:45:08] [5分钟] 988/5205: 600990.SH OK
[22:45:08] [5分钟] 第 989/5205 只: 601456.SH
[22:45:08] [5分钟] 989/5205: 601456.SH OK
[22:45:08] [5分钟] 第 990/5205 只: 688631.SH
[22:45:08] [5分钟] 990/5205: 688631.SH OK
[22:45:08] [5分钟] 第 991/5205 只: 603535.SH
[22:45:08] [5分钟] 991/5205: 603535.SH OK
[22:45:08] [5分钟] 第 992/5205 只: 603818.SH
[22:45:08] [5分钟] 992/5205: 603818.SH OK
[22:45:08] [5分钟] 第 993/5205 只: 600651.SH
[22:45:08] [5分钟] 993/5205: 600651.SH OK
[22:45:08] [5分钟] 第 994/5205 只: 600727.SH
[22:45:08] [5分钟] 994/5205: 600727.SH OK
[22:45:08] [5分钟] 第 995/5205 只: 605389.SH
[22:45:08] [5分钟] 995/5205: 605389.SH OK
[22:45:08] [5分钟] 第 996/5205 只: 600348.SH
[22:45:09] [5分钟] 996/5205: 600348.SH OK
[22:45:09] [5分钟] 第 997/5205 只: 600753.SH
[22:45:09] [5分钟] 997/5205: 600753.SH OK
[22:45:09] [5分钟] 第 998/5205 只: 603058.SH
[22:45:09] [5分钟] 998/5205: 603058.SH OK
[22:45:09] [5分钟] 第 999/5205 只: 603986.SH
[22:45:09] [5分钟] 999/5205: 603986.SH OK
[22:45:09] [5分钟] 第 1000/5205 只: 688733.SH
[22:45:09] [5分钟] 1000/5205: 688733.SH OK
[22:45:09] [5分钟 1000/5205] 成功1000，失败0，当前 688733.SH
[22:45:09] [5分钟] 第 1001/5205 只: 688328.SH
[22:45:09] [5分钟] 1001/5205: 688328.SH OK
[22:45:09] [5分钟] 第 1002/5205 只: 600851.SH
[22:45:09] [5分钟] 1002/5205: 600851.SH OK
[22:45:09] [5分钟] 第 1003/5205 只: 603277.SH
[22:45:09] [5分钟] 1003/5205: 603277.SH OK
[22:45:09] [5分钟] 第 1004/5205 只: 601360.SH
[22:45:09] [5分钟] 1004/5205: 601360.SH OK
[22:45:09] [5分钟] 第 1005/5205 只: 688568.SH
[22:45:09] [5分钟] 1005/5205: 688568.SH OK
[22:45:09] [5分钟] 第 1006/5205 只: 688173.SH
[22:45:10] [5分钟] 1006/5205: 688173.SH OK
[22:45:10] [5分钟] 第 1007/5205 只: 600825.SH
[22:45:10] [5分钟] 1007/5205: 600825.SH OK
[22:45:10] [5分钟] 第 1008/5205 只: 605555.SH
[22:45:10] [5分钟] 1008/5205: 605555.SH OK
[22:45:10] [5分钟] 第 1009/5205 只: 603618.SH
[22:45:10] [5分钟] 1009/5205: 603618.SH OK
[22:45:10] [5分钟] 第 1010/5205 只: 603203.SH
[22:45:10] [5分钟] 1010/5205: 603203.SH OK
[22:45:10] [5分钟] 第 1011/5205 只: 688107.SH
[22:45:10] [5分钟] 1011/5205: 688107.SH OK
[22:45:10] [5分钟] 第 1012/5205 只: 600594.SH
[22:45:10] [5分钟] 1012/5205: 600594.SH OK
[22:45:10] [5分钟] 第 1013/5205 只: 600113.SH
[22:45:10] [5分钟] 1013/5205: 600113.SH OK
[22:45:10] [5分钟] 第 1014/5205 只: 600508.SH
[22:45:10] [5分钟] 1014/5205: 600508.SH OK
[22:45:10] [5分钟] 第 1015/5205 只: 688580.SH
[22:45:10] [5分钟] 1015/5205: 688580.SH OK
[22:45:10] [5分钟] 第 1016/5205 只: 601388.SH
[22:45:10] [5分钟] 1016/5205: 601388.SH OK
[22:45:11] [5分钟] 第 1017/5205 只: 600167.SH
[22:45:11] [5分钟] 1017/5205: 600167.SH OK
[22:45:11] [5分钟] 第 1018/5205 只: 600011.SH
[22:45:11] [5分钟] 1018/5205: 600011.SH OK
[22:45:11] [5分钟] 第 1019/5205 只: 688099.SH
[22:45:11] [5分钟] 1019/5205: 688099.SH OK
[22:45:11] [5分钟] 第 1020/5205 只: 603786.SH
[22:45:11] [5分钟] 1020/5205: 603786.SH OK
[22:45:11] [5分钟] 第 1021/5205 只: 688071.SH
[22:45:11] [5分钟] 1021/5205: 688071.SH OK
[22:45:11] [5分钟] 第 1022/5205 只: 603375.SH
[22:45:11] [5分钟] 1022/5205: 603375.SH OK
[22:45:11] [5分钟] 第 1023/5205 只: 688005.SH
[22:45:11] [5分钟] 1023/5205: 688005.SH OK
[22:45:11] [5分钟] 第 1024/5205 只: 601216.SH
[22:45:11] [5分钟] 1024/5205: 601216.SH OK
[22:45:11] [5分钟] 第 1025/5205 只: 600496.SH
[22:45:11] [5分钟] 1025/5205: 600496.SH OK
[22:45:11] [5分钟] 第 1026/5205 只: 600927.SH
[22:45:11] [5分钟] 1026/5205: 600927.SH OK
[22:45:11] [5分钟] 第 1027/5205 只: 603301.SH
[22:45:12] [5分钟] 1027/5205: 603301.SH OK
[22:45:12] [5分钟] 第 1028/5205 只: 600261.SH
[22:45:12] [5分钟] 1028/5205: 600261.SH OK
[22:45:12] [5分钟] 第 1029/5205 只: 600215.SH
[22:45:12] [5分钟] 1029/5205: 600215.SH OK
[22:45:12] [5分钟] 第 1030/5205 只: 603833.SH
[22:45:12] [5分钟] 1030/5205: 603833.SH OK
[22:45:12] [5分钟] 第 1031/5205 只: 688686.SH
[22:45:12] [5分钟] 1031/5205: 688686.SH OK
[22:45:12] [5分钟] 第 1032/5205 只: 603199.SH
[22:45:12] [5分钟] 1032/5205: 603199.SH OK
[22:45:12] [5分钟] 第 1033/5205 只: 688201.SH
[22:45:12] [5分钟] 1033/5205: 688201.SH OK
[22:45:12] [5分钟] 第 1034/5205 只: 601012.SH
[22:45:12] [5分钟] 1034/5205: 601012.SH OK
[22:45:12] [5分钟] 第 1035/5205 只: 600289.SH
[22:45:12] [5分钟] 1035/5205: 600289.SH OK
[22:45:12] [5分钟] 第 1036/5205 只: 600692.SH
[22:45:12] [5分钟] 1036/5205: 600692.SH OK
[22:45:12] [5分钟] 第 1037/5205 只: 603105.SH
[22:45:12] [5分钟] 1037/5205: 603105.SH OK
[22:45:12] [5分钟] 第 1038/5205 只: 601066.SH
[22:45:13] [5分钟] 1038/5205: 601066.SH OK
[22:45:13] [5分钟] 第 1039/5205 只: 688275.SH
[22:45:13] [5分钟] 1039/5205: 688275.SH OK
[22:45:13] [5分钟] 第 1040/5205 只: 603171.SH
[22:45:13] [5分钟] 1040/5205: 603171.SH OK
[22:45:13] [5分钟] 第 1041/5205 只: 603007.SH
[22:45:13] [5分钟] 1041/5205: 603007.SH OK
[22:45:13] [5分钟] 第 1042/5205 只: 688303.SH
[22:45:13] [5分钟] 1042/5205: 688303.SH OK
[22:45:13] [5分钟] 第 1043/5205 只: 688718.SH
[22:45:13] [5分钟] 1043/5205: 688718.SH OK
[22:45:13] [5分钟] 第 1044/5205 只: 600790.SH
[22:45:13] [5分钟] 1044/5205: 600790.SH OK
[22:45:13] [5分钟] 第 1045/5205 只: 603073.SH
[22:45:13] [5分钟] 1045/5205: 603073.SH OK
[22:45:13] [5分钟] 第 1046/5205 只: 688377.SH
[22:45:13] [5分钟] 1046/5205: 688377.SH OK
[22:45:13] [5分钟] 第 1047/5205 只: 600778.SH
[22:45:13] [5分钟] 1047/5205: 600778.SH OK
[22:45:13] [5分钟] 第 1048/5205 只: 600363.SH
[22:45:13] [5分钟] 1048/5205: 600363.SH OK
[22:45:14] [5分钟] 第 1049/5205 只: 603931.SH
[22:45:14] [5分钟] 1049/5205: 603931.SH OK
[22:45:14] [5分钟] 第 1050/5205 只: 688212.SH
[22:45:14] [5分钟] 1050/5205: 688212.SH OK
[22:45:14] [5分钟 1050/5205] 成功1050，失败0，当前 688212.SH
[22:45:14] [5分钟] 第 1051/5205 只: 601001.SH
[22:45:14] [5分钟] 1051/5205: 601001.SH OK
[22:45:14] [5分钟] 第 1052/5205 只: 688609.SH
[22:45:14] [5分钟] 1052/5205: 688609.SH OK
[22:45:14] [5分钟] 第 1053/5205 只: 600681.SH
[22:45:14] [5分钟] 1053/5205: 600681.SH OK
[22:45:14] [5分钟] 第 1054/5205 只: 603116.SH
[22:45:14] [5分钟] 1054/5205: 603116.SH OK
[22:45:14] [5分钟] 第 1055/5205 只: 688266.SH
[22:45:14] [5分钟] 1055/5205: 688266.SH OK
[22:45:14] [5分钟] 第 1056/5205 只: 603162.SH
[22:45:14] [5分钟] 1056/5205: 603162.SH OK
[22:45:14] [5分钟] 第 1057/5205 只: 603579.SH
[22:45:14] [5分钟] 1057/5205: 603579.SH OK
[22:45:15] [5分钟] 第 1058/5205 只: 600272.SH
[22:45:15] [5分钟] 1058/5205: 600272.SH OK
[22:45:15] [5分钟] 第 1059/5205 只: 600206.SH
[22:45:15] [5分钟] 1059/5205: 600206.SH OK
[22:45:15] [5分钟] 第 1060/5205 只: 688695.SH
[22:45:15] [5分钟] 1060/5205: 688695.SH OK
[22:45:15] [5分钟] 第 1061/5205 只: 600370.SH
[22:45:15] [5分钟] 1061/5205: 600370.SH OK
[22:45:15] [5分钟] 第 1062/5205 只: 603956.SH
[22:45:15] [5分钟] 1062/5205: 603956.SH OK
[22:45:15] [5分钟] 第 1063/5205 只: 603088.SH
[22:45:15] [5分钟] 1063/5205: 603088.SH OK
[22:45:15] [5分钟] 第 1064/5205 只: 688797.SH
[22:45:15] [5分钟] 1064/5205: 688797.SH OK
[22:45:15] [5分钟] 第 1065/5205 只: 603922.SH
[22:45:15] [5分钟] 1065/5205: 603922.SH OK
[22:45:15] [5分钟] 第 1066/5205 只: 603014.SH
[22:45:15] [5分钟] 1066/5205: 603014.SH OK
[22:45:15] [5分钟] 第 1067/5205 只: 601518.SH
[22:45:15] [5分钟] 1067/5205: 601518.SH OK
[22:45:15] [5分钟] 第 1068/5205 只: 688310.SH
[22:45:15] [5分钟] 1068/5205: 688310.SH OK
[22:45:16] [5分钟] 第 1069/5205 只: 600398.SH
[22:45:16] [5分钟] 1069/5205: 600398.SH OK
[22:45:16] [5分钟] 第 1070/5205 只: 600783.SH
[22:45:16] [5分钟] 1070/5205: 600783.SH OK
[22:45:16] [5分钟] 第 1071/5205 只: 603060.SH
[22:45:16] [5分钟] 1071/5205: 603060.SH OK
[22:45:16] [5分钟] 第 1072/5205 只: 601177.SH
[22:45:16] [5分钟] 1072/5205: 601177.SH OK
[22:45:16] [5分钟] 第 1073/5205 只: 603697.SH
[22:45:16] [5分钟] 1073/5205: 603697.SH OK
[22:45:16] [5分钟] 第 1074/5205 只: 600100.SH
[22:45:16] [5分钟] 1074/5205: 600100.SH OK
[22:45:16] [5分钟] 第 1075/5205 只: 688188.SH
[22:45:16] [5分钟] 1075/5205: 688188.SH OK
[22:45:16] [5分钟] 第 1076/5205 只: 688593.SH
[22:45:16] [5分钟] 1076/5205: 688593.SH OK
[22:45:16] [5分钟] 第 1077/5205 只: 688160.SH
[22:45:16] [5分钟] 1077/5205: 688160.SH OK
[22:45:17] [5分钟] 第 1078/5205 只: 603210.SH
[22:45:17] [5分钟] 1078/5205: 603210.SH OK
[22:45:17] [5分钟] 第 1079/5205 只: 688114.SH
[22:45:17] [5分钟] 1079/5205: 688114.SH OK
[22:45:17] [5分钟] 第 1080/5205 只: 600587.SH
[22:45:17] [5分钟] 1080/5205: 600587.SH OK
[22:45:17] [5分钟] 第 1081/5205 只: 688479.SH
[22:45:17] [5分钟] 1081/5205: 688479.SH OK
[22:45:17] [5分钟] 第 1082/5205 只: 688062.SH
[22:45:17] [5分钟] 1082/5205: 688062.SH OK
[22:45:17] [5分钟] 第 1083/5205 只: 603366.SH
[22:45:17] [5分钟] 1083/5205: 603366.SH OK
[22:45:17] [5分钟] 第 1084/5205 只: 688016.SH
[22:45:17] [5分钟] 1084/5205: 688016.SH OK
[22:45:17] [5分钟] 第 1085/5205 只: 603709.SH
[22:45:17] [5分钟] 1085/5205: 603709.SH OK
[22:45:17] [5分钟] 第 1086/5205 只: 603312.SH
[22:45:17] [5分钟] 1086/5205: 603312.SH OK
[22:45:17] [5分钟] 第 1087/5205 只: 600419.SH
[22:45:17] [5分钟] 1087/5205: 600419.SH OK
[22:45:18] [5分钟] 第 1088/5205 只: 600076.SH
[22:45:18] [5分钟] 1088/5205: 600076.SH OK
[22:45:18] [5分钟] 第 1089/5205 只: 600356.SH
[22:45:18] [5分钟] 1089/5205: 600356.SH OK
[22:45:18] [5分钟] 第 1090/5205 只: 603970.SH
[22:45:18] [5分钟] 1090/5205: 603970.SH OK
[22:45:18] [5分钟] 第 1091/5205 只: 600322.SH
[22:45:18] [5分钟] 1091/5205: 600322.SH OK
[22:45:18] [5分钟] 第 1092/5205 只: 600739.SH
[22:45:18] [5分钟] 1092/5205: 600739.SH OK
[22:45:18] [5分钟] 第 1093/5205 只: 603429.SH
[22:45:18] [5分钟] 1093/5205: 603429.SH OK
[22:45:18] [5分钟] 第 1094/5205 只: 603032.SH
[22:45:18] [5分钟] 1094/5205: 603032.SH OK
[22:45:18] [5分钟] 第 1095/5205 只: 688336.SH
[22:45:18] [5分钟] 1095/5205: 688336.SH OK
[22:45:18] [5分钟] 第 1096/5205 只: 603998.SH
[22:45:18] [5分钟] 1096/5205: 603998.SH OK
[22:45:18] [5分钟] 第 1097/5205 只: 688759.SH
[22:45:18] [5分钟] 1097/5205: 688759.SH OK
[22:45:18] [5分钟] 第 1098/5205 只: 688234.SH
[22:45:19] [5分钟] 1098/5205: 688234.SH OK
[22:45:19] [5分钟] 第 1099/5205 只: 603130.SH
[22:45:19] [5分钟] 1099/5205: 603130.SH OK
[22:45:19] [5分钟] 第 1100/5205 只: 601965.SH
[22:45:19] [5分钟] 1100/5205: 601965.SH OK
[22:45:19] [5分钟 1100/5205] 成功1100，失败0，当前 601965.SH
[22:45:19] [5分钟] 第 1101/5205 只: 603806.SH
[22:45:19] [5分钟] 1101/5205: 603806.SH OK
[22:45:19] [5分钟] 第 1102/5205 只: 600966.SH
[22:45:19] [5分钟] 1102/5205: 600966.SH OK
[22:45:19] [5分钟] 第 1103/5205 只: 688030.SH
[22:45:19] [5分钟] 1103/5205: 688030.SH OK
[22:45:19] [5分钟] 第 1104/5205 只: 603334.SH
[22:45:19] [5分钟] 1104/5205: 603334.SH OK
[22:45:19] [5分钟] 第 1105/5205 只: 600050.SH
[22:45:19] [5分钟] 1105/5205: 600050.SH OK
[22:45:19] [5分钟] 第 1106/5205 只: 600126.SH
[22:45:19] [5分钟] 1106/5205: 600126.SH OK
[22:45:19] [5分钟] 第 1107/5205 只: 605588.SH
[22:45:19] [5分钟] 1107/5205: 605588.SH OK
[22:45:19] [5分钟] 第 1108/5205 只: 600549.SH
[22:45:19] [5分钟] 1108/5205: 600549.SH OK
[22:45:20] [5分钟] 第 1109/5205 只: 600152.SH
[22:45:20] [5分钟] 1109/5205: 600152.SH OK
[22:45:20] [5分钟] 第 1110/5205 只: 600864.SH
[22:45:20] [5分钟] 1110/5205: 600864.SH OK
[22:45:20] [5分钟] 第 1111/5205 只: 603659.SH
[22:45:20] [5分钟] 1111/5205: 603659.SH OK
[22:45:20] [5分钟] 第 1112/5205 只: 688146.SH
[22:45:20] [5分钟] 1112/5205: 688146.SH OK
[22:45:20] [5分钟] 第 1113/5205 只: 600810.SH
[22:45:20] [5分钟] 1113/5205: 600810.SH OK
[22:45:20] [5分钟] 第 1114/5205 只: 603236.SH
[22:45:20] [5分钟] 1114/5205: 603236.SH OK
[22:45:20] [5分钟] 第 1115/5205 只: 688132.SH
[22:45:20] [5分钟] 1115/5205: 688132.SH OK
[22:45:20] [5分钟] 第 1116/5205 只: 688529.SH
[22:45:20] [5分钟] 1116/5205: 688529.SH OK
[22:45:20] [5分钟] 第 1117/5205 只: 600037.SH
[22:45:20] [5分钟] 1117/5205: 600037.SH OK
[22:45:21] [5分钟] 第 1118/5205 只: 600458.SH
[22:45:21] [5分钟] 1118/5205: 600458.SH OK
[22:45:21] [5分钟] 第 1119/5205 只: 605499.SH
[22:45:21] [5分钟] 1119/5205: 605499.SH OK
[22:45:21] [5分钟] 第 1120/5205 只: 688057.SH
[22:45:21] [5分钟] 1120/5205: 688057.SH OK
[22:45:21] [5分钟] 第 1121/5205 只: 600975.SH
[22:45:21] [5分钟] 1121/5205: 600975.SH OK
[22:45:21] [5分钟] 第 1122/5205 只: 603353.SH
[22:45:21] [5分钟] 1122/5205: 603353.SH OK
[22:45:21] [5分钟] 第 1123/5205 只: 688023.SH
[22:45:21] [5分钟] 1123/5205: 688023.SH OK
[22:45:21] [5分钟] 第 1124/5205 只: 600901.SH
[22:45:21] [5分钟] 1124/5205: 600901.SH OK
[22:45:21] [5分钟] 第 1125/5205 只: 603327.SH
[22:45:21] [5分钟] 1125/5205: 603327.SH OK
[22:45:21] [5分钟] 第 1126/5205 只: 605507.SH
[22:45:21] [5分钟] 1126/5205: 605507.SH OK
[22:45:21] [5分钟] 第 1127/5205 只: 600877.SH
[22:45:22] [5分钟] 1127/5205: 600877.SH OK
[22:45:22] [5分钟] 第 1128/5205 只: 688155.SH
[22:45:22] [5分钟] 1128/5205: 688155.SH OK
[22:45:22] [5分钟] 第 1129/5205 只: 605168.SH
[22:45:22] [5分钟] 1129/5205: 605168.SH OK
[22:45:22] [5分钟] 第 1130/5205 只: 600803.SH
[22:45:22] [5分钟] 1130/5205: 600803.SH OK
[22:45:22] [5分钟] 第 1131/5205 只: 603225.SH
[22:45:22] [5分钟] 1131/5205: 603225.SH OK
[22:45:22] [5分钟] 第 1132/5205 只: 688121.SH
[22:45:22] [5分钟] 1132/5205: 688121.SH OK
[22:45:22] [5分钟] 第 1133/5205 只: 600135.SH
[22:45:22] [5分钟] 1133/5205: 600135.SH OK
[22:45:22] [5分钟] 第 1134/5205 只: 605180.SH
[22:45:22] [5分钟] 1134/5205: 605180.SH OK
[22:45:22] [5分钟] 第 1135/5205 只: 600141.SH
[22:45:22] [5分钟] 1135/5205: 600141.SH OK
[22:45:22] [5分钟] 第 1136/5205 只: 603021.SH
[22:45:22] [5分钟] 1136/5205: 603021.SH OK
[22:45:22] [5分钟] 第 1137/5205 只: 688325.SH
[22:45:23] [5分钟] 1137/5205: 688325.SH OK
[22:45:23] [5分钟] 第 1138/5205 只: 601136.SH
[22:45:23] [5分钟] 1138/5205: 601136.SH OK
[22:45:23] [5分钟] 第 1139/5205 只: 605318.SH
[22:45:23] [5分钟] 1139/5205: 605318.SH OK
[22:45:23] [5分钟] 第 1140/5205 只: 603055.SH
[22:45:23] [5分钟] 1140/5205: 603055.SH OK
[22:45:23] [5分钟] 第 1141/5205 只: 688351.SH
[22:45:23] [5分钟] 1141/5205: 688351.SH OK
[22:45:23] [5分钟] 第 1142/5205 只: 600345.SH
[22:45:23] [5分钟] 1142/5205: 600345.SH OK
[22:45:23] [5分钟] 第 1143/5205 只: 601800.SH
[22:45:23] [5分钟] 1143/5205: 601800.SH OK
[22:45:23] [5分钟] 第 1144/5205 只: 600331.SH
[22:45:23] [5分钟] 1144/5205: 600331.SH OK
[22:45:23] [5分钟] 第 1145/5205 只: 603917.SH
[22:45:23] [5分钟] 1145/5205: 603917.SH OK
[22:45:23] [5分钟] 第 1146/5205 只: 603861.SH
[22:45:23] [5分钟] 1146/5205: 603861.SH OK
[22:45:23] [5分钟] 第 1147/5205 只: 605286.SH
[22:45:23] [5分钟] 1147/5205: 605286.SH OK
[22:45:23] [5分钟] 第 1148/5205 只: 600233.SH
[22:45:24] [5分钟] 1148/5205: 600233.SH OK
[22:45:24] [5分钟] 第 1149/5205 只: 600628.SH
[22:45:24] [5分钟] 1149/5205: 600628.SH OK
[22:45:24] [5分钟] 第 1150/5205 只: 603815.SH
[22:45:24] [5分钟] 1150/5205: 603815.SH OK
[22:45:24] [5分钟 1150/5205] 成功1150，失败0，当前 603815.SH
[22:45:24] [5分钟] 第 1151/5205 只: 688227.SH
[22:45:24] [5分钟] 1151/5205: 688227.SH OK
[22:45:24] [5分钟] 第 1152/5205 只: 603889.SH
[22:45:24] [5分钟] 1152/5205: 603889.SH OK
[22:45:24] [5分钟] 第 1153/5205 只: 603538.SH
[22:45:24] [5分钟] 1153/5205: 603538.SH OK
[22:45:24] [5分钟] 第 1154/5205 只: 603123.SH
[22:45:24] [5分钟] 1154/5205: 603123.SH OK
[22:45:24] [5分钟] 第 1155/5205 只: 688648.SH
[22:45:24] [5分钟] 1155/5205: 688648.SH OK
[22:45:24] [5分钟] 第 1156/5205 只: 688253.SH
[22:45:24] [5分钟] 1156/5205: 688253.SH OK
[22:45:24] [5分钟] 第 1157/5205 只: 688312.SH
[22:45:24] [5分钟] 1157/5205: 688312.SH OK
[22:45:24] [5分钟] 第 1158/5205 只: 601101.SH
[22:45:25] [5分钟] 1158/5205: 601101.SH OK
[22:45:25] [5分钟] 第 1159/5205 只: 688709.SH
[22:45:25] [5分钟] 1159/5205: 688709.SH OK
[22:45:25] [5分钟] 第 1160/5205 只: 603016.SH
[22:45:25] [5分钟] 1160/5205: 603016.SH OK
[22:45:25] [5分钟] 第 1161/5205 只: 688366.SH
[22:45:25] [5分钟] 1161/5205: 688366.SH OK
[22:45:25] [5分钟] 第 1162/5205 只: 603062.SH
[22:45:25] [5分钟] 1162/5205: 603062.SH OK
[22:45:25] [5分钟] 第 1163/5205 只: 600769.SH
[22:45:25] [5分钟] 1163/5205: 600769.SH OK
[22:45:25] [5分钟] 第 1164/5205 只: 600372.SH
[22:45:25] [5分钟] 1164/5205: 600372.SH OK
[22:45:25] [5分钟] 第 1165/5205 只: 688795.SH
[22:45:25] [5分钟] 1165/5205: 688795.SH OK
[22:45:25] [5分钟] 第 1166/5205 只: 603920.SH
[22:45:25] [5分钟] 1166/5205: 603920.SH OK
[22:45:25] [5分钟] 第 1167/5205 只: 603856.SH
[22:45:26] [5分钟] 1167/5205: 603856.SH OK
[22:45:26] [5分钟] 第 1168/5205 只: 603188.SH
[22:45:26] [5分钟] 1168/5205: 603188.SH OK
[22:45:26] [5分钟] 第 1169/5205 只: 603822.SH
[22:45:26] [5分钟] 1169/5205: 603822.SH OK
[22:45:26] [5分钟] 第 1170/5205 只: 688697.SH
[22:45:26] [5分钟] 1170/5205: 688697.SH OK
[22:45:26] [5分钟] 第 1171/5205 只: 605259.SH
[22:45:26] [5分钟] 1171/5205: 605259.SH OK
[22:45:26] [5分钟] 第 1172/5205 只: 600298.SH
[22:45:26] [5分钟] 1172/5205: 600298.SH OK
[22:45:26] [5分钟] 第 1173/5205 只: 600683.SH
[22:45:26] [5分钟] 1173/5205: 600683.SH OK
[22:45:26] [5分钟] 第 1174/5205 只: 688210.SH
[22:45:26] [5分钟] 1174/5205: 688210.SH OK
[22:45:26] [5分钟] 第 1175/5205 只: 601003.SH
[22:45:26] [5分钟] 1175/5205: 601003.SH OK
[22:45:26] [5分钟] 第 1176/5205 只: 603160.SH
[22:45:26] [5分钟] 1176/5205: 603160.SH OK
[22:45:26] [5分钟] 第 1177/5205 只: 601077.SH
[22:45:26] [5分钟] 1177/5205: 601077.SH OK
[22:45:27] [5分钟] 第 1178/5205 只: 603797.SH
[22:45:27] [5分钟] 1178/5205: 603797.SH OK
[22:45:27] [5分钟] 第 1179/5205 只: 688088.SH
[22:45:27] [5分钟] 1179/5205: 688088.SH OK
[22:45:27] [5分钟] 第 1180/5205 只: 600000.SH
[22:45:27] [5分钟] 1180/5205: 600000.SH OK
[22:45:27] [5分钟] 第 1181/5205 只: 601668.SH
[22:45:27] [5分钟] 1181/5205: 601668.SH OK
[22:45:27] [5分钟] 第 1182/5205 只: 688060.SH
[22:45:27] [5分钟] 1182/5205: 688060.SH OK
[22:45:27] [5分钟] 第 1183/5205 只: 603310.SH
[22:45:27] [5分钟] 1183/5205: 603310.SH OK
[22:45:27] [5分钟] 第 1184/5205 只: 600936.SH
[22:45:28] [5分钟] 1184/5205: 600936.SH OK
[22:45:28] [5分钟] 第 1185/5205 只: 600487.SH
[22:45:28] [5分钟] 1185/5205: 600487.SH OK
[22:45:28] [5分钟] 第 1186/5205 只: 688579.SH
[22:45:28] [5分钟] 1186/5205: 688579.SH OK
[22:45:28] [5分钟] 第 1187/5205 只: 688162.SH
[22:45:28] [5分钟] 1187/5205: 688162.SH OK
[22:45:28] [5分钟] 第 1188/5205 只: 603266.SH
[22:45:28] [5分钟] 1188/5205: 603266.SH OK
[22:45:28] [5分钟] 第 1189/5205 只: 600585.SH
[22:45:28] [5分钟] 1189/5205: 600585.SH OK
[22:45:28] [5分钟] 第 1190/5205 只: 688116.SH
[22:45:28] [5分钟] 1190/5205: 688116.SH OK
[22:45:28] [5分钟] 第 1191/5205 只: 603609.SH
[22:45:28] [5分钟] 1191/5205: 603609.SH OK
[22:45:28] [5分钟] 第 1192/5205 只: 603212.SH
[22:45:28] [5分钟] 1192/5205: 603212.SH OK
[22:45:28] [5分钟] 第 1193/5205 只: 600834.SH
[22:45:28] [5分钟] 1193/5205: 600834.SH OK
[22:45:28] [5分钟] 第 1194/5205 只: 688591.SH
[22:45:29] [5分钟] 1194/5205: 688591.SH OK
[22:45:29] [5分钟] 第 1195/5205 只: 601399.SH
[22:45:29] [5分钟] 1195/5205: 601399.SH OK
[22:45:29] [5分钟] 第 1196/5205 只: 600519.SH
[22:45:29] [5分钟] 1196/5205: 600519.SH OK
[22:45:29] [5分钟] 第 1197/5205 只: 688820.SH
[22:45:29] [5分钟] 1197/5205: 688820.SH OK
[22:45:29] [5分钟] 第 1198/5205 只: 600176.SH
[22:45:29] [5分钟] 1198/5205: 600176.SH OK
[22:45:29] [5分钟] 第 1199/5205 只: 603377.SH
[22:45:29] [5分钟] 1199/5205: 603377.SH OK
[22:45:29] [5分钟] 第 1200/5205 只: 688468.SH
[22:45:29] [5分钟] 1200/5205: 688468.SH OK
[22:45:29] [5分钟 1200/5205] 成功1200，失败0，当前 688468.SH
[22:45:29] [5分钟] 第 1201/5205 只: 688073.SH
[22:45:29] [5分钟] 1201/5205: 688073.SH OK
[22:45:29] [5分钟] 第 1202/5205 只: 603718.SH
[22:45:29] [5分钟] 1202/5205: 603718.SH OK
[22:45:29] [5分钟] 第 1203/5205 只: 603303.SH
[22:45:30] [5分钟] 1203/5205: 603303.SH OK
[22:45:30] [5分钟] 第 1204/5205 只: 600925.SH
[22:45:30] [5分钟] 1204/5205: 600925.SH OK
[22:45:30] [5分钟] 第 1205/5205 只: 688007.SH
[22:45:30] [5分钟] 1205/5205: 688007.SH OK
[22:45:30] [5分钟] 第 1206/5205 只: 688480.SH
[22:45:30] [5分钟] 1206/5205: 688480.SH OK
[22:45:30] [5分钟] 第 1207/5205 只: 601288.SH
[22:45:30] [5分钟] 1207/5205: 601288.SH OK
[22:45:30] [5分钟] 第 1208/5205 只: 600408.SH
[22:45:30] [5分钟] 1208/5205: 600408.SH OK
[22:45:30] [5分钟] 第 1209/5205 只: 600067.SH
[22:45:30] [5分钟] 1209/5205: 600067.SH OK
[22:45:30] [5分钟] 第 1210/5205 只: 688199.SH
[22:45:30] [5分钟] 1210/5205: 688199.SH OK
[22:45:30] [5分钟] 第 1211/5205 只: 688582.SH
[22:45:30] [5分钟] 1211/5205: 688582.SH OK
[22:45:30] [5分钟] 第 1212/5205 只: 600111.SH
[22:45:30] [5分钟] 1212/5205: 600111.SH OK
[22:45:30] [5分钟] 第 1213/5205 只: 603686.SH
[22:45:31] [5分钟] 1213/5205: 603686.SH OK
[22:45:31] [5分钟] 第 1214/5205 只: 600165.SH
[22:45:31] [5分钟] 1214/5205: 600165.SH OK
[22:45:31] [5分钟] 第 1215/5205 只: 688171.SH
[22:45:31] [5分钟] 1215/5205: 688171.SH OK
[22:45:31] [5分钟] 第 1216/5205 只: 603275.SH
[22:45:31] [5分钟] 1216/5205: 603275.SH OK
[22:45:31] [5分钟] 第 1217/5205 只: 600853.SH
[22:45:31] [5分钟] 1217/5205: 600853.SH OK
[22:45:31] [5分钟] 第 1218/5205 只: 605138.SH
[22:45:31] [5分钟] 1218/5205: 605138.SH OK
[22:45:31] [5分钟] 第 1219/5205 只: 600596.SH
[22:45:31] [5分钟] 1219/5205: 600596.SH OK
[22:45:31] [5分钟] 第 1220/5205 只: 688105.SH
[22:45:31] [5分钟] 1220/5205: 688105.SH OK
[22:45:31] [5分钟] 第 1221/5205 只: 603201.SH
[22:45:31] [5分钟] 1221/5205: 603201.SH OK
[22:45:31] [5分钟] 第 1222/5205 只: 600827.SH
[22:45:31] [5分钟] 1222/5205: 600827.SH OK
[22:45:31] [5分钟] 第 1223/5205 只: 600361.SH
[22:45:32] [5分钟] 1223/5205: 600361.SH OK
[22:45:32] [5分钟] 第 1224/5205 只: 601595.SH
[22:45:32] [5分钟] 1224/5205: 601595.SH OK
[22:45:32] [5分钟] 第 1225/5205 只: 688786.SH
[22:45:32] [5分钟] 1225/5205: 688786.SH OK
[22:45:32] [5分钟] 第 1226/5205 只: 603933.SH
[22:45:32] [5分钟] 1226/5205: 603933.SH OK
[22:45:32] [5分钟] 第 1227/5205 只: 600315.SH
[22:45:32] [5分钟] 1227/5205: 600315.SH OK
[22:45:32] [5分钟] 第 1228/5205 只: 603099.SH
[22:45:32] [5分钟] 1228/5205: 603099.SH OK
[22:45:32] [5分钟] 第 1229/5205 只: 600389.SH
[22:45:32] [5分钟] 1229/5205: 600389.SH OK
[22:45:32] [5分钟] 第 1230/5205 只: 600792.SH
[22:45:32] [5分钟] 1230/5205: 600792.SH OK
[22:45:32] [5分钟] 第 1231/5205 只: 688301.SH
[22:45:32] [5分钟] 1231/5205: 688301.SH OK
[22:45:32] [5分钟] 第 1232/5205 只: 601112.SH
[22:45:32] [5分钟] 1232/5205: 601112.SH OK
[22:45:32] [5分钟] 第 1233/5205 只: 603005.SH
[22:45:32] [5分钟] 1233/5205: 603005.SH OK
[22:45:33] [5分钟] 第 1234/5205 只: 601166.SH
[22:45:33] [5分钟] 1234/5205: 601166.SH OK
[22:45:33] [5分钟] 第 1235/5205 只: 688375.SH
[22:45:33] [5分钟] 1235/5205: 688375.SH OK
[22:45:33] [5分钟] 第 1236/5205 只: 603071.SH
[22:45:33] [5分钟] 1236/5205: 603071.SH OK
[22:45:33] [5分钟] 第 1237/5205 只: 603107.SH
[22:45:33] [5分钟] 1237/5205: 603107.SH OK
[22:45:33] [5分钟] 第 1238/5205 只: 600690.SH
[22:45:33] [5分钟] 1238/5205: 600690.SH OK
[22:45:33] [5分钟] 第 1239/5205 只: 688203.SH
[22:45:33] [5分钟] 1239/5205: 688203.SH OK
[22:45:33] [5分钟] 第 1240/5205 只: 601010.SH
[22:45:33] [5分钟] 1240/5205: 601010.SH OK
[22:45:33] [5分钟] 第 1241/5205 只: 688618.SH
[22:45:33] [5分钟] 1241/5205: 688618.SH OK
[22:45:33] [5分钟] 第 1242/5205 只: 603173.SH
[22:45:33] [5分钟] 1242/5205: 603173.SH OK
[22:45:33] [5分钟] 第 1243/5205 只: 603568.SH
[22:45:34] [5分钟] 1243/5205: 603568.SH OK
[22:45:34] [5分钟] 第 1244/5205 只: 688277.SH
[22:45:34] [5分钟] 1244/5205: 688277.SH OK
[22:45:34] [5分钟] 第 1245/5205 只: 601952.SH
[22:45:34] [5分钟] 1245/5205: 601952.SH OK
[22:45:34] [5分钟] 第 1246/5205 只: 600678.SH
[22:45:34] [5分钟] 1246/5205: 600678.SH OK
[22:45:34] [5分钟] 第 1247/5205 只: 603580.SH
[22:45:34] [5分钟] 1247/5205: 603580.SH OK
[22:45:34] [5分钟] 第 1248/5205 只: 600217.SH
[22:45:34] [5分钟] 1248/5205: 600217.SH OK
[22:45:34] [5分钟] 第 1249/5205 只: 600137.SH
[22:45:34] [5分钟] 1249/5205: 600137.SH OK
[22:45:34] [5分钟] 第 1250/5205 只: 600558.SH
[22:45:34] [5分钟] 1250/5205: 600558.SH OK
[22:45:34] [5分钟 1250/5205] 成功1250，失败0，当前 600558.SH
[22:45:34] [5分钟] 第 1251/5205 只: 600143.SH
[22:45:34] [5分钟] 1251/5205: 600143.SH OK
[22:45:34] [5分钟] 第 1252/5205 只: 605599.SH
[22:45:34] [5分钟] 1252/5205: 605599.SH OK
[22:45:34] [5分钟] 第 1253/5205 只: 688157.SH
[22:45:34] [5分钟] 1253/5205: 688157.SH OK
[22:45:35] [5分钟] 第 1254/5205 只: 603648.SH
[22:45:35] [5分钟] 1254/5205: 603648.SH OK
[22:45:35] [5分钟] 第 1255/5205 只: 600875.SH
[22:45:35] [5分钟] 1255/5205: 600875.SH OK
[22:45:35] [5分钟] 第 1256/5205 只: 688123.SH
[22:45:35] [5分钟] 1256/5205: 688123.SH OK
[22:45:35] [5分钟] 第 1257/5205 只: 688538.SH
[22:45:35] [5分钟] 1257/5205: 688538.SH OK
[22:45:35] [5分钟] 第 1258/5205 只: 601330.SH
[22:45:35] [5分钟] 1258/5205: 601330.SH OK
[22:45:35] [5分钟] 第 1259/5205 只: 603227.SH
[22:45:35] [5分钟] 1259/5205: 603227.SH OK
[22:45:35] [5分钟] 第 1260/5205 只: 600801.SH
[22:45:35] [5分钟] 1260/5205: 600801.SH OK
[22:45:35] [5分钟] 第 1261/5205 只: 603351.SH
[22:45:35] [5分钟] 1261/5205: 603351.SH OK
[22:45:36] [5分钟] 第 1262/5205 只: 600977.SH
[22:45:36] [5分钟] 1262/5205: 600977.SH OK
[22:45:36] [5分钟] 第 1263/5205 只: 688055.SH
[22:45:36] [5分钟] 1263/5205: 688055.SH OK
[22:45:36] [5分钟] 第 1264/5205 只: 603325.SH
[22:45:36] [5分钟] 1264/5205: 603325.SH OK
[22:45:36] [5分钟] 第 1265/5205 只: 605068.SH
[22:45:36] [5分钟] 1265/5205: 605068.SH OK
[22:45:36] [5分钟] 第 1266/5205 只: 600903.SH
[22:45:36] [5分钟] 1266/5205: 600903.SH OK
[22:45:36] [5分钟] 第 1267/5205 只: 688021.SH
[22:45:36] [5分钟] 1267/5205: 688021.SH OK
[22:45:36] [5分钟] 第 1268/5205 只: 600035.SH
[22:45:36] [5分钟] 1268/5205: 600035.SH OK
[22:45:36] [5分钟] 第 1269/5205 只: 605080.SH
[22:45:36] [5分钟] 1269/5205: 605080.SH OK
[22:45:36] [5分钟] 第 1270/5205 只: 603121.SH
[22:45:36] [5分钟] 1270/5205: 603121.SH OK
[22:45:36] [5分钟] 第 1271/5205 只: 688225.SH
[22:45:36] [5分钟] 1271/5205: 688225.SH OK
[22:45:36] [5分钟] 第 1272/5205 只: 603155.SH
[22:45:37] [5分钟] 1272/5205: 603155.SH OK
[22:45:37] [5分钟] 第 1273/5205 只: 605218.SH
[22:45:37] [5分钟] 1273/5205: 605218.SH OK
[22:45:37] [5分钟] 第 1274/5205 只: 688251.SH
[22:45:37] [5分钟] 1274/5205: 688251.SH OK
[22:45:37] [5分钟] 第 1275/5205 只: 603863.SH
[22:45:37] [5分钟] 1275/5205: 603863.SH OK
[22:45:37] [5分钟] 第 1276/5205 只: 601900.SH
[22:45:37] [5分钟] 1276/5205: 601900.SH OK
[22:45:37] [5分钟] 第 1277/5205 只: 603817.SH
[22:45:37] [5分钟] 1277/5205: 603817.SH OK
[22:45:37] [5分钟] 第 1278/5205 只: 600231.SH
[22:45:37] [5分钟] 1278/5205: 600231.SH OK
[22:45:37] [5分钟] 第 1279/5205 只: 603915.SH
[22:45:37] [5分钟] 1279/5205: 603915.SH OK
[22:45:37] [5分钟] 第 1280/5205 只: 600333.SH
[22:45:37] [5分钟] 1280/5205: 600333.SH OK
[22:45:37] [5分钟] 第 1281/5205 只: 600728.SH
[22:45:37] [5分钟] 1281/5205: 600728.SH OK
[22:45:37] [5分钟] 第 1282/5205 只: 688327.SH
[22:45:37] [5分钟] 1282/5205: 688327.SH OK
[22:45:37] [5分钟] 第 1283/5205 只: 603989.SH
[22:45:38] [5分钟] 1283/5205: 603989.SH OK
[22:45:38] [5分钟] 第 1284/5205 只: 603023.SH
[22:45:38] [5分钟] 1284/5205: 603023.SH OK
[22:45:38] [5分钟] 第 1285/5205 只: 688353.SH
[22:45:38] [5分钟] 1285/5205: 688353.SH OK
[22:45:38] [5分钟] 第 1286/5205 只: 603057.SH
[22:45:38] [5分钟] 1286/5205: 603057.SH OK
[22:45:38] [5分钟] 第 1287/5205 只: 600256.SH
[22:45:38] [5分钟] 1287/5205: 600256.SH OK
[22:45:38] [5分钟] 第 1288/5205 只: 600222.SH
[22:45:38] [5分钟] 1288/5205: 600222.SH OK
[22:45:38] [5分钟] 第 1289/5205 只: 600639.SH
[22:45:38] [5分钟] 1289/5205: 600639.SH OK
[22:45:38] [5分钟] 第 1290/5205 只: 603529.SH
[22:45:38] [5分钟] 1290/5205: 603529.SH OK
[22:45:38] [5分钟] 第 1291/5205 只: 603132.SH
[22:45:38] [5分钟] 1291/5205: 603132.SH OK
[22:45:38] [5分钟] 第 1292/5205 只: 688236.SH
[22:45:38] [5分钟] 1292/5205: 688236.SH OK
[22:45:39] [5分钟] 第 1293/5205 只: 603898.SH
[22:45:39] [5分钟] 1293/5205: 603898.SH OK
[22:45:39] [5分钟] 第 1294/5205 只: 688659.SH
[22:45:39] [5分钟] 1294/5205: 688659.SH OK
[22:45:39] [5分钟] 第 1295/5205 只: 688334.SH
[22:45:39] [5分钟] 1295/5205: 688334.SH OK
[22:45:39] [5分钟] 第 1296/5205 只: 601127.SH
[22:45:39] [5分钟] 1296/5205: 601127.SH OK
[22:45:39] [5分钟] 第 1297/5205 只: 603030.SH
[22:45:39] [5分钟] 1297/5205: 603030.SH OK
[22:45:39] [5分钟] 第 1298/5205 只: 600354.SH
[22:45:39] [5分钟] 1298/5205: 600354.SH OK
[22:45:39] [5分钟] 第 1299/5205 只: 601865.SH
[22:45:39] [5分钟] 1299/5205: 601865.SH OK
[22:45:39] [5分钟] 第 1300/5205 只: 603906.SH
[22:45:39] [5分钟] 1300/5205: 603906.SH OK
[22:45:39] [5分钟 1300/5205] 成功1300，失败0，当前 603906.SH
[22:45:40] [5分钟] 第 1301/5205 只: 600320.SH
[22:45:40] [5分钟] 1301/5205: 600320.SH OK
[22:45:40] [5分钟] 第 1302/5205 只: 601811.SH
[22:45:40] [5分钟] 1302/5205: 601811.SH OK
[22:45:40] [5分钟] 第 1303/5205 只: 600866.SH
[22:45:40] [5分钟] 1303/5205: 600866.SH OK
[22:45:40] [5分钟] 第 1304/5205 只: 688130.SH
[22:45:40] [5分钟] 1304/5205: 688130.SH OK
[22:45:40] [5分钟] 第 1305/5205 只: 605179.SH
[22:45:40] [5分钟] 1305/5205: 605179.SH OK
[22:45:40] [5分钟] 第 1306/5205 只: 600812.SH
[22:45:40] [5分钟] 1306/5205: 600812.SH OK
[22:45:40] [5分钟] 第 1307/5205 只: 600150.SH
[22:45:40] [5分钟] 1307/5205: 600150.SH OK
[22:45:40] [5分钟] 第 1308/5205 只: 600026.SH
[22:45:40] [5分钟] 1308/5205: 600026.SH OK
[22:45:40] [5分钟] 第 1309/5205 只: 605488.SH
[22:45:40] [5分钟] 1309/5205: 605488.SH OK
[22:45:40] [5分钟] 第 1310/5205 只: 600449.SH
[22:45:40] [5分钟] 1310/5205: 600449.SH OK
[22:45:41] [5分钟] 第 1311/5205 只: 600052.SH
[22:45:41] [5分钟] 1311/5205: 600052.SH OK
[22:45:41] [5分钟] 第 1312/5205 只: 603759.SH
[22:45:41] [5分钟] 1312/5205: 603759.SH OK
[22:45:41] [5分钟] 第 1313/5205 只: 688046.SH
[22:45:41] [5分钟] 1313/5205: 688046.SH OK
[22:45:41] [5分钟] 第 1314/5205 只: 603336.SH
[22:45:41] [5分钟] 1314/5205: 603336.SH OK
[22:45:41] [5分钟] 第 1315/5205 只: 688032.SH
[22:45:41] [5分钟] 1315/5205: 688032.SH OK
[22:45:41] [5分钟] 第 1316/5205 只: 688429.SH
[22:45:41] [5分钟] 1316/5205: 688429.SH OK
[22:45:41] [5分钟] 第 1317/5205 只: 688269.SH
[22:45:41] [5分钟] 1317/5205: 688269.SH OK
[22:45:41] [5分钟] 第 1318/5205 只: 603119.SH
[22:45:41] [5分钟] 1318/5205: 603119.SH OK
[22:45:41] [5分钟] 第 1319/5205 只: 600295.SH
[22:45:41] [5分钟] 1319/5205: 600295.SH OK
[22:45:41] [5分钟] 第 1320/5205 只: 688606.SH
[22:45:42] [5分钟] 1320/5205: 688606.SH OK
[22:45:42] [5分钟] 第 1321/5205 只: 603185.SH
[22:45:42] [5分钟] 1321/5205: 603185.SH OK
[22:45:42] [5分钟] 第 1322/5205 只: 688281.SH
[22:45:42] [5分钟] 1322/5205: 688281.SH OK
[22:45:42] [5分钟] 第 1323/5205 只: 600612.SH
[22:45:42] [5分钟] 1323/5205: 600612.SH OK
[22:45:42] [5分钟] 第 1324/5205 只: 600666.SH
[22:45:42] [5分钟] 1324/5205: 600666.SH OK
[22:45:42] [5分钟] 第 1325/5205 只: 688798.SH
[22:45:42] [5分钟] 1325/5205: 688798.SH OK
[22:45:42] [5分钟] 第 1326/5205 只: 688383.SH
[22:45:42] [5分钟] 1326/5205: 688383.SH OK
[22:45:42] [5分钟] 第 1327/5205 只: 600710.SH
[22:45:42] [5分钟] 1327/5205: 600710.SH OK
[22:45:42] [5分钟] 第 1328/5205 只: 603087.SH
[22:45:42] [5分钟] 1328/5205: 603087.SH OK
[22:45:42] [5分钟] 第 1329/5205 只: 603959.SH
[22:45:43] [5分钟] 1329/5205: 603959.SH OK
[22:45:43] [5分钟] 第 1330/5205 只: 600764.SH
[22:45:43] [5分钟] 1330/5205: 600764.SH OK
[22:45:43] [5分钟] 第 1331/5205 只: 600397.SH
[22:45:43] [5分钟] 1331/5205: 600397.SH OK
[22:45:43] [5分钟] 第 1332/5205 只: 603400.SH
[22:45:43] [5分钟] 1332/5205: 603400.SH OK
[22:45:43] [5分钟] 第 1333/5205 只: 600560.SH
[22:45:43] [5分钟] 1333/5205: 600560.SH OK
[22:45:43] [5分钟] 第 1334/5205 只: 688187.SH
[22:45:43] [5分钟] 1334/5205: 688187.SH OK
[22:45:43] [5分钟] 第 1335/5205 只: 603283.SH
[22:45:43] [5分钟] 1335/5205: 603283.SH OK
[22:45:43] [5分钟] 第 1336/5205 只: 603698.SH
[22:45:43] [5分钟] 1336/5205: 603698.SH OK
[22:45:43] [5分钟] 第 1337/5205 只: 600588.SH
[22:45:43] [5分钟] 1337/5205: 600588.SH OK
[22:45:43] [5分钟] 第 1338/5205 只: 600193.SH
[22:45:43] [5分钟] 1338/5205: 600193.SH OK
[22:45:43] [5分钟] 第 1339/5205 只: 688500.SH
[22:45:43] [5分钟] 1339/5205: 688500.SH OK
[22:45:43] [5分钟] 第 1340/5205 只: 600839.SH
[22:45:43] [5分钟] 1340/5205: 600839.SH OK
[22:45:43] [5分钟] 第 1341/5205 只: 603706.SH
[22:45:44] [5分钟] 1341/5205: 603706.SH OK
[22:45:44] [5分钟] 第 1342/5205 只: 605050.SH
[22:45:44] [5分钟] 1342/5205: 605050.SH OK
[22:45:44] [5分钟] 第 1343/5205 只: 688019.SH
[22:45:44] [5分钟] 1343/5205: 688019.SH OK
[22:45:44] [5分钟] 第 1344/5205 只: 601611.SH
[22:45:44] [5分钟] 1344/5205: 601611.SH OK
[22:45:44] [5分钟] 第 1345/5205 只: 603369.SH
[22:45:44] [5分钟] 1345/5205: 603369.SH OK
[22:45:44] [5分钟] 第 1346/5205 只: 601665.SH
[22:45:44] [5分钟] 1346/5205: 601665.SH OK
[22:45:44] [5分钟] 第 1347/5205 只: 600079.SH
[22:45:44] [5分钟] 1347/5205: 600079.SH OK
[22:45:44] [5分钟] 第 1348/5205 只: 603381.SH
[22:45:44] [5分钟] 1348/5205: 603381.SH OK
[22:45:44] [5分钟] 第 1349/5205 只: 688085.SH
[22:45:44] [5分钟] 1349/5205: 688085.SH OK
[22:45:44] [5分钟] 第 1350/5205 只: 600416.SH
[22:45:44] [5分钟] 1350/5205: 600416.SH OK
[22:45:44] [5分钟 1350/5205] 成功1350，失败0，当前 600416.SH
[22:45:44] [5分钟] 第 1351/5205 只: 600180.SH
[22:45:45] [5分钟] 1351/5205: 600180.SH OK
[22:45:45] [5分钟] 第 1352/5205 只: 688513.SH
[22:45:45] [5分钟] 1352/5205: 688513.SH OK
[22:45:45] [5分钟] 第 1353/5205 只: 688108.SH
[22:45:45] [5分钟] 1353/5205: 688108.SH OK
[22:45:45] [5分钟] 第 1354/5205 只: 601700.SH
[22:45:45] [5分钟] 1354/5205: 601700.SH OK
[22:45:45] [5分钟] 第 1355/5205 只: 603617.SH
[22:45:45] [5分钟] 1355/5205: 603617.SH OK
[22:45:45] [5分钟] 第 1356/5205 只: 688567.SH
[22:45:45] [5分钟] 1356/5205: 688567.SH OK
[22:45:45] [5分钟] 第 1357/5205 只: 603663.SH
[22:45:45] [5分钟] 1357/5205: 603663.SH OK
[22:45:45] [5分钟] 第 1358/5205 只: 603278.SH
[22:45:45] [5分钟] 1358/5205: 603278.SH OK
[22:45:45] [5分钟] 第 1359/5205 只: 600168.SH
[22:45:45] [5分钟] 1359/5205: 600168.SH OK
[22:45:45] [5分钟] 第 1360/5205 只: 600573.SH
[22:45:45] [5分钟] 1360/5205: 600573.SH OK
[22:45:45] [5分钟] 第 1361/5205 只: 600507.SH
[22:45:46] [5分钟] 1361/5205: 600507.SH OK
[22:45:46] [5分钟] 第 1362/5205 只: 603290.SH
[22:45:46] [5分钟] 1362/5205: 603290.SH OK
[22:45:46] [5分钟] 第 1363/5205 只: 603392.SH
[22:45:46] [5分钟] 1363/5205: 603392.SH OK
[22:45:46] [5分钟] 第 1364/5205 只: 603789.SH
[22:45:46] [5分钟] 1364/5205: 603789.SH OK
[22:45:46] [5分钟] 第 1365/5205 只: 688096.SH
[22:45:46] [5分钟] 1365/5205: 688096.SH OK
[22:45:46] [5分钟] 第 1366/5205 只: 600405.SH
[22:45:46] [5分钟] 1366/5205: 600405.SH OK
[22:45:46] [5分钟] 第 1367/5205 只: 600928.SH
[22:45:46] [5分钟] 1367/5205: 600928.SH OK
[22:45:46] [5分钟] 第 1368/5205 只: 600499.SH
[22:45:46] [5分钟] 1368/5205: 600499.SH OK
[22:45:46] [5分钟] 第 1369/5205 只: 600082.SH
[22:45:46] [5分钟] 1369/5205: 600082.SH OK
[22:45:46] [5分钟] 第 1370/5205 只: 688411.SH
[22:45:46] [5分钟] 1370/5205: 688411.SH OK
[22:45:46] [5分钟] 第 1371/5205 只: 603196.SH
[22:45:46] [5分钟] 1371/5205: 603196.SH OK
[22:45:46] [5分钟] 第 1372/5205 只: 688689.SH
[22:45:46] [5分钟] 1372/5205: 688689.SH OK
[22:45:47] [5分钟] 第 1373/5205 只: 688292.SH
[22:45:47] [5分钟] 1373/5205: 688292.SH OK
[22:45:47] [5分钟] 第 1374/5205 只: 689009.SH
[22:45:47] [5分钟] 1374/5205: 689009.SH OK
[22:45:47] [5分钟] 第 1375/5205 只: 600601.SH
[22:45:47] [5分钟] 1375/5205: 600601.SH OK
[22:45:47] [5分钟] 第 1376/5205 只: 603848.SH
[22:45:47] [5分钟] 1376/5205: 603848.SH OK
[22:45:47] [5分钟] 第 1377/5205 只: 600675.SH
[22:45:47] [5分钟] 1377/5205: 600675.SH OK
[22:45:47] [5分钟] 第 1378/5205 只: 603565.SH
[22:45:47] [5分钟] 1378/5205: 603565.SH OK
[22:45:47] [5分钟] 第 1379/5205 只: 688661.SH
[22:45:47] [5分钟] 1379/5205: 688661.SH OK
[22:45:47] [5分钟] 第 1380/5205 只: 601069.SH
[22:45:47] [5分钟] 1380/5205: 601069.SH OK
[22:45:47] [5分钟] 第 1381/5205 只: 603511.SH
[22:45:47] [5分钟] 1381/5205: 603511.SH OK
[22:45:47] [5分钟] 第 1382/5205 只: 688615.SH
[22:45:48] [5分钟] 1382/5205: 688615.SH OK
[22:45:48] [5分钟] 第 1383/5205 只: 688378.SH
[22:45:48] [5分钟] 1383/5205: 688378.SH OK
[22:45:48] [5分钟] 第 1384/5205 只: 688717.SH
[22:45:48] [5分钟] 1384/5205: 688717.SH OK
[22:45:48] [5分钟] 第 1385/5205 只: 603008.SH
[22:45:48] [5分钟] 1385/5205: 603008.SH OK
[22:45:48] [5分钟] 第 1386/5205 只: 601598.SH
[22:45:48] [5分钟] 1386/5205: 601598.SH OK
[22:45:48] [5分钟] 第 1387/5205 只: 688390.SH
[22:45:48] [5分钟] 1387/5205: 688390.SH OK
[22:45:48] [5分钟] 第 1388/5205 只: 600703.SH
[22:45:48] [5分钟] 1388/5205: 600703.SH OK
[22:45:48] [5分钟] 第 1389/5205 只: 600318.SH
[22:45:48] [5分钟] 1389/5205: 600318.SH OK
[22:45:48] [5分钟] 第 1390/5205 只: 600777.SH
[22:45:48] [5分钟] 1390/5205: 600777.SH OK
[22:45:48] [5分钟] 第 1391/5205 只: 600992.SH
[22:45:48] [5分钟] 1391/5205: 600992.SH OK
[22:45:48] [5分钟] 第 1392/5205 只: 600423.SH
[22:45:49] [5分钟] 1392/5205: 600423.SH OK
[22:45:49] [5分钟] 第 1393/5205 只: 600038.SH
[22:45:49] [5分钟] 1393/5205: 600038.SH OK
[22:45:49] [5分钟] 第 1394/5205 只: 603328.SH
[22:45:49] [5分钟] 1394/5205: 603328.SH OK
[22:45:49] [5分钟] 第 1395/5205 只: 603733.SH
[22:45:49] [5分钟] 1395/5205: 603733.SH OK
[22:45:49] [5分钟] 第 1396/5205 只: 605011.SH
[22:45:49] [5分钟] 1396/5205: 605011.SH OK
[22:45:49] [5分钟] 第 1397/5205 只: 688058.SH
[22:45:49] [5分钟] 1397/5205: 688058.SH OK
[22:45:49] [5分钟] 第 1398/5205 只: 688443.SH
[22:45:49] [5分钟] 1398/5205: 688443.SH OK
[22:45:49] [5分钟] 第 1399/5205 只: 688535.SH
[22:45:49] [5分钟] 1399/5205: 688535.SH OK
[22:45:49] [5分钟] 第 1400/5205 只: 605167.SH
[22:45:49] [5分钟] 1400/5205: 605167.SH OK
[22:45:50] [5分钟 1400/5205] 成功1400，失败0，当前 605167.SH
[22:45:50] [5分钟] 第 1401/5205 只: 600521.SH
[22:45:50] [5分钟] 1401/5205: 600521.SH OK
[22:45:50] [5分钟] 第 1402/5205 只: 688818.SH
[22:45:50] [5分钟] 1402/5205: 688818.SH OK
[22:45:50] [5分钟] 第 1403/5205 只: 601139.SH
[22:45:50] [5分钟] 1403/5205: 601139.SH OK
[22:45:50] [5分钟] 第 1404/5205 只: 603435.SH
[22:45:50] [5分钟] 1404/5205: 603435.SH OK
[22:45:50] [5分钟] 第 1405/5205 只: 603918.SH
[22:45:50] [5分钟] 1405/5205: 603918.SH OK
[22:45:50] [5分钟] 第 1406/5205 只: 600725.SH
[22:45:50] [5分钟] 1406/5205: 600725.SH OK
[22:45:50] [5分钟] 第 1407/5205 只: 600751.SH
[22:45:50] [5分钟] 1407/5205: 600751.SH OK
[22:45:50] [5分钟] 第 1408/5205 只: 605289.SH
[22:45:50] [5分钟] 1408/5205: 605289.SH OK
[22:45:50] [5分钟] 第 1409/5205 只: 600248.SH
[22:45:50] [5分钟] 1409/5205: 600248.SH OK
[22:45:50] [5分钟] 第 1410/5205 只: 600653.SH
[22:45:50] [5分钟] 1410/5205: 600653.SH OK
[22:45:51] [5分钟] 第 1411/5205 只: 603158.SH
[22:45:51] [5分钟] 1411/5205: 603158.SH OK
[22:45:51] [5分钟] 第 1412/5205 只: 601991.SH
[22:45:51] [5分钟] 1412/5205: 601991.SH OK
[22:45:51] [5分钟] 第 1413/5205 只: 688633.SH
[22:45:51] [5分钟] 1413/5205: 688633.SH OK
[22:45:51] [5分钟] 第 1414/5205 只: 603886.SH
[22:45:51] [5分钟] 1414/5205: 603886.SH OK
[22:45:51] [5分钟] 第 1415/5205 只: 688228.SH
[22:45:51] [5分钟] 1415/5205: 688228.SH OK
[22:45:51] [5分钟] 第 1416/5205 只: 600736.SH
[22:45:51] [5分钟] 1416/5205: 600736.SH OK
[22:45:51] [5分钟] 第 1417/5205 只: 600359.SH
[22:45:51] [5分钟] 1417/5205: 600359.SH OK
[22:45:51] [5分钟] 第 1418/5205 只: 600742.SH
[22:45:51] [5分钟] 1418/5205: 600742.SH OK
[22:45:51] [5分钟] 第 1419/5205 只: 605398.SH
[22:45:51] [5分钟] 1419/5205: 605398.SH OK
[22:45:51] [5分钟] 第 1420/5205 只: 601868.SH
[22:45:52] [5分钟] 1420/5205: 601868.SH OK
[22:45:52] [5分钟] 第 1421/5205 只: 603049.SH
[22:45:52] [5分钟] 1421/5205: 603049.SH OK
[22:45:52] [5分钟] 第 1422/5205 只: 603997.SH
[22:45:52] [5分钟] 1422/5205: 603997.SH OK
[22:45:52] [5分钟] 第 1423/5205 只: 688722.SH
[22:45:52] [5分钟] 1423/5205: 688722.SH OK
[22:45:52] [5分钟] 第 1424/5205 只: 688339.SH
[22:45:52] [5分钟] 1424/5205: 688339.SH OK
[22:45:52] [5分钟] 第 1425/5205 只: 601880.SH
[22:45:52] [5分钟] 1425/5205: 601880.SH OK
[22:45:52] [5分钟] 第 1426/5205 只: 688620.SH
[22:45:52] [5分钟] 1426/5205: 688620.SH OK
[22:45:52] [5分钟] 第 1427/5205 只: 603895.SH
[22:45:52] [5分钟] 1427/5205: 603895.SH OK
[22:45:52] [5分钟] 第 1428/5205 只: 603809.SH
[22:45:52] [5分钟] 1428/5205: 603809.SH OK
[22:45:53] [5分钟] 第 1429/5205 只: 600640.SH
[22:45:53] [5分钟] 1429/5205: 600640.SH OK
[22:45:53] [5分钟] 第 1430/5205 只: 600969.SH
[22:45:53] [5分钟] 1430/5205: 600969.SH OK
[22:45:53] [5分钟] 第 1431/5205 只: 688450.SH
[22:45:53] [5分钟] 1431/5205: 688450.SH OK
[22:45:53] [5分钟] 第 1432/5205 只: 600444.SH
[22:45:53] [5分钟] 1432/5205: 600444.SH OK
[22:45:53] [5分钟] 第 1433/5205 只: 600981.SH
[22:45:53] [5分钟] 1433/5205: 600981.SH OK
[22:45:53] [5分钟] 第 1434/5205 只: 600546.SH
[22:45:53] [5分钟] 1434/5205: 600546.SH OK
[22:45:53] [5分钟] 第 1435/5205 只: 600129.SH
[22:45:53] [5分钟] 1435/5205: 600129.SH OK
[22:45:53] [5分钟] 第 1436/5205 只: 600883.SH
[22:45:53] [5分钟] 1436/5205: 600883.SH OK
[22:45:53] [5分钟] 第 1437/5205 只: 688526.SH
[22:45:53] [5分钟] 1437/5205: 688526.SH OK
[22:45:53] [5分钟] 第 1438/5205 只: 603239.SH
[22:45:54] [5分钟] 1438/5205: 603239.SH OK
[22:45:54] [5分钟] 第 1439/5205 只: 688552.SH
[22:45:54] [5分钟] 1439/5205: 688552.SH OK
[22:45:54] [5分钟] 第 1440/5205 只: 603656.SH
[22:45:54] [5分钟] 1440/5205: 603656.SH OK
[22:45:54] [5分钟] 第 1441/5205 只: 605100.SH
[22:45:54] [5分钟] 1441/5205: 605100.SH OK
[22:45:54] [5分钟] 第 1442/5205 只: 603713.SH
[22:45:54] [5分钟] 1442/5205: 603713.SH OK
[22:45:54] [5分钟] 第 1443/5205 只: 603308.SH
[22:45:54] [5分钟] 1443/5205: 603308.SH OK
[22:45:54] [5分钟] 第 1444/5205 只: 600084.SH
[22:45:54] [5分钟] 1444/5205: 600084.SH OK
[22:45:54] [5分钟] 第 1445/5205 只: 603767.SH
[22:45:54] [5分钟] 1445/5205: 603767.SH OK
[22:45:54] [5分钟] 第 1446/5205 只: 688078.SH
[22:45:54] [5分钟] 1446/5205: 688078.SH OK
[22:45:54] [5分钟] 第 1447/5205 只: 600477.SH
[22:45:55] [5分钟] 1447/5205: 600477.SH OK
[22:45:55] [5分钟] 第 1448/5205 只: 688090.SH
[22:45:55] [5分钟] 1448/5205: 688090.SH OK
[22:45:55] [5分钟] 第 1449/5205 只: 601698.SH
[22:45:55] [5分钟] 1449/5205: 601698.SH OK
[22:45:55] [5分钟] 第 1450/5205 只: 600018.SH
[22:45:55] [5分钟] 1450/5205: 600018.SH OK
[22:45:55] [5分钟 1450/5205] 成功1450，失败0，当前 600018.SH
[22:45:55] [5分钟] 第 1451/5205 只: 600403.SH
[22:45:55] [5分钟] 1451/5205: 600403.SH OK
[22:45:55] [5分钟] 第 1452/5205 只: 600575.SH
[22:45:55] [5分钟] 1452/5205: 600575.SH OK
[22:45:55] [5分钟] 第 1453/5205 只: 688192.SH
[22:45:55] [5分钟] 1453/5205: 688192.SH OK
[22:45:55] [5分钟] 第 1454/5205 只: 688589.SH
[22:45:55] [5分钟] 1454/5205: 688589.SH OK
[22:45:55] [5分钟] 第 1455/5205 只: 600501.SH
[22:45:55] [5分钟] 1455/5205: 600501.SH OK
[22:45:55] [5分钟] 第 1456/5205 只: 603296.SH
[22:45:55] [5分钟] 1456/5205: 603296.SH OK
[22:45:55] [5分钟] 第 1457/5205 只: 600186.SH
[22:45:56] [5分钟] 1457/5205: 600186.SH OK
[22:45:56] [5分钟] 第 1458/5205 只: 688515.SH
[22:45:56] [5分钟] 1458/5205: 688515.SH OK
[22:45:56] [5分钟] 第 1459/5205 只: 603611.SH
[22:45:56] [5分钟] 1459/5205: 603611.SH OK
[22:45:56] [5分钟] 第 1460/5205 只: 601369.SH
[22:45:56] [5分钟] 1460/5205: 601369.SH OK
[22:45:56] [5分钟] 第 1461/5205 只: 688561.SH
[22:45:56] [5分钟] 1461/5205: 688561.SH OK
[22:45:56] [5分钟] 第 1462/5205 只: 603665.SH
[22:45:56] [5分钟] 1462/5205: 603665.SH OK
[22:45:56] [5分钟] 第 1463/5205 只: 600858.SH
[22:45:56] [5分钟] 1463/5205: 600858.SH OK
[22:45:56] [5分钟] 第 1464/5205 只: 605133.SH
[22:45:56] [5分钟] 1464/5205: 605133.SH OK
[22:45:56] [5分钟] 第 1465/5205 只: 688396.SH
[22:45:56] [5分钟] 1465/5205: 688396.SH OK
[22:45:56] [5分钟] 第 1466/5205 只: 603938.SH
[22:45:56] [5分钟] 1466/5205: 603938.SH OK
[22:45:57] [5分钟] 第 1467/5205 只: 603489.SH
[22:45:57] [5分钟] 1467/5205: 603489.SH OK
[22:45:57] [5分钟] 第 1468/5205 只: 603092.SH
[22:45:57] [5分钟] 1468/5205: 603092.SH OK
[22:45:57] [5分钟] 第 1469/5205 只: 600771.SH
[22:45:57] [5分钟] 1469/5205: 600771.SH OK
[22:45:57] [5分钟] 第 1470/5205 只: 688765.SH
[22:45:57] [5分钟] 1470/5205: 688765.SH OK
[22:45:57] [5分钟] 第 1471/5205 只: 605337.SH
[22:45:57] [5分钟] 1471/5205: 605337.SH OK
[22:45:57] [5分钟] 第 1472/5205 只: 600382.SH
[22:45:57] [5分钟] 1472/5205: 600382.SH OK
[22:45:57] [5分钟] 第 1473/5205 只: 688711.SH
[22:45:57] [5分钟] 1473/5205: 688711.SH OK
[22:45:57] [5分钟] 第 1474/5205 只: 603178.SH
[22:45:57] [5分钟] 1474/5205: 603178.SH OK
[22:45:57] [5分钟] 第 1475/5205 只: 688667.SH
[22:45:57] [5分钟] 1475/5205: 688667.SH OK
[22:45:57] [5分钟] 第 1476/5205 只: 603517.SH
[22:45:57] [5分钟] 1476/5205: 603517.SH OK
[22:45:57] [5分钟] 第 1477/5205 只: 600280.SH
[22:45:57] [5分钟] 1477/5205: 600280.SH OK
[22:45:57] [5分钟] 第 1478/5205 只: 688208.SH
[22:45:57] [5分钟] 1478/5205: 688208.SH OK
[22:45:57] [5分钟] 第 1479/5205 只: 688613.SH
[22:45:57] [5分钟] 1479/5205: 688613.SH OK
[22:45:58] [5分钟] 第 1480/5205 只: 603190.SH
[22:45:58] [5分钟] 1480/5205: 603190.SH OK
[22:45:58] [5分钟] 第 1481/5205 只: 600673.SH
[22:45:58] [5分钟] 1481/5205: 600673.SH OK
[22:45:58] [5分钟] 第 1482/5205 只: 600268.SH
[22:45:58] [5分钟] 1482/5205: 600268.SH OK
[22:45:58] [5分钟] 第 1483/5205 只: 688776.SH
[22:45:58] [5分钟] 1483/5205: 688776.SH OK
[22:45:58] [5分钟] 第 1484/5205 只: 603069.SH
[22:45:58] [5分钟] 1484/5205: 603069.SH OK
[22:45:58] [5分钟] 第 1485/5205 只: 600391.SH
[22:45:58] [5分钟] 1485/5205: 600391.SH OK
[22:45:58] [5分钟] 第 1486/5205 只: 688319.SH
[22:45:58] [5分钟] 1486/5205: 688319.SH OK
[22:45:58] [5分钟] 第 1487/5205 只: 688702.SH
[22:45:58] [5分钟] 1487/5205: 688702.SH OK
[22:45:58] [5分钟] 第 1488/5205 只: 603406.SH
[22:45:58] [5分钟] 1488/5205: 603406.SH OK
[22:45:58] [5分钟] 第 1489/5205 只: 688385.SH
[22:45:58] [5分钟] 1489/5205: 688385.SH OK
[22:45:58] [5分钟] 第 1490/5205 只: 600716.SH
[22:45:58] [5分钟] 1490/5205: 600716.SH OK
[22:45:59] [5分钟] 第 1491/5205 只: 603081.SH
[22:45:59] [5分钟] 1491/5205: 603081.SH OK
[22:45:59] [5分钟] 第 1492/5205 只: 600379.SH
[22:45:59] [5分钟] 1492/5205: 600379.SH OK
[22:45:59] [5分钟] 第 1493/5205 只: 603598.SH
[22:45:59] [5分钟] 1493/5205: 603598.SH OK
[22:45:59] [5分钟] 第 1494/5205 只: 603183.SH
[22:45:59] [5分钟] 1494/5205: 603183.SH OK
[22:45:59] [5分钟] 第 1495/5205 只: 603829.SH
[22:45:59] [5分钟] 1495/5205: 603829.SH OK
[22:45:59] [5分钟] 第 1496/5205 只: 600660.SH
[22:45:59] [5分钟] 1496/5205: 600660.SH OK
[22:45:59] [5分钟] 第 1497/5205 只: 600293.SH
[22:45:59] [5分钟] 1497/5205: 600293.SH OK
[22:45:59] [5分钟] 第 1498/5205 只: 600688.SH
[22:45:59] [5分钟] 1498/5205: 600688.SH OK
[22:45:59] [5分钟] 第 1499/5205 只: 601008.SH
[22:45:59] [5分钟] 1499/5205: 601008.SH OK
[22:45:59] [5分钟] 第 1500/5205 只: 688600.SH
[22:45:59] [5分钟] 1500/5205: 688600.SH OK
[22:46:00] [5分钟 1500/5205] 成功1500，失败0，当前 688600.SH
[22:46:00] [5分钟] 第 1501/5205 只: 603387.SH
[22:46:00] [5分钟] 1501/5205: 603387.SH OK
[22:46:00] [5分钟] 第 1502/5205 只: 688083.SH
[22:46:00] [5分钟] 1502/5205: 688083.SH OK
[22:46:00] [5分钟] 第 1503/5205 只: 688498.SH
[22:46:00] [5分钟] 1503/5205: 688498.SH OK
[22:46:00] [5分钟] 第 1504/5205 只: 600410.SH
[22:46:00] [5分钟] 1504/5205: 600410.SH OK
[22:46:00] [5分钟] 第 1505/5205 只: 603700.SH
[22:46:00] [5分钟] 1505/5205: 603700.SH OK
[22:46:00] [5分钟] 第 1506/5205 只: 605056.SH
[22:46:00] [5分钟] 1506/5205: 605056.SH OK
[22:46:00] [5分钟] 第 1507/5205 只: 600097.SH
[22:46:00] [5分钟] 1507/5205: 600097.SH OK
[22:46:00] [5分钟] 第 1508/5205 只: 600195.SH
[22:46:00] [5分钟] 1508/5205: 600195.SH OK
[22:46:00] [5分钟] 第 1509/5205 只: 688506.SH
[22:46:00] [5分钟] 1509/5205: 688506.SH OK
[22:46:00] [5分钟] 第 1510/5205 只: 603602.SH
[22:46:01] [5分钟] 1510/5205: 603602.SH OK
[22:46:01] [5分钟] 第 1511/5205 只: 603219.SH
[22:46:01] [5分钟] 1511/5205: 603219.SH OK
[22:46:01] [5分钟] 第 1512/5205 只: 688169.SH
[22:46:01] [5分钟] 1512/5205: 688169.SH OK
[22:46:01] [5分钟] 第 1513/5205 只: 603676.SH
[22:46:01] [5分钟] 1513/5205: 603676.SH OK
[22:46:01] [5分钟] 第 1514/5205 只: 600566.SH
[22:46:01] [5分钟] 1514/5205: 600566.SH OK
[22:46:01] [5分钟] 第 1515/5205 只: 688181.SH
[22:46:01] [5分钟] 1515/5205: 688181.SH OK
[22:46:01] [5分钟] 第 1516/5205 只: 601789.SH
[22:46:01] [5分钟] 1516/5205: 601789.SH OK
[22:46:01] [5分钟] 第 1517/5205 只: 600109.SH
[22:46:01] [5分钟] 1517/5205: 600109.SH OK
[22:46:01] [5分钟] 第 1518/5205 只: 600512.SH
[22:46:01] [5分钟] 1518/5205: 600512.SH OK
[22:46:01] [5分钟] 第 1519/5205 只: 603285.SH
[22:46:01] [5分钟] 1519/5205: 603285.SH OK
[22:46:02] [5分钟] 第 1520/5205 只: 601918.SH
[22:46:02] [5分钟] 1520/5205: 601918.SH OK
[22:46:02] [5分钟] 第 1521/5205 只: 600229.SH
[22:46:02] [5分钟] 1521/5205: 600229.SH OK
[22:46:02] [5分钟] 第 1522/5205 只: 603556.SH
[22:46:02] [5分钟] 1522/5205: 603556.SH OK
[22:46:02] [5分钟] 第 1523/5205 只: 688652.SH
[22:46:02] [5分钟] 1523/5205: 688652.SH OK
[22:46:02] [5分钟] 第 1524/5205 只: 688249.SH
[22:46:02] [5分钟] 1524/5205: 688249.SH OK
[22:46:02] [5分钟] 第 1525/5205 只: 603139.SH
[22:46:02] [5分钟] 1525/5205: 603139.SH OK
[22:46:02] [5分钟] 第 1526/5205 只: 688626.SH
[22:46:02] [5分钟] 1526/5205: 688626.SH OK
[22:46:02] [5分钟] 第 1527/5205 只: 603893.SH
[22:46:02] [5分钟] 1527/5205: 603893.SH OK
[22:46:02] [5分钟] 第 1528/5205 只: 688750.SH
[22:46:02] [5分钟] 1528/5205: 688750.SH OK
[22:46:03] [5分钟] 第 1529/5205 只: 601158.SH
[22:46:03] [5分钟] 1529/5205: 601158.SH OK
[22:46:03] [5分钟] 第 1530/5205 只: 603991.SH
[22:46:03] [5分钟] 1530/5205: 603991.SH OK
[22:46:03] [5分钟] 第 1531/5205 只: 601886.SH
[22:46:03] [5分钟] 1531/5205: 601886.SH OK
[22:46:03] [5分钟] 第 1532/5205 只: 605376.SH
[22:46:03] [5分钟] 1532/5205: 605376.SH OK
[22:46:03] [5分钟] 第 1533/5205 只: 600730.SH
[22:46:03] [5分钟] 1533/5205: 600730.SH OK
[22:46:03] [5分钟] 第 1534/5205 只: 603979.SH
[22:46:03] [5分钟] 1534/5205: 603979.SH OK
[22:46:03] [5分钟] 第 1535/5205 只: 600744.SH
[22:46:03] [5分钟] 1535/5205: 600744.SH OK
[22:46:03] [5分钟] 第 1536/5205 只: 688520.SH
[22:46:03] [5分钟] 1536/5205: 688520.SH OK
[22:46:03] [5分钟] 第 1537/5205 只: 601328.SH
[22:46:03] [5分钟] 1537/5205: 601328.SH OK
[22:46:03] [5分钟] 第 1538/5205 只: 600819.SH
[22:46:03] [5分钟] 1538/5205: 600819.SH OK
[22:46:03] [5分钟] 第 1539/5205 只: 603650.SH
[22:46:03] [5分钟] 1539/5205: 603650.SH OK
[22:46:04] [5分钟] 第 1540/5205 只: 600540.SH
[22:46:04] [5分钟] 1540/5205: 600540.SH OK
[22:46:04] [5分钟] 第 1541/5205 只: 600885.SH
[22:46:04] [5分钟] 1541/5205: 600885.SH OK
[22:46:04] [5分钟] 第 1542/5205 只: 605098.SH
[22:46:04] [5分钟] 1542/5205: 605098.SH OK
[22:46:04] [5分钟] 第 1543/5205 只: 600059.SH
[22:46:04] [5分钟] 1543/5205: 600059.SH OK
[22:46:04] [5分钟] 第 1544/5205 只: 600987.SH
[22:46:04] [5分钟] 1544/5205: 600987.SH OK
[22:46:04] [5分钟] 第 1545/5205 只: 600436.SH
[22:46:04] [5分钟] 1545/5205: 600436.SH OK
[22:46:04] [5分钟] 第 1546/5205 只: 603726.SH
[22:46:04] [5分钟] 1546/5205: 603726.SH OK
[22:46:04] [5分钟] 第 1547/5205 只: 688039.SH
[22:46:04] [5分钟] 1547/5205: 688039.SH OK
[22:46:04] [5分钟] 第 1548/5205 只: 688456.SH
[22:46:04] [5分钟] 1548/5205: 688456.SH OK
[22:46:05] [5分钟] 第 1549/5205 只: 600148.SH
[22:46:05] [5分钟] 1549/5205: 600148.SH OK
[22:46:05] [5分钟] 第 1550/5205 只: 605189.SH
[22:46:05] [5分钟] 1550/5205: 605189.SH OK
[22:46:05] [5分钟 1550/5205] 成功1550，失败0，当前 605189.SH
[22:46:05] [5分钟] 第 1551/5205 只: 600527.SH
[22:46:05] [5分钟] 1551/5205: 600527.SH OK
[22:46:05] [5分钟] 第 1552/5205 只: 688128.SH
[22:46:05] [5分钟] 1552/5205: 688128.SH OK
[22:46:05] [5分钟] 第 1553/5205 只: 688533.SH
[22:46:05] [5分钟] 1553/5205: 688533.SH OK
[22:46:05] [5分钟] 第 1554/5205 只: 603637.SH
[22:46:05] [5分钟] 1554/5205: 603637.SH OK
[22:46:05] [5分钟] 第 1555/5205 只: 603258.SH
[22:46:05] [5分钟] 1555/5205: 603258.SH OK
[22:46:05] [5分钟] 第 1556/5205 只: 600908.SH
[22:46:05] [5分钟] 1556/5205: 600908.SH OK
[22:46:05] [5分钟] 第 1557/5205 只: 600425.SH
[22:46:05] [5分钟] 1557/5205: 600425.SH OK
[22:46:06] [5分钟] 第 1558/5205 只: 601997.SH
[22:46:06] [5分钟] 1558/5205: 601997.SH OK
[22:46:06] [5分钟] 第 1559/5205 只: 688635.SH
[22:46:06] [5分钟] 1559/5205: 688635.SH OK
[22:46:06] [5分钟] 第 1560/5205 只: 603880.SH
[22:46:06] [5分钟] 1560/5205: 603880.SH OK
[22:46:06] [5分钟] 第 1561/5205 只: 600621.SH
[22:46:06] [5分钟] 1561/5205: 600621.SH OK
[22:46:06] [5分钟] 第 1562/5205 只: 603868.SH
[22:46:06] [5分钟] 1562/5205: 603868.SH OK
[22:46:06] [5分钟] 第 1563/5205 只: 600655.SH
[22:46:06] [5分钟] 1563/5205: 600655.SH OK
[22:46:06] [5分钟] 第 1564/5205 只: 600338.SH
[22:46:06] [5分钟] 1564/5205: 600338.SH OK
[22:46:06] [5分钟] 第 1565/5205 只: 600757.SH
[22:46:06] [5分钟] 1565/5205: 600757.SH OK
[22:46:06] [5分钟] 第 1566/5205 只: 688358.SH
[22:46:06] [5分钟] 1566/5205: 688358.SH OK
[22:46:06] [5分钟] 第 1567/5205 只: 603982.SH
[22:46:06] [5分钟] 1567/5205: 603982.SH OK
[22:46:06] [5分钟] 第 1568/5205 只: 688737.SH
[22:46:06] [5分钟] 1568/5205: 688737.SH OK
[22:46:07] [5分钟] 第 1569/5205 只: 603028.SH
[22:46:07] [5分钟] 1569/5205: 603028.SH OK
[22:46:07] [5分钟] 第 1570/5205 只: 605365.SH
[22:46:07] [5分钟] 1570/5205: 605365.SH OK
[22:46:07] [5分钟] 第 1571/5205 只: 688177.SH
[22:46:07] [5分钟] 1571/5205: 688177.SH OK
[22:46:07] [5分钟] 第 1572/5205 只: 603668.SH
[22:46:07] [5分钟] 1572/5205: 603668.SH OK
[22:46:07] [5分钟] 第 1573/5205 只: 603273.SH
[22:46:07] [5分钟] 1573/5205: 603273.SH OK
[22:46:07] [5分钟] 第 1574/5205 只: 600855.SH
[22:46:07] [5分钟] 1574/5205: 600855.SH OK
[22:46:07] [5分钟] 第 1575/5205 只: 600590.SH
[22:46:07] [5分钟] 1575/5205: 600590.SH OK
[22:46:07] [5分钟] 第 1576/5205 只: 688518.SH
[22:46:07] [5分钟] 1576/5205: 688518.SH OK
[22:46:07] [5分钟] 第 1577/5205 只: 688103.SH
[22:46:07] [5分钟] 1577/5205: 688103.SH OK
[22:46:08] [5分钟] 第 1578/5205 只: 603207.SH
[22:46:08] [5分钟] 1578/5205: 603207.SH OK
[22:46:08] [5分钟] 第 1579/5205 只: 600821.SH
[22:46:08] [5分钟] 1579/5205: 600821.SH OK
[22:46:08] [5分钟] 第 1580/5205 只: 688584.SH
[22:46:08] [5分钟] 1580/5205: 688584.SH OK
[22:46:08] [5分钟] 第 1581/5205 只: 600117.SH
[22:46:08] [5分钟] 1581/5205: 600117.SH OK
[22:46:08] [5分钟] 第 1582/5205 只: 603680.SH
[22:46:08] [5分钟] 1582/5205: 603680.SH OK
[22:46:08] [5分钟] 第 1583/5205 只: 600163.SH
[22:46:08] [5分钟] 1583/5205: 600163.SH OK
[22:46:08] [5分钟] 第 1584/5205 只: 600578.SH
[22:46:08] [5分钟] 1584/5205: 600578.SH OK
[22:46:08] [5分钟] 第 1585/5205 只: 603399.SH
[22:46:08] [5分钟] 1585/5205: 603399.SH OK
[22:46:08] [5分钟] 第 1586/5205 只: 688486.SH
[22:46:09] [5分钟] 1586/5205: 688486.SH OK
[22:46:09] [5分钟] 第 1587/5205 只: 600015.SH
[22:46:09] [5分钟] 1587/5205: 600015.SH OK
[22:46:09] [5分钟] 第 1588/5205 只: 600061.SH
[22:46:09] [5分钟] 1588/5205: 600061.SH OK
[22:46:09] [5分钟] 第 1589/5205 只: 688075.SH
[22:46:09] [5分钟] 1589/5205: 688075.SH OK
[22:46:09] [5分钟] 第 1590/5205 只: 603305.SH
[22:46:09] [5分钟] 1590/5205: 603305.SH OK
[22:46:09] [5分钟] 第 1591/5205 只: 600089.SH
[22:46:09] [5分钟] 1591/5205: 600089.SH OK
[22:46:09] [5分钟] 第 1592/5205 只: 601212.SH
[22:46:09] [5分钟] 1592/5205: 601212.SH OK
[22:46:09] [5分钟] 第 1593/5205 只: 688001.SH
[22:46:09] [5分钟] 1593/5205: 688001.SH OK
[22:46:09] [5分钟] 第 1594/5205 只: 601609.SH
[22:46:09] [5分钟] 1594/5205: 601609.SH OK
[22:46:09] [5分钟] 第 1595/5205 只: 603843.SH
[22:46:09] [5分钟] 1595/5205: 603843.SH OK
[22:46:09] [5分钟] 第 1596/5205 只: 600265.SH
[22:46:09] [5分钟] 1596/5205: 600265.SH OK
[22:46:09] [5分钟] 第 1597/5205 只: 603586.SH
[22:46:10] [5分钟] 1597/5205: 603586.SH OK
[22:46:10] [5分钟] 第 1598/5205 只: 688682.SH
[22:46:10] [5分钟] 1598/5205: 688682.SH OK
[22:46:10] [5分钟] 第 1599/5205 只: 688299.SH
[22:46:10] [5分钟] 1599/5205: 688299.SH OK
[22:46:10] [5分钟] 第 1600/5205 只: 600211.SH
[22:46:10] [5分钟] 1600/5205: 600211.SH OK
[22:46:10] [5分钟 1600/5205] 成功1600，失败0，当前 600211.SH
[22:46:10] [5分钟] 第 1601/5205 只: 603101.SH
[22:46:10] [5分钟] 1601/5205: 603101.SH OK
[22:46:10] [5分钟] 第 1602/5205 只: 601016.SH
[22:46:10] [5分钟] 1602/5205: 601016.SH OK
[22:46:10] [5分钟] 第 1603/5205 只: 688205.SH
[22:46:10] [5分钟] 1603/5205: 688205.SH OK
[22:46:10] [5分钟] 第 1604/5205 只: 603175.SH
[22:46:10] [5分钟] 1604/5205: 603175.SH OK
[22:46:10] [5分钟] 第 1605/5205 只: 688271.SH
[22:46:10] [5分钟] 1605/5205: 688271.SH OK
[22:46:10] [5分钟] 第 1606/5205 只: 600794.SH
[22:46:10] [5分钟] 1606/5205: 600794.SH OK
[22:46:11] [5分钟] 第 1607/5205 只: 688307.SH
[22:46:11] [5分钟] 1607/5205: 688307.SH OK
[22:46:11] [5分钟] 第 1608/5205 只: 603418.SH
[22:46:11] [5分钟] 1608/5205: 603418.SH OK
[22:46:11] [5分钟] 第 1609/5205 只: 688373.SH
[22:46:11] [5分钟] 1609/5205: 688373.SH OK
[22:46:11] [5分钟] 第 1610/5205 只: 688768.SH
[22:46:11] [5分钟] 1610/5205: 688768.SH OK
[22:46:11] [5分钟] 第 1611/5205 只: 603077.SH
[22:46:11] [5分钟] 1611/5205: 603077.SH OK
[22:46:11] [5分钟] 第 1612/5205 只: 600367.SH
[22:46:11] [5分钟] 1612/5205: 600367.SH OK
[22:46:11] [5分钟] 第 1613/5205 只: 601188.SH
[22:46:11] [5分钟] 1613/5205: 601188.SH OK
[22:46:11] [5分钟] 第 1614/5205 只: 600708.SH
[22:46:11] [5分钟] 1614/5205: 600708.SH OK
[22:46:12] [5分钟] 第 1615/5205 只: 600313.SH
[22:46:12] [5分钟] 1615/5205: 600313.SH OK
[22:46:12] [5分钟] 第 1616/5205 只: 603112.SH
[22:46:12] [5分钟] 1616/5205: 603112.SH OK
[22:46:12] [5分钟] 第 1617/5205 只: 600685.SH
[22:46:12] [5分钟] 1617/5205: 600685.SH OK
[22:46:12] [5分钟] 第 1618/5205 只: 601005.SH
[22:46:12] [5分钟] 1618/5205: 601005.SH OK
[22:46:12] [5分钟] 第 1619/5205 只: 688216.SH
[22:46:12] [5分钟] 1619/5205: 688216.SH OK
[22:46:12] [5分钟] 第 1620/5205 只: 603166.SH
[22:46:12] [5分钟] 1620/5205: 603166.SH OK
[22:46:12] [5分钟] 第 1621/5205 只: 688262.SH
[22:46:12] [5分钟] 1621/5205: 688262.SH OK
[22:46:12] [5分钟] 第 1622/5205 只: 688679.SH
[22:46:12] [5分钟] 1622/5205: 688679.SH OK
[22:46:12] [5分钟] 第 1623/5205 只: 600276.SH
[22:46:12] [5分钟] 1623/5205: 600276.SH OK
[22:46:12] [5分钟] 第 1624/5205 只: 601933.SH
[22:46:12] [5分钟] 1624/5205: 601933.SH OK
[22:46:12] [5分钟] 第 1625/5205 只: 603595.SH
[22:46:13] [5分钟] 1625/5205: 603595.SH OK
[22:46:13] [5分钟] 第 1626/5205 只: 601099.SH
[22:46:13] [5分钟] 1626/5205: 601099.SH OK
[22:46:13] [5分钟] 第 1627/5205 只: 688691.SH
[22:46:13] [5分钟] 1627/5205: 688691.SH OK
[22:46:13] [5分钟] 第 1628/5205 只: 600619.SH
[22:46:13] [5分钟] 1628/5205: 600619.SH OK
[22:46:13] [5分钟] 第 1629/5205 只: 600202.SH
[22:46:13] [5分钟] 1629/5205: 600202.SH OK
[22:46:13] [5分钟] 第 1630/5205 只: 688793.SH
[22:46:13] [5分钟] 1630/5205: 688793.SH OK
[22:46:13] [5分钟] 第 1631/5205 只: 603926.SH
[22:46:13] [5分钟] 1631/5205: 603926.SH OK
[22:46:13] [5分钟] 第 1632/5205 只: 688388.SH
[22:46:13] [5分钟] 1632/5205: 688388.SH OK
[22:46:13] [5分钟] 第 1633/5205 只: 600300.SH
[22:46:13] [5分钟] 1633/5205: 600300.SH OK
[22:46:13] [5分钟] 第 1634/5205 只: 600787.SH
[22:46:14] [5分钟] 1634/5205: 600787.SH OK
[22:46:14] [5分钟] 第 1635/5205 只: 601107.SH
[22:46:14] [5分钟] 1635/5205: 601107.SH OK
[22:46:14] [5分钟] 第 1636/5205 只: 688314.SH
[22:46:14] [5分钟] 1636/5205: 688314.SH OK
[22:46:14] [5分钟] 第 1637/5205 只: 603010.SH
[22:46:14] [5分钟] 1637/5205: 603010.SH OK
[22:46:14] [5分钟] 第 1638/5205 只: 688360.SH
[22:46:14] [5分钟] 1638/5205: 688360.SH OK
[22:46:14] [5分钟] 第 1639/5205 只: 601568.SH
[22:46:14] [5分钟] 1639/5205: 601568.SH OK
[22:46:14] [5分钟] 第 1640/5205 只: 688597.SH
[22:46:14] [5分钟] 1640/5205: 688597.SH OK
[22:46:14] [5分钟] 第 1641/5205 只: 600104.SH
[22:46:14] [5分钟] 1641/5205: 600104.SH OK
[22:46:14] [5分钟] 第 1642/5205 只: 603288.SH
[22:46:14] [5分钟] 1642/5205: 603288.SH OK
[22:46:14] [5分钟] 第 1643/5205 只: 603693.SH
[22:46:14] [5分钟] 1643/5205: 603693.SH OK
[22:46:14] [5分钟] 第 1644/5205 只: 600170.SH
[22:46:14] [5分钟] 1644/5205: 600170.SH OK
[22:46:15] [5分钟] 第 1645/5205 只: 601377.SH
[22:46:15] [5分钟] 1645/5205: 601377.SH OK
[22:46:15] [5分钟] 第 1646/5205 只: 603260.SH
[22:46:15] [5分钟] 1646/5205: 603260.SH OK
[22:46:15] [5分钟] 第 1647/5205 只: 600846.SH
[22:46:15] [5分钟] 1647/5205: 600846.SH OK
[22:46:15] [5分钟] 第 1648/5205 只: 600583.SH
[22:46:15] [5分钟] 1648/5205: 600583.SH OK
[22:46:15] [5分钟] 第 1649/5205 只: 600198.SH
[22:46:15] [5分钟] 1649/5205: 600198.SH OK
[22:46:15] [5分钟] 第 1650/5205 只: 688110.SH
[22:46:15] [5分钟] 1650/5205: 688110.SH OK
[22:46:15] [5分钟 1650/5205] 成功1650，失败0，当前 688110.SH
[22:46:15] [5分钟] 第 1651/5205 只: 601718.SH
[22:46:15] [5分钟] 1651/5205: 601718.SH OK
[22:46:15] [5分钟] 第 1652/5205 只: 603214.SH
[22:46:15] [5分钟] 1652/5205: 603214.SH OK
[22:46:15] [5分钟] 第 1653/5205 只: 603779.SH
[22:46:15] [5分钟] 1653/5205: 603779.SH OK
[22:46:16] [5分钟] 第 1654/5205 只: 688066.SH
[22:46:16] [5分钟] 1654/5205: 688066.SH OK
[22:46:16] [5分钟] 第 1655/5205 只: 603316.SH
[22:46:16] [5分钟] 1655/5205: 603316.SH OK
[22:46:16] [5分钟] 第 1656/5205 只: 600930.SH
[22:46:16] [5分钟] 1656/5205: 600930.SH OK
[22:46:16] [5分钟] 第 1657/5205 只: 600481.SH
[22:46:16] [5分钟] 1657/5205: 600481.SH OK
[22:46:16] [5分钟] 第 1658/5205 只: 688409.SH
[22:46:16] [5分钟] 1658/5205: 688409.SH OK
[22:46:16] [5分钟] 第 1659/5205 只: 688012.SH
[22:46:16] [5分钟] 1659/5205: 688012.SH OK
[22:46:16] [5分钟] 第 1660/5205 只: 601686.SH
[22:46:16] [5分钟] 1660/5205: 601686.SH OK
[22:46:16] [5分钟] 第 1661/5205 只: 600006.SH
[22:46:16] [5分钟] 1661/5205: 600006.SH OK
[22:46:16] [5分钟] 第 1662/5205 只: 600072.SH
[22:46:16] [5分钟] 1662/5205: 600072.SH OK
[22:46:16] [5分钟] 第 1663/5205 只: 600469.SH
[22:46:16] [5分钟] 1663/5205: 600469.SH OK
[22:46:16] [5分钟] 第 1664/5205 只: 600352.SH
[22:46:16] [5分钟] 1664/5205: 600352.SH OK
[22:46:17] [5分钟] 第 1665/5205 只: 600749.SH
[22:46:17] [5分钟] 1665/5205: 600749.SH OK
[22:46:17] [5分钟] 第 1666/5205 只: 603900.SH
[22:46:17] [5分钟] 1666/5205: 603900.SH OK
[22:46:17] [5分钟] 第 1667/5205 只: 600326.SH
[22:46:17] [5分钟] 1667/5205: 600326.SH OK
[22:46:17] [5分钟] 第 1668/5205 只: 601121.SH
[22:46:17] [5分钟] 1668/5205: 601121.SH OK
[22:46:17] [5分钟] 第 1669/5205 只: 688729.SH
[22:46:17] [5分钟] 1669/5205: 688729.SH OK
[22:46:17] [5分钟] 第 1670/5205 只: 688332.SH
[22:46:17] [5分钟] 1670/5205: 688332.SH OK
[22:46:17] [5分钟] 第 1671/5205 只: 603036.SH
[22:46:17] [5分钟] 1671/5205: 603036.SH OK
[22:46:17] [5分钟] 第 1672/5205 只: 601155.SH
[22:46:17] [5分钟] 1672/5205: 601155.SH OK
[22:46:17] [5分钟] 第 1673/5205 只: 603459.SH
[22:46:17] [5分钟] 1673/5205: 603459.SH OK
[22:46:17] [5分钟] 第 1674/5205 只: 603042.SH
[22:46:17] [5分钟] 1674/5205: 603042.SH OK
[22:46:18] [5分钟] 第 1675/5205 只: 688230.SH
[22:46:18] [5分钟] 1675/5205: 688230.SH OK
[22:46:18] [5分钟] 第 1676/5205 只: 688244.SH
[22:46:18] [5分钟] 1676/5205: 688244.SH OK
[22:46:18] [5分钟] 第 1677/5205 只: 603876.SH
[22:46:18] [5分钟] 1677/5205: 603876.SH OK
[22:46:18] [5分钟] 第 1678/5205 只: 600250.SH
[22:46:18] [5分钟] 1678/5205: 600250.SH OK
[22:46:18] [5分钟] 第 1679/5205 只: 603344.SH
[22:46:18] [5分钟] 1679/5205: 603344.SH OK
[22:46:18] [5分钟] 第 1680/5205 只: 600962.SH
[22:46:18] [5分钟] 1680/5205: 600962.SH OK
[22:46:18] [5分钟] 第 1681/5205 只: 605009.SH
[22:46:18] [5分钟] 1681/5205: 605009.SH OK
[22:46:18] [5分钟] 第 1682/5205 只: 603330.SH
[22:46:18] [5分钟] 1682/5205: 603330.SH OK
[22:46:18] [5分钟] 第 1683/5205 只: 600916.SH
[22:46:18] [5分钟] 1683/5205: 600916.SH OK
[22:46:18] [5分钟] 第 1684/5205 只: 600020.SH
[22:46:18] [5分钟] 1684/5205: 600020.SH OK
[22:46:18] [5分钟] 第 1685/5205 只: 600054.SH
[22:46:19] [5分钟] 1685/5205: 600054.SH OK
[22:46:19] [5分钟] 第 1686/5205 只: 600539.SH
[22:46:19] [5分钟] 1686/5205: 600539.SH OK
[22:46:19] [5分钟] 第 1687/5205 只: 600888.SH
[22:46:19] [5分钟] 1687/5205: 600888.SH OK
[22:46:19] [5分钟] 第 1688/5205 只: 688800.SH
[22:46:19] [5分钟] 1688/5205: 688800.SH OK
[22:46:19] [5分钟] 第 1689/5205 只: 600156.SH
[22:46:19] [5分钟] 1689/5205: 600156.SH OK
[22:46:19] [5分钟] 第 1690/5205 只: 688559.SH
[22:46:19] [5分钟] 1690/5205: 688559.SH OK
[22:46:19] [5分钟] 第 1691/5205 只: 600860.SH
[22:46:19] [5分钟] 1691/5205: 600860.SH OK
[22:46:19] [5分钟] 第 1692/5205 只: 688136.SH
[22:46:19] [5分钟] 1692/5205: 688136.SH OK
[22:46:19] [5分钟] 第 1693/5205 只: 603232.SH
[22:46:19] [5分钟] 1693/5205: 603232.SH OK
[22:46:19] [5分钟] 第 1694/5205 只: 603629.SH
[22:46:19] [5分钟] 1694/5205: 603629.SH OK
[22:46:19] [5分钟] 第 1695/5205 只: 600814.SH
[22:46:19] [5分钟] 1695/5205: 600814.SH OK
[22:46:20] [5分钟] 第 1696/5205 只: 600999.SH
[22:46:20] [5分钟] 1696/5205: 600999.SH OK
[22:46:20] [5分钟] 第 1697/5205 只: 600428.SH
[22:46:20] [5分钟] 1697/5205: 600428.SH OK
[22:46:20] [5分钟] 第 1698/5205 只: 600033.SH
[22:46:20] [5分钟] 1698/5205: 600033.SH OK
[22:46:20] [5分钟] 第 1699/5205 只: 605086.SH
[22:46:20] [5分钟] 1699/5205: 605086.SH OK
[22:46:20] [5分钟] 第 1700/5205 只: 603357.SH
[22:46:20] [5分钟] 1700/5205: 603357.SH OK
[22:46:20] [5分钟 1700/5205] 成功1700，失败0，当前 603357.SH
[22:46:20] [5分钟] 第 1701/5205 只: 600971.SH
[22:46:20] [5分钟] 1701/5205: 600971.SH OK
[22:46:20] [5分钟] 第 1702/5205 只: 688053.SH
[22:46:20] [5分钟] 1702/5205: 688053.SH OK
[22:46:20] [5分钟] 第 1703/5205 只: 688448.SH
[22:46:20] [5分钟] 1703/5205: 688448.SH OK
[22:46:20] [5分钟] 第 1704/5205 只: 603323.SH
[22:46:20] [5分钟] 1704/5205: 603323.SH OK
[22:46:20] [5分钟] 第 1705/5205 只: 603738.SH
[22:46:21] [5分钟] 1705/5205: 603738.SH OK
[22:46:21] [5分钟] 第 1706/5205 只: 600905.SH
[22:46:21] [5分钟] 1706/5205: 600905.SH OK
[22:46:21] [5分钟] 第 1707/5205 只: 688027.SH
[22:46:21] [5分钟] 1707/5205: 688027.SH OK
[22:46:21] [5分钟] 第 1708/5205 只: 688151.SH
[22:46:21] [5分钟] 1708/5205: 688151.SH OK
[22:46:21] [5分钟] 第 1709/5205 只: 603255.SH
[22:46:21] [5分钟] 1709/5205: 603255.SH OK
[22:46:21] [5分钟] 第 1710/5205 只: 600873.SH
[22:46:21] [5分钟] 1710/5205: 600873.SH OK
[22:46:21] [5分钟] 第 1711/5205 只: 605118.SH
[22:46:21] [5分钟] 1711/5205: 605118.SH OK
[22:46:21] [5分钟] 第 1712/5205 只: 601336.SH
[22:46:21] [5分钟] 1712/5205: 601336.SH OK
[22:46:21] [5分钟] 第 1713/5205 只: 688125.SH
[22:46:21] [5分钟] 1713/5205: 688125.SH OK
[22:46:21] [5分钟] 第 1714/5205 只: 603221.SH
[22:46:21] [5分钟] 1714/5205: 603221.SH OK
[22:46:21] [5分钟] 第 1715/5205 只: 605577.SH
[22:46:21] [5分钟] 1715/5205: 605577.SH OK
[22:46:21] [5分钟] 第 1716/5205 只: 600807.SH
[22:46:21] [5分钟] 1716/5205: 600807.SH OK
[22:46:21] [5分钟] 第 1717/5205 只: 600131.SH
[22:46:22] [5分钟] 1717/5205: 600131.SH OK
[22:46:22] [5分钟] 第 1718/5205 只: 688813.SH
[22:46:22] [5分钟] 1718/5205: 688813.SH OK
[22:46:22] [5分钟] 第 1719/5205 只: 688321.SH
[22:46:22] [5分钟] 1719/5205: 688321.SH OK
[22:46:22] [5分钟] 第 1720/5205 只: 603025.SH
[22:46:22] [5分钟] 1720/5205: 603025.SH OK
[22:46:22] [5分钟] 第 1721/5205 只: 601898.SH
[22:46:22] [5分钟] 1721/5205: 601898.SH OK
[22:46:22] [5分钟] 第 1722/5205 只: 605368.SH
[22:46:22] [5分钟] 1722/5205: 605368.SH OK
[22:46:22] [5分钟] 第 1723/5205 只: 688355.SH
[22:46:22] [5分钟] 1723/5205: 688355.SH OK
[22:46:22] [5分钟] 第 1724/5205 只: 603051.SH
[22:46:22] [5分钟] 1724/5205: 603051.SH OK
[22:46:22] [5分钟] 第 1725/5205 只: 603967.SH
[22:46:22] [5分钟] 1725/5205: 603967.SH OK
[22:46:22] [5分钟] 第 1726/5205 只: 600335.SH
[22:46:22] [5分钟] 1726/5205: 600335.SH OK
[22:46:22] [5分钟] 第 1727/5205 只: 600243.SH
[22:46:22] [5分钟] 1727/5205: 600243.SH OK
[22:46:23] [5分钟] 第 1728/5205 只: 600658.SH
[22:46:23] [5分钟] 1728/5205: 600658.SH OK
[22:46:23] [5分钟] 第 1729/5205 只: 603811.SH
[22:46:23] [5分钟] 1729/5205: 603811.SH OK
[22:46:23] [5分钟] 第 1730/5205 只: 600237.SH
[22:46:23] [5分钟] 1730/5205: 600237.SH OK
[22:46:23] [5分钟] 第 1731/5205 只: 603127.SH
[22:46:23] [5分钟] 1731/5205: 603127.SH OK
[22:46:23] [5分钟] 第 1732/5205 只: 688638.SH
[22:46:23] [5分钟] 1732/5205: 688638.SH OK
[22:46:23] [5分钟] 第 1733/5205 只: 688223.SH
[22:46:23] [5分钟] 1733/5205: 688223.SH OK
[22:46:23] [5分钟] 第 1734/5205 只: 603153.SH
[22:46:23] [5分钟] 1734/5205: 603153.SH OK
[22:46:23] [5分钟] 第 1735/5205 只: 688257.SH
[22:46:23] [5分钟] 1735/5205: 688257.SH OK
[22:46:23] [5分钟] 第 1736/5205 只: 600055.SH
[22:46:23] [5分钟] 1736/5205: 600055.SH OK
[22:46:23] [5分钟] 第 1737/5205 只: 600021.SH
[22:46:23] [5分钟] 1737/5205: 600021.SH OK
[22:46:23] [5分钟] 第 1738/5205 只: 600917.SH
[22:46:23] [5分钟] 1738/5205: 600917.SH OK
[22:46:23] [5分钟] 第 1739/5205 只: 603331.SH
[22:46:24] [5分钟] 1739/5205: 603331.SH OK
[22:46:24] [5分钟] 第 1740/5205 只: 688035.SH
[22:46:24] [5分钟] 1740/5205: 688035.SH OK
[22:46:24] [5分钟] 第 1741/5205 只: 601226.SH
[22:46:24] [5分钟] 1741/5205: 601226.SH OK
[22:46:24] [5分钟] 第 1742/5205 只: 600963.SH
[22:46:24] [5分钟] 1742/5205: 600963.SH OK
[22:46:24] [5分钟] 第 1743/5205 只: 605008.SH
[22:46:24] [5分钟] 1743/5205: 605008.SH OK
[22:46:24] [5分钟] 第 1744/5205 只: 603345.SH
[22:46:24] [5分钟] 1744/5205: 603345.SH OK
[22:46:24] [5分钟] 第 1745/5205 只: 688041.SH
[22:46:24] [5分钟] 1745/5205: 688041.SH OK
[22:46:24] [5分钟] 第 1746/5205 只: 688137.SH
[22:46:24] [5分钟] 1746/5205: 688137.SH OK
[22:46:24] [5分钟] 第 1747/5205 只: 600815.SH
[22:46:24] [5分钟] 1747/5205: 600815.SH OK
[22:46:24] [5分钟] 第 1748/5205 只: 603628.SH
[22:46:24] [5分钟] 1748/5205: 603628.SH OK
[22:46:24] [5分钟] 第 1749/5205 只: 603233.SH
[22:46:24] [5分钟] 1749/5205: 603233.SH OK
[22:46:25] [5分钟] 第 1750/5205 只: 688558.SH
[22:46:25] [5分钟] 1750/5205: 688558.SH OK
[22:46:25] [5分钟 1750/5205] 成功1750，失败0，当前 688558.SH
[22:46:25] [5分钟] 第 1751/5205 只: 688143.SH
[22:46:25] [5分钟] 1751/5205: 688143.SH OK
[22:46:25] [5分钟] 第 1752/5205 只: 600861.SH
[22:46:25] [5分钟] 1752/5205: 600861.SH OK
[22:46:25] [5分钟] 第 1753/5205 只: 600157.SH
[22:46:25] [5分钟] 1753/5205: 600157.SH OK
[22:46:25] [5分钟] 第 1754/5205 只: 605196.SH
[22:46:25] [5分钟] 1754/5205: 605196.SH OK
[22:46:25] [5分钟] 第 1755/5205 只: 600123.SH
[22:46:25] [5分钟] 1755/5205: 600123.SH OK
[22:46:25] [5分钟] 第 1756/5205 只: 600538.SH
[22:46:25] [5分钟] 1756/5205: 600538.SH OK
[22:46:25] [5分钟] 第 1757/5205 只: 600889.SH
[22:46:25] [5分钟] 1757/5205: 600889.SH OK
[22:46:25] [5分钟] 第 1758/5205 只: 688347.SH
[22:46:25] [5分钟] 1758/5205: 688347.SH OK
[22:46:25] [5分钟] 第 1759/5205 只: 603043.SH
[22:46:25] [5分钟] 1759/5205: 603043.SH OK
[22:46:26] [5分钟] 第 1760/5205 只: 603458.SH
[22:46:26] [5分钟] 1760/5205: 603458.SH OK
[22:46:26] [5分钟] 第 1761/5205 只: 688333.SH
[22:46:26] [5分钟] 1761/5205: 688333.SH OK
[22:46:26] [5分钟] 第 1762/5205 只: 688728.SH
[22:46:26] [5分钟] 1762/5205: 688728.SH OK
[22:46:26] [5分钟] 第 1763/5205 只: 603037.SH
[22:46:26] [5分钟] 1763/5205: 603037.SH OK
[22:46:26] [5分钟] 第 1764/5205 只: 600327.SH
[22:46:26] [5分钟] 1764/5205: 600327.SH OK
[22:46:26] [5分钟] 第 1765/5205 只: 603901.SH
[22:46:26] [5分钟] 1765/5205: 603901.SH OK
[22:46:26] [5分钟] 第 1766/5205 只: 601816.SH
[22:46:26] [5分钟] 1766/5205: 601816.SH OK
[22:46:26] [5分钟] 第 1767/5205 只: 600748.SH
[22:46:26] [5分钟] 1767/5205: 600748.SH OK
[22:46:26] [5分钟] 第 1768/5205 只: 600353.SH
[22:46:26] [5分钟] 1768/5205: 600353.SH OK
[22:46:26] [5分钟] 第 1769/5205 只: 603803.SH
[22:46:26] [5分钟] 1769/5205: 603803.SH OK
[22:46:27] [5分钟] 第 1770/5205 只: 600251.SH
[22:46:27] [5分钟] 1770/5205: 600251.SH OK
[22:46:27] [5分钟] 第 1771/5205 只: 603877.SH
[22:46:27] [5分钟] 1771/5205: 603877.SH OK
[22:46:27] [5分钟] 第 1772/5205 只: 603135.SH
[22:46:27] [5分钟] 1772/5205: 603135.SH OK
[22:46:27] [5分钟] 第 1773/5205 只: 601988.SH
[22:46:27] [5分钟] 1773/5205: 601988.SH OK
[22:46:27] [5分钟] 第 1774/5205 只: 688231.SH
[22:46:27] [5分钟] 1774/5205: 688231.SH OK
[22:46:27] [5分钟] 第 1775/5205 只: 601022.SH
[22:46:27] [5分钟] 1775/5205: 601022.SH OK
[22:46:27] [5分钟] 第 1776/5205 只: 603912.SH
[22:46:27] [5分钟] 1776/5205: 603912.SH OK
[22:46:27] [5分钟] 第 1777/5205 只: 600340.SH
[22:46:27] [5分钟] 1777/5205: 600340.SH OK
[22:46:27] [5分钟] 第 1778/5205 只: 603966.SH
[22:46:27] [5分钟] 1778/5205: 603966.SH OK
[22:46:27] [5分钟] 第 1779/5205 只: 603050.SH
[22:46:28] [5分钟] 1779/5205: 603050.SH OK
[22:46:28] [5分钟] 第 1780/5205 只: 601528.SH
[22:46:28] [5分钟] 1780/5205: 601528.SH OK
[22:46:28] [5分钟] 第 1781/5205 只: 688320.SH
[22:46:28] [5分钟] 1781/5205: 688320.SH OK
[22:46:28] [5分钟] 第 1782/5205 只: 601133.SH
[22:46:28] [5分钟] 1782/5205: 601133.SH OK
[22:46:28] [5分钟] 第 1783/5205 只: 605369.SH
[22:46:28] [5分钟] 1783/5205: 605369.SH OK
[22:46:28] [5分钟] 第 1784/5205 只: 601899.SH
[22:46:40] [5分钟] 1784/5205: 601899.SH OK
[22:46:40] [5分钟] 第 1785/5205 只: 688256.SH
[22:46:40] [5分钟] 1785/5205: 688256.SH OK
[22:46:40] [5分钟] 第 1786/5205 只: 603126.SH
[22:46:40] [5分钟] 1786/5205: 603126.SH OK
[22:46:40] [5分钟] 第 1787/5205 只: 688222.SH
[22:46:40] [5分钟] 1787/5205: 688222.SH OK
[22:46:40] [5分钟] 第 1788/5205 只: 688639.SH
[22:46:40] [5分钟] 1788/5205: 688639.SH OK
[22:46:40] [5分钟] 第 1789/5205 只: 600236.SH
[22:46:40] [5分钟] 1789/5205: 600236.SH OK
[22:46:40] [5分钟] 第 1790/5205 只: 603810.SH
[22:46:41] [5分钟] 1790/5205: 603810.SH OK
[22:46:41] [5分钟] 第 1791/5205 只: 603739.SH
[22:46:41] [5分钟] 1791/5205: 603739.SH OK
[22:46:41] [5分钟] 第 1792/5205 只: 603322.SH
[22:46:41] [5分钟] 1792/5205: 603322.SH OK
[22:46:41] [5分钟] 第 1793/5205 只: 688026.SH
[22:46:41] [5分钟] 1793/5205: 688026.SH OK
[22:46:41] [5分钟] 第 1794/5205 只: 600970.SH
[22:46:41] [5分钟] 1794/5205: 600970.SH OK
[22:46:41] [5分钟] 第 1795/5205 只: 603356.SH
[22:46:41] [5分钟] 1795/5205: 603356.SH OK
[22:46:41] [5分钟] 第 1796/5205 只: 688449.SH
[22:46:41] [5分钟] 1796/5205: 688449.SH OK
[22:46:41] [5分钟] 第 1797/5205 只: 688052.SH
[22:46:41] [5分钟] 1797/5205: 688052.SH OK
[22:46:41] [5分钟] 第 1798/5205 只: 600998.SH
[22:46:41] [5分钟] 1798/5205: 600998.SH OK
[22:46:41] [5分钟] 第 1799/5205 只: 600032.SH
[22:46:41] [5分钟] 1799/5205: 600032.SH OK
[22:46:41] [5分钟] 第 1800/5205 只: 600429.SH
[22:46:41] [5分钟] 1800/5205: 600429.SH OK
[22:46:41] [5分钟 1800/5205] 成功1800，失败0，当前 600429.SH
[22:46:41] [5分钟] 第 1801/5205 只: 600130.SH
[22:46:41] [5分钟] 1801/5205: 600130.SH OK
[22:46:42] [5分钟] 第 1802/5205 只: 603220.SH
[22:46:42] [5分钟] 1802/5205: 603220.SH OK
[22:46:42] [5分钟] 第 1803/5205 只: 688150.SH
[22:46:42] [5分钟] 1803/5205: 688150.SH OK
[22:46:42] [5分钟] 第 1804/5205 只: 600872.SH
[22:46:42] [5分钟] 1804/5205: 600872.SH OK
[22:46:42] [5分钟] 第 1805/5205 只: 688270.SH
[22:46:42] [5分钟] 1805/5205: 688270.SH OK
[22:46:42] [5分钟] 第 1806/5205 只: 603100.SH
[22:46:42] [5分钟] 1806/5205: 603100.SH OK
[22:46:42] [5分钟] 第 1807/5205 只: 600697.SH
[22:46:42] [5分钟] 1807/5205: 600697.SH OK
[22:46:42] [5分钟] 第 1808/5205 只: 603587.SH
[22:46:42] [5分钟] 1808/5205: 603587.SH OK
[22:46:42] [5分钟] 第 1809/5205 只: 601921.SH
[22:46:42] [5分钟] 1809/5205: 601921.SH OK
[22:46:42] [5分钟] 第 1810/5205 只: 600210.SH
[22:46:42] [5分钟] 1810/5205: 600210.SH OK
[22:46:42] [5分钟] 第 1811/5205 只: 688298.SH
[22:46:42] [5分钟] 1811/5205: 688298.SH OK
[22:46:42] [5分钟] 第 1812/5205 只: 603836.SH
[22:46:42] [5分钟] 1812/5205: 603836.SH OK
[22:46:43] [5分钟] 第 1813/5205 只: 688683.SH
[22:46:43] [5分钟] 1813/5205: 688683.SH OK
[22:46:43] [5分钟] 第 1814/5205 只: 600312.SH
[22:46:43] [5分钟] 1814/5205: 600312.SH OK
[22:46:43] [5分钟] 第 1815/5205 只: 688781.SH
[22:46:43] [5分钟] 1815/5205: 688781.SH OK
[22:46:43] [5分钟] 第 1816/5205 只: 600366.SH
[22:46:43] [5分钟] 1816/5205: 600366.SH OK
[22:46:43] [5分钟] 第 1817/5205 只: 601857.SH
[22:46:43] [5分钟] 1817/5205: 601857.SH OK
[22:46:43] [5分钟] 第 1818/5205 只: 688372.SH
[22:46:43] [5分钟] 1818/5205: 688372.SH OK
[22:46:43] [5分钟] 第 1819/5205 只: 603076.SH
[22:46:43] [5分钟] 1819/5205: 603076.SH OK
[22:46:43] [5分钟] 第 1820/5205 只: 688306.SH
[22:46:43] [5分钟] 1820/5205: 688306.SH OK
[22:46:43] [5分钟] 第 1821/5205 只: 600795.SH
[22:46:43] [5分钟] 1821/5205: 600795.SH OK
[22:46:43] [5分钟] 第 1822/5205 只: 603002.SH
[22:46:43] [5分钟] 1822/5205: 603002.SH OK
[22:46:44] [5分钟] 第 1823/5205 只: 600579.SH
[22:46:44] [5分钟] 1823/5205: 600579.SH OK
[22:46:44] [5分钟] 第 1824/5205 只: 600162.SH
[22:46:44] [5分钟] 1824/5205: 600162.SH OK
[22:46:44] [5分钟] 第 1825/5205 只: 600116.SH
[22:46:44] [5分钟] 1825/5205: 600116.SH OK
[22:46:44] [5分钟] 第 1826/5205 只: 688585.SH
[22:46:44] [5分钟] 1826/5205: 688585.SH OK
[22:46:44] [5分钟] 第 1827/5205 只: 603681.SH
[22:46:44] [5分钟] 1827/5205: 603681.SH OK
[22:46:44] [5分钟] 第 1828/5205 只: 688102.SH
[22:46:44] [5分钟] 1828/5205: 688102.SH OK
[22:46:44] [5分钟] 第 1829/5205 只: 688519.SH
[22:46:44] [5分钟] 1829/5205: 688519.SH OK
[22:46:44] [5分钟] 第 1830/5205 只: 601311.SH
[22:46:44] [5分钟] 1830/5205: 601311.SH OK
[22:46:44] [5分钟] 第 1831/5205 只: 600820.SH
[22:46:44] [5分钟] 1831/5205: 600820.SH OK
[22:46:44] [5分钟] 第 1832/5205 只: 603206.SH
[22:46:44] [5分钟] 1832/5205: 603206.SH OK
[22:46:44] [5分钟] 第 1833/5205 只: 688176.SH
[22:46:44] [5分钟] 1833/5205: 688176.SH OK
[22:46:44] [5分钟] 第 1834/5205 只: 600854.SH
[22:46:45] [5分钟] 1834/5205: 600854.SH OK
[22:46:45] [5分钟] 第 1835/5205 只: 603272.SH
[22:46:45] [5分钟] 1835/5205: 603272.SH OK
[22:46:45] [5分钟] 第 1836/5205 只: 603669.SH
[22:46:45] [5分钟] 1836/5205: 603669.SH OK
[22:46:45] [5分钟] 第 1837/5205 只: 601608.SH
[22:46:45] [5分钟] 1837/5205: 601608.SH OK
[22:46:45] [5分钟] 第 1838/5205 只: 600088.SH
[22:46:45] [5分钟] 1838/5205: 600088.SH OK
[22:46:45] [5分钟] 第 1839/5205 只: 600493.SH
[22:46:45] [5分钟] 1839/5205: 600493.SH OK
[22:46:45] [5分钟] 第 1840/5205 只: 600956.SH
[22:46:45] [5分钟] 1840/5205: 600956.SH OK
[22:46:45] [5分钟] 第 1841/5205 只: 603370.SH
[22:46:45] [5分钟] 1841/5205: 603370.SH OK
[22:46:45] [5分钟] 第 1842/5205 只: 600060.SH
[22:46:45] [5分钟] 1842/5205: 600060.SH OK
[22:46:45] [5分钟] 第 1843/5205 只: 603398.SH
[22:46:45] [5分钟] 1843/5205: 603398.SH OK
[22:46:45] [5分钟] 第 1844/5205 只: 688111.SH
[22:46:45] [5分钟] 1844/5205: 688111.SH OK
[22:46:45] [5分钟] 第 1845/5205 只: 600199.SH
[22:46:46] [5分钟] 1845/5205: 600199.SH OK
[22:46:46] [5分钟] 第 1846/5205 只: 600582.SH
[22:46:46] [5分钟] 1846/5205: 600582.SH OK
[22:46:46] [5分钟] 第 1847/5205 只: 605158.SH
[22:46:46] [5分钟] 1847/5205: 605158.SH OK
[22:46:46] [5分钟] 第 1848/5205 只: 600833.SH
[22:46:46] [5分钟] 1848/5205: 600833.SH OK
[22:46:46] [5分钟] 第 1849/5205 只: 603215.SH
[22:46:46] [5分钟] 1849/5205: 603215.SH OK
[22:46:46] [5分钟] 第 1850/5205 只: 688165.SH
[22:46:46] [5分钟] 1850/5205: 688165.SH OK
[22:46:46] [5分钟 1850/5205] 成功1850，失败0，当前 688165.SH
[22:46:46] [5分钟] 第 1851/5205 只: 600847.SH
[22:46:46] [5分钟] 1851/5205: 600847.SH OK
[22:46:46] [5分钟] 第 1852/5205 只: 603261.SH
[22:46:46] [5分钟] 1852/5205: 603261.SH OK
[22:46:46] [5分钟] 第 1853/5205 只: 600171.SH
[22:46:46] [5分钟] 1853/5205: 600171.SH OK
[22:46:46] [5分钟] 第 1854/5205 只: 600105.SH
[22:46:46] [5分钟] 1854/5205: 600105.SH OK
[22:46:46] [5分钟] 第 1855/5205 只: 688596.SH
[22:46:46] [5分钟] 1855/5205: 688596.SH OK
[22:46:47] [5分钟] 第 1856/5205 只: 603289.SH
[22:46:47] [5分钟] 1856/5205: 603289.SH OK
[22:46:47] [5分钟] 第 1857/5205 只: 600468.SH
[22:46:47] [5分钟] 1857/5205: 600468.SH OK
[22:46:47] [5分钟] 第 1858/5205 只: 600073.SH
[22:46:47] [5分钟] 1858/5205: 600073.SH OK
[22:46:47] [5分钟] 第 1859/5205 只: 603790.SH
[22:46:47] [5分钟] 1859/5205: 603790.SH OK
[22:46:47] [5分钟] 第 1860/5205 只: 600007.SH
[22:46:47] [5分钟] 1860/5205: 600007.SH OK
[22:46:47] [5分钟] 第 1861/5205 只: 603317.SH
[22:46:47] [5分钟] 1861/5205: 603317.SH OK
[22:46:47] [5分钟] 第 1862/5205 只: 688013.SH
[22:46:47] [5分钟] 1862/5205: 688013.SH OK
[22:46:47] [5分钟] 第 1863/5205 只: 688408.SH
[22:46:47] [5分钟] 1863/5205: 688408.SH OK
[22:46:47] [5分钟] 第 1864/5205 只: 601200.SH
[22:46:47] [5分钟] 1864/5205: 601200.SH OK
[22:46:48] [5分钟] 第 1865/5205 只: 600480.SH
[22:46:48] [5分钟] 1865/5205: 600480.SH OK
[22:46:48] [5分钟] 第 1866/5205 只: 603363.SH
[22:46:48] [5分钟] 1866/5205: 603363.SH OK
[22:46:48] [5分钟] 第 1867/5205 只: 603778.SH
[22:46:48] [5分钟] 1867/5205: 603778.SH OK
[22:46:48] [5分钟] 第 1868/5205 只: 688067.SH
[22:46:48] [5分钟] 1868/5205: 688067.SH OK
[22:46:48] [5分钟] 第 1869/5205 只: 600203.SH
[22:46:48] [5分钟] 1869/5205: 600203.SH OK
[22:46:48] [5分钟] 第 1870/5205 只: 600618.SH
[22:46:48] [5分钟] 1870/5205: 600618.SH OK
[22:46:48] [5分钟] 第 1871/5205 只: 601098.SH
[22:46:48] [5分钟] 1871/5205: 601098.SH OK
[22:46:48] [5分钟] 第 1872/5205 只: 603825.SH
[22:46:48] [5分钟] 1872/5205: 603825.SH OK
[22:46:48] [5分钟] 第 1873/5205 只: 688690.SH
[22:46:48] [5分钟] 1873/5205: 688690.SH OK
[22:46:48] [5分钟] 第 1874/5205 只: 603167.SH
[22:46:48] [5分钟] 1874/5205: 603167.SH OK
[22:46:48] [5分钟] 第 1875/5205 只: 688678.SH
[22:46:49] [5分钟] 1875/5205: 688678.SH OK
[22:46:49] [5分钟] 第 1876/5205 只: 603508.SH
[22:46:49] [5分钟] 1876/5205: 603508.SH OK
[22:46:49] [5分钟] 第 1877/5205 只: 603113.SH
[22:46:49] [5分钟] 1877/5205: 603113.SH OK
[22:46:49] [5分钟] 第 1878/5205 只: 688217.SH
[22:46:49] [5分钟] 1878/5205: 688217.SH OK
[22:46:49] [5分钟] 第 1879/5205 只: 600684.SH
[22:46:49] [5分钟] 1879/5205: 600684.SH OK
[22:46:49] [5分钟] 第 1880/5205 只: 688361.SH
[22:46:49] [5分钟] 1880/5205: 688361.SH OK
[22:46:49] [5分钟] 第 1881/5205 只: 603065.SH
[22:46:49] [5分钟] 1881/5205: 603065.SH OK
[22:46:49] [5分钟] 第 1882/5205 只: 688315.SH
[22:46:49] [5分钟] 1882/5205: 688315.SH OK
[22:46:49] [5分钟] 第 1883/5205 只: 601106.SH
[22:46:49] [5分钟] 1883/5205: 601106.SH OK
[22:46:49] [5分钟] 第 1884/5205 只: 603011.SH
[22:46:49] [5分钟] 1884/5205: 603011.SH OK
[22:46:49] [5分钟] 第 1885/5205 只: 600301.SH
[22:46:49] [5分钟] 1885/5205: 600301.SH OK
[22:46:49] [5分钟] 第 1886/5205 只: 688389.SH
[22:46:50] [5分钟] 1886/5205: 688389.SH OK
[22:46:50] [5分钟] 第 1887/5205 只: 603927.SH
[22:46:50] [5分钟] 1887/5205: 603927.SH OK
[22:46:50] [5分钟] 第 1888/5205 只: 603496.SH
[22:46:50] [5分钟] 1888/5205: 603496.SH OK
[22:46:50] [5分钟] 第 1889/5205 只: 600375.SH
[22:46:50] [5分钟] 1889/5205: 600375.SH OK
[22:46:50] [5分钟] 第 1890/5205 只: 600535.SH
[22:46:50] [5分钟] 1890/5205: 600535.SH OK
[22:46:50] [5分钟] 第 1891/5205 只: 600884.SH
[22:46:50] [5分钟] 1891/5205: 600884.SH OK
[22:46:50] [5分钟] 第 1892/5205 只: 605580.SH
[22:46:50] [5分钟] 1892/5205: 605580.SH OK
[22:46:50] [5分钟] 第 1893/5205 只: 688521.SH
[22:46:50] [5分钟] 1893/5205: 688521.SH OK
[22:46:50] [5分钟] 第 1894/5205 只: 600818.SH
[22:46:50] [5分钟] 1894/5205: 600818.SH OK
[22:46:50] [5分钟] 第 1895/5205 只: 605005.SH
[22:46:50] [5分钟] 1895/5205: 605005.SH OK
[22:46:50] [5分钟] 第 1896/5205 只: 603348.SH
[22:46:51] [5分钟] 1896/5205: 603348.SH OK
[22:46:51] [5分钟] 第 1897/5205 只: 603727.SH
[22:46:51] [5分钟] 1897/5205: 603727.SH OK
[22:46:51] [5分钟] 第 1898/5205 只: 688038.SH
[22:46:51] [5分钟] 1898/5205: 688038.SH OK
[22:46:51] [5分钟] 第 1899/5205 只: 600986.SH
[22:46:51] [5分钟] 1899/5205: 600986.SH OK
[22:46:51] [5分钟] 第 1900/5205 只: 605099.SH
[22:46:51] [5分钟] 1900/5205: 605099.SH OK
[22:46:51] [5分钟 1900/5205] 成功1900，失败0，当前 605099.SH
[22:46:51] [5分钟] 第 1901/5205 只: 600058.SH
[22:46:51] [5分钟] 1901/5205: 600058.SH OK
[22:46:51] [5分钟] 第 1902/5205 只: 603138.SH
[22:46:51] [5分钟] 1902/5205: 603138.SH OK
[22:46:51] [5分钟] 第 1903/5205 只: 601985.SH
[22:46:51] [5分钟] 1903/5205: 601985.SH OK
[22:46:51] [5分钟] 第 1904/5205 只: 688627.SH
[22:46:51] [5分钟] 1904/5205: 688627.SH OK
[22:46:51] [5分钟] 第 1905/5205 只: 603557.SH
[22:46:51] [5分钟] 1905/5205: 603557.SH OK
[22:46:52] [5分钟] 第 1906/5205 只: 688248.SH
[22:46:52] [5分钟] 1906/5205: 688248.SH OK
[22:46:52] [5分钟] 第 1907/5205 只: 688653.SH
[22:46:52] [5分钟] 1907/5205: 688653.SH OK
[22:46:52] [5分钟] 第 1908/5205 只: 601919.SH
[22:46:52] [5分钟] 1908/5205: 601919.SH OK
[22:46:52] [5分钟] 第 1909/5205 只: 600633.SH
[22:46:52] [5分钟] 1909/5205: 600633.SH OK
[22:46:52] [5分钟] 第 1910/5205 只: 600228.SH
[22:46:52] [5分钟] 1910/5205: 600228.SH OK
[22:46:52] [5分钟] 第 1911/5205 只: 600745.SH
[22:46:52] [5分钟] 1911/5205: 600745.SH OK
[22:46:52] [5分钟] 第 1912/5205 只: 603978.SH
[22:46:52] [5分钟] 1912/5205: 603978.SH OK
[22:46:52] [5分钟] 第 1913/5205 只: 600731.SH
[22:46:52] [5分钟] 1913/5205: 600731.SH OK
[22:46:52] [5分钟] 第 1914/5205 只: 603990.SH
[22:46:52] [5分钟] 1914/5205: 603990.SH OK
[22:46:52] [5分钟] 第 1915/5205 只: 605377.SH
[22:46:52] [5分钟] 1915/5205: 605377.SH OK
[22:46:52] [5分钟] 第 1916/5205 只: 603421.SH
[22:46:53] [5分钟] 1916/5205: 603421.SH OK
[22:46:53] [5分钟] 第 1917/5205 只: 605303.SH
[22:46:53] [5分钟] 1917/5205: 605303.SH OK
[22:46:53] [5分钟] 第 1918/5205 只: 600654.SH
[22:46:53] [5分钟] 1918/5205: 600654.SH OK
[22:46:53] [5分钟] 第 1919/5205 只: 603869.SH
[22:46:53] [5分钟] 1919/5205: 603869.SH OK
[22:46:53] [5分钟] 第 1920/5205 只: 600620.SH
[22:46:53] [5分钟] 1920/5205: 600620.SH OK
[22:46:53] [5分钟] 第 1921/5205 只: 605266.SH
[22:46:53] [5分钟] 1921/5205: 605266.SH OK
[22:46:53] [5分钟] 第 1922/5205 只: 601996.SH
[22:46:53] [5分钟] 1922/5205: 601996.SH OK
[22:46:53] [5分钟] 第 1923/5205 只: 603530.SH
[22:46:53] [5分钟] 1923/5205: 603530.SH OK
[22:46:53] [5分钟] 第 1924/5205 只: 603881.SH
[22:46:53] [5分钟] 1924/5205: 603881.SH OK
[22:46:53] [5分钟] 第 1925/5205 只: 603983.SH
[22:46:54] [5分钟] 1925/5205: 603983.SH OK
[22:46:54] [5分钟] 第 1926/5205 只: 603029.SH
[22:46:54] [5分钟] 1926/5205: 603029.SH OK
[22:46:54] [5分钟] 第 1927/5205 只: 688359.SH
[22:46:54] [5分钟] 1927/5205: 688359.SH OK
[22:46:54] [5分钟] 第 1928/5205 只: 600756.SH
[22:46:54] [5分钟] 1928/5205: 600756.SH OK
[22:46:54] [5分钟] 第 1929/5205 只: 600722.SH
[22:46:54] [5分钟] 1929/5205: 600722.SH OK
[22:46:54] [5分钟] 第 1930/5205 只: 600339.SH
[22:46:54] [5分钟] 1930/5205: 600339.SH OK
[22:46:54] [5分钟] 第 1931/5205 只: 601808.SH
[22:46:54] [5分钟] 1931/5205: 601808.SH OK
[22:46:54] [5分钟] 第 1932/5205 只: 603259.SH
[22:46:54] [5分钟] 1932/5205: 603259.SH OK
[22:46:54] [5分钟] 第 1933/5205 只: 688129.SH
[22:46:54] [5分钟] 1933/5205: 688129.SH OK
[22:46:54] [5分钟] 第 1934/5205 只: 603636.SH
[22:46:54] [5分钟] 1934/5205: 603636.SH OK
[22:46:54] [5分钟] 第 1935/5205 只: 600526.SH
[22:46:54] [5分钟] 1935/5205: 600526.SH OK
[22:46:55] [5分钟] 第 1936/5205 只: 600897.SH
[22:46:55] [5分钟] 1936/5205: 600897.SH OK
[22:46:55] [5分钟] 第 1937/5205 只: 600149.SH
[22:46:55] [5分钟] 1937/5205: 600149.SH OK
[22:46:55] [5分钟] 第 1938/5205 只: 600552.SH
[22:46:55] [5分钟] 1938/5205: 600552.SH OK
[22:46:55] [5分钟] 第 1939/5205 只: 605188.SH
[22:46:55] [5分钟] 1939/5205: 605188.SH OK
[22:46:55] [5分钟] 第 1940/5205 只: 600995.SH
[22:46:55] [5分钟] 1940/5205: 600995.SH OK
[22:46:55] [5分钟] 第 1941/5205 只: 605016.SH
[22:46:55] [5分钟] 1941/5205: 605016.SH OK
[22:46:55] [5分钟] 第 1942/5205 只: 600909.SH
[22:46:55] [5分钟] 1942/5205: 600909.SH OK
[22:46:55] [5分钟] 第 1943/5205 只: 688981.SH
[22:46:55] [5分钟] 1943/5205: 688981.SH OK
[22:46:55] [5分钟] 第 1944/5205 只: 601238.SH
[22:46:55] [5分钟] 1944/5205: 601238.SH OK
[22:46:55] [5分钟] 第 1945/5205 只: 601118.SH
[22:46:55] [5分钟] 1945/5205: 601118.SH OK
[22:46:55] [5分钟] 第 1946/5205 只: 688710.SH
[22:46:55] [5分钟] 1946/5205: 688710.SH OK
[22:46:56] [5分钟] 第 1947/5205 只: 600798.SH
[22:46:56] [5分钟] 1947/5205: 600798.SH OK
[22:46:56] [5分钟] 第 1948/5205 只: 600383.SH
[22:46:56] [5分钟] 1948/5205: 600383.SH OK
[22:46:56] [5分钟] 第 1949/5205 只: 601577.SH
[22:46:56] [5分钟] 1949/5205: 601577.SH OK
[22:46:56] [5分钟] 第 1950/5205 只: 605336.SH
[22:46:56] [5分钟] 1950/5205: 605336.SH OK
[22:46:56] [5分钟 1950/5205] 成功1950，失败0，当前 605336.SH
[22:46:56] [5分钟] 第 1951/5205 只: 600770.SH
[22:46:56] [5分钟] 1951/5205: 600770.SH OK
[22:46:56] [5分钟] 第 1952/5205 只: 600704.SH
[22:46:56] [5分钟] 1952/5205: 600704.SH OK
[22:46:56] [5分钟] 第 1953/5205 只: 603939.SH
[22:46:56] [5分钟] 1953/5205: 603939.SH OK
[22:46:56] [5分钟] 第 1954/5205 只: 603093.SH
[22:46:56] [5分钟] 1954/5205: 603093.SH OK
[22:46:56] [5分钟] 第 1955/5205 只: 603488.SH
[22:46:56] [5分钟] 1955/5205: 603488.SH OK
[22:46:56] [5分钟] 第 1956/5205 只: 601958.SH
[22:46:56] [5分钟] 1956/5205: 601958.SH OK
[22:46:56] [5分钟] 第 1957/5205 只: 600269.SH
[22:46:56] [5分钟] 1957/5205: 600269.SH OK
[22:46:56] [5分钟] 第 1958/5205 只: 603191.SH
[22:46:57] [5分钟] 1958/5205: 603191.SH OK
[22:46:57] [5分钟] 第 1959/5205 只: 600606.SH
[22:46:57] [5分钟] 1959/5205: 600606.SH OK
[22:46:57] [5分钟] 第 1960/5205 只: 601086.SH
[22:46:57] [5分钟] 1960/5205: 601086.SH OK
[22:46:57] [5分钟] 第 1961/5205 只: 688295.SH
[22:46:57] [5分钟] 1961/5205: 688295.SH OK
[22:46:57] [5分钟] 第 1962/5205 只: 603516.SH
[22:46:57] [5分钟] 1962/5205: 603516.SH OK
[22:46:57] [5分钟] 第 1963/5205 只: 688612.SH
[22:46:57] [5分钟] 1963/5205: 688612.SH OK
[22:46:57] [5分钟] 第 1964/5205 只: 688209.SH
[22:46:57] [5分钟] 1964/5205: 688209.SH OK
[22:46:57] [5分钟] 第 1965/5205 只: 600281.SH
[22:46:58] [5分钟] 1965/5205: 600281.SH OK
[22:46:58] [5分钟] 第 1966/5205 只: 603179.SH
[22:46:58] [5分钟] 1966/5205: 603179.SH OK
[22:46:58] [5分钟] 第 1967/5205 只: 603395.SH
[22:46:58] [5分钟] 1967/5205: 603395.SH OK
[22:46:58] [5分钟] 第 1968/5205 只: 600019.SH
[22:46:58] [5分钟] 1968/5205: 600019.SH OK
[22:46:58] [5分钟] 第 1969/5205 只: 688091.SH
[22:46:58] [5分钟] 1969/5205: 688091.SH OK
[22:46:58] [5分钟] 第 1970/5205 只: 601699.SH
[22:46:58] [5分钟] 1970/5205: 601699.SH OK
[22:46:58] [5分钟] 第 1971/5205 只: 600476.SH
[22:46:59] [5分钟] 1971/5205: 600476.SH OK
[22:46:59] [5分钟] 第 1972/5205 只: 603766.SH
[22:46:59] [5分钟] 1972/5205: 603766.SH OK
[22:46:59] [5分钟] 第 1973/5205 只: 688079.SH
[22:46:59] [5分钟] 1973/5205: 688079.SH OK
[22:46:59] [5分钟] 第 1974/5205 只: 603309.SH
[22:46:59] [5分钟] 1974/5205: 603309.SH OK
[22:46:59] [5分钟] 第 1975/5205 只: 603712.SH
[22:46:59] [5分钟] 1975/5205: 603712.SH OK
[22:46:59] [5分钟] 第 1976/5205 只: 688416.SH
[22:46:59] [5分钟] 1976/5205: 688416.SH OK
[22:47:00] [5分钟] 第 1977/5205 只: 600085.SH
[22:47:00] [5分钟] 1977/5205: 600085.SH OK
[22:47:00] [5分钟] 第 1978/5205 只: 601368.SH
[22:47:00] [5分钟] 1978/5205: 601368.SH OK
[22:47:00] [5分钟] 第 1979/5205 只: 688560.SH
[22:47:00] [5分钟] 1979/5205: 688560.SH OK
[22:47:00] [5分钟] 第 1980/5205 只: 600859.SH
[22:47:00] [5分钟] 1980/5205: 600859.SH OK
[22:47:00] [5分钟] 第 1981/5205 只: 600187.SH
[22:47:00] [5分钟] 1981/5205: 600187.SH OK
[22:47:00] [5分钟] 第 1982/5205 只: 603610.SH
[22:47:00] [5分钟] 1982/5205: 603610.SH OK
[22:47:00] [5分钟] 第 1983/5205 只: 600500.SH
[22:47:00] [5分钟] 1983/5205: 600500.SH OK
[22:47:01] [5分钟] 第 1984/5205 只: 688588.SH
[22:47:01] [5分钟] 1984/5205: 688588.SH OK
[22:47:01] [5分钟] 第 1985/5205 只: 688193.SH
[22:47:01] [5分钟] 1985/5205: 688193.SH OK
[22:47:01] [5分钟] 第 1986/5205 只: 603297.SH
[22:47:01] [5分钟] 1986/5205: 603297.SH OK
[22:47:01] [5分钟] 第 1987/5205 只: 601279.SH
[22:47:01] [5分钟] 1987/5205: 601279.SH OK
[22:47:01] [5分钟] 第 1988/5205 只: 603701.SH
[22:47:01] [5分钟] 1988/5205: 603701.SH OK
[22:47:02] [5分钟] 第 1989/5205 只: 601616.SH
[22:47:02] [5分钟] 1989/5205: 601616.SH OK
[22:47:02] [5分钟] 第 1990/5205 只: 600096.SH
[22:47:02] [5分钟] 1990/5205: 600096.SH OK
[22:47:02] [5分钟] 第 1991/5205 只: 603386.SH
[22:47:02] [5分钟] 1991/5205: 603386.SH OK
[22:47:02] [5分钟] 第 1992/5205 只: 688499.SH
[22:47:02] [5分钟] 1992/5205: 688499.SH OK
[22:47:02] [5分钟] 第 1993/5205 只: 688082.SH
[22:47:02] [5分钟] 1993/5205: 688082.SH OK
[22:47:02] [5分钟] 第 1994/5205 只: 600513.SH
[22:47:02] [5分钟] 1994/5205: 600513.SH OK
[22:47:02] [5分钟] 第 1995/5205 只: 600108.SH
[22:47:02] [5分钟] 1995/5205: 600108.SH OK
[22:47:02] [5分钟] 第 1996/5205 只: 688180.SH
[22:47:02] [5分钟] 1996/5205: 688180.SH OK
[22:47:02] [5分钟] 第 1997/5205 只: 601788.SH
[22:47:02] [5分钟] 1997/5205: 601788.SH OK
[22:47:02] [5分钟] 第 1998/5205 只: 603284.SH
[22:47:03] [5分钟] 1998/5205: 603284.SH OK
[22:47:03] [5分钟] 第 1999/5205 只: 600567.SH
[22:47:03] [5分钟] 1999/5205: 600567.SH OK
[22:47:03] [5分钟] 第 2000/5205 只: 688168.SH
[22:47:03] [5分钟] 2000/5205: 688168.SH OK
[22:47:03] [5分钟 2000/5205] 成功2000，失败0，当前 688168.SH
[22:47:03] [5分钟] 第 2001/5205 只: 688573.SH
[22:47:03] [5分钟] 2001/5205: 688573.SH OK
[22:47:03] [5分钟] 第 2002/5205 只: 603677.SH
[22:47:03] [5分钟] 2002/5205: 603677.SH OK
[22:47:03] [5分钟] 第 2003/5205 只: 688507.SH
[22:47:03] [5分钟] 2003/5205: 688507.SH OK
[22:47:03] [5分钟] 第 2004/5205 只: 605155.SH
[22:47:03] [5分钟] 2004/5205: 605155.SH OK
[22:47:03] [5分钟] 第 2005/5205 只: 603218.SH
[22:47:03] [5分钟] 2005/5205: 603218.SH OK
[22:47:03] [5分钟] 第 2006/5205 只: 600378.SH
[22:47:04] [5分钟] 2006/5205: 600378.SH OK
[22:47:04] [5分钟] 第 2007/5205 只: 600763.SH
[22:47:04] [5分钟] 2007/5205: 600763.SH OK
[22:47:04] [5分钟] 第 2008/5205 只: 600717.SH
[22:47:04] [5分钟] 2008/5205: 600717.SH OK
[22:47:04] [5分钟] 第 2009/5205 只: 603080.SH
[22:47:04] [5分钟] 2009/5205: 603080.SH OK
[22:47:04] [5分钟] 第 2010/5205 只: 688318.SH
[22:47:04] [5分钟] 2010/5205: 688318.SH OK
[22:47:04] [5分钟] 第 2011/5205 只: 600390.SH
[22:47:04] [5分钟] 2011/5205: 600390.SH OK
[22:47:04] [5分钟] 第 2012/5205 只: 603407.SH
[22:47:04] [5分钟] 2012/5205: 603407.SH OK
[22:47:04] [5分钟] 第 2013/5205 只: 688777.SH
[22:47:04] [5分钟] 2013/5205: 688777.SH OK
[22:47:04] [5分钟] 第 2014/5205 只: 603068.SH
[22:47:04] [5分钟] 2014/5205: 603068.SH OK
[22:47:05] [5分钟] 第 2015/5205 只: 603505.SH
[22:47:05] [5分钟] 2015/5205: 603505.SH OK
[22:47:05] [5分钟] 第 2016/5205 只: 601009.SH
[22:47:05] [5分钟] 2016/5205: 601009.SH OK
[22:47:05] [5分钟] 第 2017/5205 只: 688601.SH
[22:47:05] [5分钟] 2017/5205: 688601.SH OK
[22:47:05] [5分钟] 第 2018/5205 只: 600689.SH
[22:47:05] [5分钟] 2018/5205: 600689.SH OK
[22:47:05] [5分钟] 第 2019/5205 只: 600292.SH
[22:47:05] [5分钟] 2019/5205: 600292.SH OK
[22:47:05] [5分钟] 第 2020/5205 只: 600661.SH
[22:47:05] [5分钟] 2020/5205: 600661.SH OK
[22:47:05] [5分钟] 第 2021/5205 只: 603182.SH
[22:47:05] [5分钟] 2021/5205: 603182.SH OK
[22:47:05] [5分钟] 第 2022/5205 只: 603599.SH
[22:47:05] [5分钟] 2022/5205: 603599.SH OK
[22:47:06] [5分钟] 第 2023/5205 只: 600615.SH
[22:47:06] [5分钟] 2023/5205: 600615.SH OK
[22:47:06] [5分钟] 第 2024/5205 只: 603828.SH
[22:47:06] [5分钟] 2024/5205: 603828.SH OK
[22:47:06] [5分钟] 第 2025/5205 只: 688286.SH
[22:47:06] [5分钟] 2025/5205: 688286.SH OK
[22:47:06] [5分钟] 第 2026/5205 只: 600750.SH
[22:47:06] [5分钟] 2026/5205: 600750.SH OK
[22:47:06] [5分钟] 第 2027/5205 只: 600724.SH
[22:47:06] [5分钟] 2027/5205: 600724.SH OK
[22:47:06] [5分钟] 第 2028/5205 只: 603919.SH
[22:47:06] [5分钟] 2028/5205: 603919.SH OK
[22:47:06] [5分钟] 第 2029/5205 只: 601138.SH
[22:47:06] [5分钟] 2029/5205: 601138.SH OK
[22:47:06] [5分钟] 第 2030/5205 只: 603985.SH
[22:47:06] [5分钟] 2030/5205: 603985.SH OK
[22:47:06] [5分钟] 第 2031/5205 只: 603536.SH
[22:47:06] [5分钟] 2031/5205: 603536.SH OK
[22:47:06] [5分钟] 第 2032/5205 只: 601990.SH
[22:47:06] [5分钟] 2032/5205: 601990.SH OK
[22:47:07] [5分钟] 第 2033/5205 只: 688229.SH
[22:47:07] [5分钟] 2033/5205: 688229.SH OK
[22:47:07] [5分钟] 第 2034/5205 只: 603887.SH
[22:47:07] [5分钟] 2034/5205: 603887.SH OK
[22:47:07] [5分钟] 第 2035/5205 只: 603159.SH
[22:47:07] [5分钟] 2035/5205: 603159.SH OK
[22:47:07] [5分钟] 第 2036/5205 只: 688646.SH
[22:47:07] [5分钟] 2036/5205: 688646.SH OK
[22:47:07] [5分钟] 第 2037/5205 只: 605288.SH
[22:47:07] [5分钟] 2037/5205: 605288.SH OK
[22:47:07] [5分钟] 第 2038/5205 只: 600249.SH
[22:47:07] [5分钟] 2038/5205: 600249.SH OK
[22:47:07] [5分钟] 第 2039/5205 只: 600626.SH
[22:47:07] [5分钟] 2039/5205: 600626.SH OK
[22:47:07] [5分钟] 第 2040/5205 只: 688059.SH
[22:47:07] [5分钟] 2040/5205: 688059.SH OK
[22:47:07] [5分钟] 第 2041/5205 只: 603329.SH
[22:47:07] [5分钟] 2041/5205: 603329.SH OK
[22:47:07] [5分钟] 第 2042/5205 只: 600993.SH
[22:47:07] [5分钟] 2042/5205: 600993.SH OK
[22:47:07] [5分钟] 第 2043/5205 只: 600039.SH
[22:47:07] [5分钟] 2043/5205: 600039.SH OK
[22:47:08] [5分钟] 第 2044/5205 只: 600422.SH
[22:47:08] [5分钟] 2044/5205: 600422.SH OK
[22:47:08] [5分钟] 第 2045/5205 只: 600456.SH
[22:47:08] [5分钟] 2045/5205: 600456.SH OK
[22:47:08] [5分钟] 第 2046/5205 只: 600520.SH
[22:47:08] [5分钟] 2046/5205: 600520.SH OK
[22:47:08] [5分钟] 第 2047/5205 只: 688819.SH
[22:47:08] [5分钟] 2047/5205: 688819.SH OK
[22:47:08] [5分钟] 第 2048/5205 只: 600879.SH
[22:47:08] [5分钟] 2048/5205: 600879.SH OK
[22:47:08] [5分钟] 第 2049/5205 只: 601727.SH
[22:47:08] [5分钟] 2049/5205: 601727.SH OK
[22:47:08] [5分钟] 第 2050/5205 只: 605166.SH
[22:47:08] [5分钟] 2050/5205: 605166.SH OK
[22:47:08] [5分钟 2050/5205] 成功2050，失败0，当前 605166.SH
[22:47:08] [5分钟] 第 2051/5205 只: 603630.SH
[22:47:08] [5分钟] 2051/5205: 603630.SH OK
[22:47:08] [5分钟] 第 2052/5205 只: 600980.SH
[22:47:08] [5分钟] 2052/5205: 600980.SH OK
[22:47:08] [5分钟] 第 2053/5205 只: 600968.SH
[22:47:08] [5分钟] 2053/5205: 600968.SH OK
[22:47:08] [5分钟] 第 2054/5205 只: 605003.SH
[22:47:09] [5分钟] 2054/5205: 605003.SH OK
[22:47:09] [5分钟] 第 2055/5205 只: 603755.SH
[22:47:09] [5分钟] 2055/5205: 603755.SH OK
[22:47:09] [5分钟] 第 2056/5205 只: 605077.SH
[22:47:09] [5分钟] 2056/5205: 605077.SH OK
[22:47:09] [5分钟] 第 2057/5205 只: 603721.SH
[22:47:09] [5分钟] 2057/5205: 603721.SH OK
[22:47:09] [5分钟] 第 2058/5205 只: 601636.SH
[22:47:09] [5分钟] 2058/5205: 601636.SH OK
[22:47:09] [5分钟] 第 2059/5205 只: 688425.SH
[22:47:09] [5分钟] 2059/5205: 688425.SH OK
[22:47:09] [5分钟] 第 2060/5205 只: 688553.SH
[22:47:09] [5分钟] 2060/5205: 688553.SH OK
[22:47:09] [5分钟] 第 2061/5205 只: 688148.SH
[22:47:09] [5分钟] 2061/5205: 688148.SH OK
[22:47:09] [5分钟] 第 2062/5205 只: 603657.SH
[22:47:09] [5分钟] 2062/5205: 603657.SH OK
[22:47:09] [5分钟] 第 2063/5205 只: 603238.SH
[22:47:09] [5分钟] 2063/5205: 603238.SH OK
[22:47:09] [5分钟] 第 2064/5205 只: 600128.SH
[22:47:09] [5分钟] 2064/5205: 600128.SH OK
[22:47:09] [5分钟] 第 2065/5205 只: 600533.SH
[22:47:09] [5分钟] 2065/5205: 600533.SH OK
[22:47:09] [5分钟] 第 2066/5205 只: 600882.SH
[22:47:09] [5分钟] 2066/5205: 600882.SH OK
[22:47:10] [5分钟] 第 2067/5205 只: 600547.SH
[22:47:10] [5分钟] 2067/5205: 600547.SH OK
[22:47:10] [5分钟] 第 2068/5205 只: 688338.SH
[22:47:10] [5分钟] 2068/5205: 688338.SH OK
[22:47:10] [5分钟] 第 2069/5205 只: 601881.SH
[22:47:10] [5分钟] 2069/5205: 601881.SH OK
[22:47:10] [5分钟] 第 2070/5205 只: 688757.SH
[22:47:10] [5分钟] 2070/5205: 688757.SH OK
[22:47:10] [5分钟] 第 2071/5205 只: 605305.SH
[22:47:10] [5分钟] 2071/5205: 605305.SH OK
[22:47:10] [5分钟] 第 2072/5205 只: 603048.SH
[22:47:10] [5分钟] 2072/5205: 603048.SH OK
[22:47:10] [5分钟] 第 2073/5205 只: 600743.SH
[22:47:10] [5分钟] 2073/5205: 600743.SH OK
[22:47:10] [5分钟] 第 2074/5205 只: 600358.SH
[22:47:10] [5分钟] 2074/5205: 600358.SH OK
[22:47:10] [5分钟] 第 2075/5205 只: 601869.SH
[22:47:10] [5分钟] 2075/5205: 601869.SH OK
[22:47:10] [5分钟] 第 2076/5205 只: 605399.SH
[22:47:10] [5分钟] 2076/5205: 605399.SH OK
[22:47:10] [5分钟] 第 2077/5205 只: 600737.SH
[22:47:10] [5分钟] 2077/5205: 600737.SH OK
[22:47:10] [5分钟] 第 2078/5205 只: 600641.SH
[22:47:10] [5分钟] 2078/5205: 600641.SH OK
[22:47:10] [5分钟] 第 2079/5205 只: 600635.SH
[22:47:10] [5分钟] 2079/5205: 600635.SH OK
[22:47:10] [5分钟] 第 2080/5205 只: 603808.SH
[22:47:10] [5分钟] 2080/5205: 603808.SH OK
[22:47:10] [5分钟] 第 2081/5205 只: 688621.SH
[22:47:10] [5分钟] 2081/5205: 688621.SH OK
[22:47:10] [5分钟] 第 2082/5205 只: 603551.SH
[22:47:10] [5分钟] 2082/5205: 603551.SH OK
[22:47:10] [5分钟] 第 2083/5205 只: 688655.SH
[22:47:10] [5分钟] 2083/5205: 688655.SH OK
[22:47:10] [5分钟] 第 2084/5205 只: 688575.SH
[22:47:10] [5分钟] 2084/5205: 688575.SH OK
[22:47:10] [5分钟] 第 2085/5205 只: 601766.SH
[22:47:10] [5分钟] 2085/5205: 601766.SH OK
[22:47:10] [5分钟] 第 2086/5205 只: 688501.SH
[22:47:10] [5分钟] 2086/5205: 688501.SH OK
[22:47:10] [5分钟] 第 2087/5205 只: 600192.SH
[22:47:10] [5分钟] 2087/5205: 600192.SH OK
[22:47:10] [5分钟] 第 2088/5205 只: 600589.SH
[22:47:10] [5分钟] 2088/5205: 600589.SH OK
[22:47:10] [5分钟] 第 2089/5205 只: 600838.SH
[22:47:10] [5分钟] 2089/5205: 600838.SH OK
[22:47:10] [5分钟] 第 2090/5205 只: 603605.SH
[22:47:10] [5分钟] 2090/5205: 603605.SH OK
[22:47:10] [5分钟] 第 2091/5205 只: 600515.SH
[22:47:10] [5分钟] 2091/5205: 600515.SH OK
[22:47:10] [5分钟] 第 2092/5205 只: 688186.SH
[22:47:10] [5分钟] 2092/5205: 688186.SH OK
[22:47:10] [5分钟] 第 2093/5205 只: 603699.SH
[22:47:10] [5分钟] 2093/5205: 603699.SH OK
[22:47:10] [5分钟] 第 2094/5205 只: 603282.SH
[22:47:10] [5分钟] 2094/5205: 603282.SH OK
[22:47:10] [5分钟] 第 2095/5205 只: 600561.SH
[22:47:10] [5分钟] 2095/5205: 600561.SH OK
[22:47:10] [5分钟] 第 2096/5205 只: 603380.SH
[22:47:10] [5分钟] 2096/5205: 603380.SH OK
[22:47:10] [5分钟] 第 2097/5205 只: 688084.SH
[22:47:10] [5分钟] 2097/5205: 688084.SH OK
[22:47:10] [5分钟] 第 2098/5205 只: 600463.SH
[22:47:10] [5分钟] 2098/5205: 600463.SH OK
[22:47:10] [5分钟] 第 2099/5205 只: 600078.SH
[22:47:10] [5分钟] 2099/5205: 600078.SH OK
[22:47:10] [5分钟] 第 2100/5205 只: 603368.SH
[22:47:10] [5分钟] 2100/5205: 603368.SH OK
[22:47:10] [5分钟 2100/5205] 成功2100，失败0，当前 603368.SH
[22:47:10] [5分钟] 第 2101/5205 只: 603773.SH
[22:47:10] [5分钟] 2101/5205: 603773.SH OK
[22:47:10] [5分钟] 第 2102/5205 只: 603707.SH
[22:47:10] [5分钟] 2102/5205: 603707.SH OK
[22:47:10] [5分钟] 第 2103/5205 只: 688018.SH
[22:47:10] [5分钟] 2103/5205: 688018.SH OK
[22:47:10] [5分钟] 第 2104/5205 只: 688403.SH
[22:47:10] [5分钟] 2104/5205: 688403.SH OK
[22:47:10] [5分钟] 第 2105/5205 只: 600667.SH
[22:47:10] [5分钟] 2105/5205: 600667.SH OK
[22:47:10] [5分钟] 第 2106/5205 只: 601939.SH
[22:47:10] [5分钟] 2106/5205: 601939.SH OK
[22:47:10] [5分钟] 第 2107/5205 只: 600208.SH
[22:47:10] [5分钟] 2107/5205: 600208.SH OK
[22:47:10] [5分钟] 第 2108/5205 只: 600613.SH
[22:47:10] [5分钟] 2108/5205: 600613.SH OK
[22:47:10] [5分钟] 第 2109/5205 只: 688280.SH
[22:47:10] [5分钟] 2109/5205: 688280.SH OK
[22:47:10] [5分钟] 第 2110/5205 只: 605255.SH
[22:47:10] [5分钟] 2110/5205: 605255.SH OK
[22:47:10] [5分钟] 第 2111/5205 只: 603118.SH
[22:47:10] [5分钟] 2111/5205: 603118.SH OK
[22:47:10] [5分钟] 第 2112/5205 只: 688607.SH
[22:47:10] [5分钟] 2112/5205: 688607.SH OK
[22:47:10] [5分钟] 第 2113/5205 只: 603577.SH
[22:47:10] [5分钟] 2113/5205: 603577.SH OK
[22:47:10] [5分钟] 第 2114/5205 只: 688268.SH
[22:47:10] [5分钟] 2114/5205: 688268.SH OK
[22:47:10] [5分钟] 第 2115/5205 只: 600396.SH
[22:47:10] [5分钟] 2115/5205: 600396.SH OK
[22:47:10] [5分钟] 第 2116/5205 只: 601179.SH
[22:47:10] [5分钟] 2116/5205: 601179.SH OK
[22:47:10] [5分钟] 第 2117/5205 只: 600765.SH
[22:47:10] [5分钟] 2117/5205: 600765.SH OK
[22:47:10] [5分钟] 第 2118/5205 只: 603958.SH
[22:47:10] [5分钟] 2118/5205: 603958.SH OK
[22:47:10] [5分钟] 第 2119/5205 只: 600711.SH
[22:47:10] [5分钟] 2119/5205: 600711.SH OK
[22:47:10] [5分钟] 第 2120/5205 只: 688382.SH
[22:47:10] [5分钟] 2120/5205: 688382.SH OK
[22:47:10] [5分钟] 第 2121/5205 只: 688799.SH
[22:47:10] [5分钟] 2121/5205: 688799.SH OK
[22:47:10] [5分钟] 第 2122/5205 只: 603086.SH
[22:47:10] [5分钟] 2122/5205: 603086.SH OK
[22:47:10] [5分钟] 第 2123/5205 只: 600287.SH
[22:47:10] [5分钟] 2123/5205: 600287.SH OK
[22:47:10] [5分钟] 第 2124/5205 只: 688660.SH
[22:47:10] [5分钟] 2124/5205: 688660.SH OK
[22:47:10] [5分钟] 第 2125/5205 只: 601068.SH
[22:47:10] [5分钟] 2125/5205: 601068.SH OK
[22:47:10] [5分钟] 第 2126/5205 只: 600674.SH
[22:47:10] [5分钟] 2126/5205: 600674.SH OK
[22:47:10] [5分钟] 第 2127/5205 只: 603197.SH
[22:47:10] [5分钟] 2127/5205: 603197.SH OK
[22:47:10] [5分钟] 第 2128/5205 只: 600600.SH
[22:47:10] [5分钟] 2128/5205: 600600.SH OK
[22:47:10] [5分钟] 第 2129/5205 只: 688293.SH
[22:47:10] [5分钟] 2129/5205: 688293.SH OK
[22:47:10] [5分钟] 第 2130/5205 只: 600776.SH
[22:47:10] [5分钟] 2130/5205: 600776.SH OK
[22:47:10] [5分钟] 第 2131/5205 只: 600319.SH
[22:47:10] [5分钟] 2131/5205: 600319.SH OK
[22:47:10] [5分钟] 第 2132/5205 只: 600702.SH
[22:47:10] [5分钟] 2132/5205: 600702.SH OK
[22:47:10] [5分钟] 第 2133/5205 只: 601599.SH
[22:47:10] [5分钟] 2133/5205: 601599.SH OK
[22:47:10] [5分钟] 第 2134/5205 只: 688391.SH
[22:47:10] [5分钟] 2134/5205: 688391.SH OK
[22:47:10] [5分钟] 第 2135/5205 只: 603095.SH
[22:47:10] [5分钟] 2135/5205: 603095.SH OK
[22:47:10] [5分钟] 第 2136/5205 只: 601828.SH
[22:47:10] [5分钟] 2136/5205: 601828.SH OK
[22:47:10] [5分钟] 第 2137/5205 只: 688716.SH
[22:47:10] [5分钟] 2137/5205: 688716.SH OK
[22:47:10] [5分钟] 第 2138/5205 只: 603009.SH
[22:47:10] [5分钟] 2138/5205: 603009.SH OK
[22:47:10] [5分钟] 第 2139/5205 只: 688379.SH
[22:47:10] [5分钟] 2139/5205: 688379.SH OK
[22:47:10] [5分钟] 第 2140/5205 只: 603466.SH
[22:47:10] [5分钟] 2140/5205: 603466.SH OK
[22:47:10] [5分钟] 第 2141/5205 只: 600506.SH
[22:47:10] [5分钟] 2141/5205: 600506.SH OK
[22:47:10] [5分钟] 第 2142/5205 只: 688195.SH
[22:47:10] [5分钟] 2142/5205: 688195.SH OK
[22:47:10] [5分钟] 第 2143/5205 只: 603291.SH
[22:47:10] [5分钟] 2143/5205: 603291.SH OK
[22:47:10] [5分钟] 第 2144/5205 只: 600572.SH
[22:47:10] [5分钟] 2144/5205: 600572.SH OK
[22:47:10] [5分钟] 第 2145/5205 只: 600169.SH
[22:47:10] [5分钟] 2145/5205: 600169.SH OK
[22:47:10] [5分钟] 第 2146/5205 只: 688566.SH
[22:47:10] [5分钟] 2146/5205: 688566.SH OK
[22:47:10] [5分钟] 第 2147/5205 只: 603279.SH
[22:47:10] [5分钟] 2147/5205: 603279.SH OK
[22:47:10] [5分钟] 第 2148/5205 只: 603662.SH
[22:47:10] [5分钟] 2148/5205: 603662.SH OK
[22:47:10] [5分钟] 第 2149/5205 只: 688109.SH
[22:47:10] [5分钟] 2149/5205: 688109.SH OK
[22:47:10] [5分钟] 第 2150/5205 只: 688512.SH
[22:47:10] [5分钟] 2150/5205: 688512.SH OK
[22:47:10] [5分钟 2150/5205] 成功2150，失败0，当前 688512.SH
[22:47:10] [5分钟] 第 2151/5205 只: 603616.SH
[22:47:10] [5分钟] 2151/5205: 603616.SH OK
[22:47:10] [5分钟] 第 2152/5205 只: 601677.SH
[22:47:10] [5分钟] 2152/5205: 601677.SH OK
[22:47:10] [5分钟] 第 2153/5205 只: 600929.SH
[22:47:10] [5分钟] 2153/5205: 600929.SH OK
[22:47:10] [5分钟] 第 2154/5205 只: 688410.SH
[22:47:10] [5分钟] 2154/5205: 688410.SH OK
[22:47:10] [5分钟] 第 2155/5205 只: 601218.SH
[22:47:10] [5分钟] 2155/5205: 601218.SH OK
[22:47:10] [5分钟] 第 2156/5205 只: 600498.SH
[22:47:10] [5分钟] 2156/5205: 600498.SH OK
[22:47:10] [5分钟] 第 2157/5205 只: 603788.SH
[22:47:10] [5分钟] 2157/5205: 603788.SH OK
[22:47:10] [5分钟] 第 2158/5205 只: 603393.SH
[22:47:10] [5分钟] 2158/5205: 603393.SH OK
[22:47:10] [5分钟] 第 2159/5205 只: 688097.SH
[22:47:10] [5分钟] 2159/5205: 688097.SH OK
[22:47:10] [5分钟] 第 2160/5205 只: 600470.SH
[22:47:10] [5分钟] 2160/5205: 600470.SH OK
[22:47:10] [5分钟] 第 2161/5205 只: 601901.SH
[22:47:10] [5分钟] 2161/5205: 601901.SH OK
[22:47:10] [5分钟] 第 2162/5205 只: 600230.SH
[22:47:10] [5分钟] 2162/5205: 600230.SH OK
[22:47:10] [5分钟] 第 2163/5205 只: 603816.SH
[22:47:10] [5分钟] 2163/5205: 603816.SH OK
[22:47:10] [5分钟] 第 2164/5205 只: 601975.SH
[22:47:10] [5分钟] 2164/5205: 601975.SH OK
[22:47:10] [5分钟] 第 2165/5205 只: 603120.SH
[22:47:10] [5分钟] 2165/5205: 603120.SH OK
[22:47:10] [5分钟] 第 2166/5205 只: 688352.SH
[22:47:10] [5分钟] 2166/5205: 688352.SH OK
[22:47:10] [5分钟] 第 2167/5205 只: 603988.SH
[22:47:10] [5分钟] 2167/5205: 603988.SH OK
[22:47:10] [5分钟] 第 2168/5205 只: 688326.SH
[22:47:10] [5分钟] 2168/5205: 688326.SH OK
[22:47:10] [5分钟] 第 2169/5205 只: 603022.SH
[22:47:10] [5分钟] 2169/5205: 603022.SH OK
[22:47:10] [5分钟] 第 2170/5205 只: 603439.SH
[22:47:10] [5分钟] 2170/5205: 603439.SH OK
[22:47:10] [5分钟] 第 2171/5205 只: 600729.SH
[22:47:10] [5分钟] 2171/5205: 600729.SH OK
[22:47:10] [5分钟] 第 2172/5205 只: 600332.SH
[22:47:10] [5分钟] 2172/5205: 600332.SH OK
[22:47:10] [5分钟] 第 2173/5205 只: 600346.SH
[22:47:10] [5分钟] 2173/5205: 600346.SH OK
[22:47:10] [5分钟] 第 2174/5205 只: 603960.SH
[22:47:10] [5分钟] 2174/5205: 603960.SH OK
[22:47:10] [5分钟] 第 2175/5205 只: 601877.SH
[22:47:10] [5分钟] 2175/5205: 601877.SH OK
[22:47:10] [5分钟] 第 2176/5205 只: 688539.SH
[22:47:10] [5分钟] 2176/5205: 688539.SH OK
[22:47:10] [5分钟] 第 2177/5205 只: 688122.SH
[22:47:10] [5分钟] 2177/5205: 688122.SH OK
[22:47:10] [5分钟] 第 2178/5205 只: 600800.SH
[22:47:10] [5分钟] 2178/5205: 600800.SH OK
[22:47:10] [5分钟] 第 2179/5205 只: 603226.SH
[22:47:10] [5分钟] 2179/5205: 603226.SH OK
[22:47:10] [5分钟] 第 2180/5205 只: 688156.SH
[22:47:10] [5分钟] 2180/5205: 688156.SH OK
[22:47:10] [5分钟] 第 2181/5205 只: 600874.SH
[22:47:10] [5分钟] 2181/5205: 600874.SH OK
[22:47:10] [5分钟] 第 2182/5205 只: 600559.SH
[22:47:10] [5分钟] 2182/5205: 600559.SH OK
[22:47:10] [5分钟] 第 2183/5205 只: 605183.SH
[22:47:10] [5分钟] 2183/5205: 605183.SH OK
[22:47:10] [5分钟] 第 2184/5205 只: 605598.SH
[22:47:10] [5分钟] 2184/5205: 605598.SH OK
[22:47:10] [5分钟] 第 2185/5205 只: 600136.SH
[22:47:10] [5分钟] 2185/5205: 600136.SH OK
[22:47:10] [5分钟] 第 2186/5205 只: 605069.SH
[22:47:10] [5分钟] 2186/5205: 605069.SH OK
[22:47:10] [5分钟] 第 2187/5205 只: 603324.SH
[22:47:10] [5分钟] 2187/5205: 603324.SH OK
[22:47:10] [5分钟] 第 2188/5205 只: 601233.SH
[22:47:10] [5分钟] 2188/5205: 601233.SH OK
[22:47:10] [5分钟] 第 2189/5205 只: 688020.SH
[22:47:10] [5分钟] 2189/5205: 688020.SH OK
[22:47:10] [5分钟] 第 2190/5205 只: 601628.SH
[22:47:10] [5分钟] 2190/5205: 601628.SH OK
[22:47:10] [5分钟] 第 2191/5205 只: 600976.SH
[22:47:10] [5分钟] 2191/5205: 600976.SH OK
[22:47:10] [5分钟] 第 2192/5205 只: 603350.SH
[22:47:10] [5分钟] 2192/5205: 603350.SH OK
[22:47:10] [5分钟] 第 2193/5205 只: 600151.SH
[22:47:10] [5分钟] 2193/5205: 600151.SH OK
[22:47:10] [5分钟] 第 2194/5205 只: 600125.SH
[22:47:10] [5分钟] 2194/5205: 600125.SH OK
[22:47:10] [5分钟] 第 2195/5205 只: 688807.SH
[22:47:10] [5分钟] 2195/5205: 688807.SH OK
[22:47:10] [5分钟] 第 2196/5205 只: 688131.SH
[22:47:10] [5分钟] 2196/5205: 688131.SH OK
[22:47:10] [5分钟] 第 2197/5205 只: 605178.SH
[22:47:10] [5分钟] 2197/5205: 605178.SH OK
[22:47:10] [5分钟] 第 2198/5205 只: 603235.SH
[22:47:10] [5分钟] 2198/5205: 603235.SH OK
[22:47:10] [5分钟] 第 2199/5205 只: 600867.SH
[22:47:10] [5分钟] 2199/5205: 600867.SH OK
[22:47:10] [5分钟] 第 2200/5205 只: 603337.SH
[22:47:10] [5分钟] 2200/5205: 603337.SH OK
[22:47:10] [5分钟 2200/5205] 成功2200，失败0，当前 603337.SH
[22:47:10] [5分钟] 第 2201/5205 只: 688428.SH
[22:47:10] [5分钟] 2201/5205: 688428.SH OK
[22:47:10] [5分钟] 第 2202/5205 只: 688033.SH
[22:47:10] [5分钟] 2202/5205: 688033.SH OK
[22:47:10] [5分钟] 第 2203/5205 只: 600965.SH
[22:47:10] [5分钟] 2203/5205: 600965.SH OK
[22:47:10] [5分钟] 第 2204/5205 只: 603758.SH
[22:47:10] [5分钟] 2204/5205: 603758.SH OK
[22:47:10] [5分钟] 第 2205/5205 只: 688047.SH
[22:47:10] [5分钟] 2205/5205: 688047.SH OK
[22:47:10] [5分钟] 第 2206/5205 只: 600053.SH
[22:47:10] [5分钟] 2206/5205: 600053.SH OK
[22:47:10] [5分钟] 第 2207/5205 只: 600448.SH
[22:47:10] [5分钟] 2207/5205: 600448.SH OK
[22:47:10] [5分钟] 第 2208/5205 只: 600027.SH
[22:47:10] [5分钟] 2208/5205: 600027.SH OK
[22:47:10] [5分钟] 第 2209/5205 只: 688658.SH
[22:47:10] [5分钟] 2209/5205: 688658.SH OK
[22:47:10] [5分钟] 第 2210/5205 只: 603528.SH
[22:47:10] [5分钟] 2210/5205: 603528.SH OK
[22:47:10] [5分钟] 第 2211/5205 只: 603899.SH
[22:47:10] [5分钟] 2211/5205: 603899.SH OK
[22:47:10] [5分钟] 第 2212/5205 只: 688237.SH
[22:47:10] [5分钟] 2212/5205: 688237.SH OK
[22:47:10] [5分钟] 第 2213/5205 只: 600638.SH
[22:47:10] [5分钟] 2213/5205: 600638.SH OK
[22:47:10] [5分钟] 第 2214/5205 只: 600223.SH
[22:47:10] [5分钟] 2214/5205: 600223.SH OK
[22:47:10] [5分钟] 第 2215/5205 只: 601966.SH
[22:47:10] [5分钟] 2215/5205: 601966.SH OK
[22:47:10] [5分钟] 第 2216/5205 只: 605296.SH
[22:47:10] [5分钟] 2216/5205: 605296.SH OK
[22:47:10] [5分钟] 第 2217/5205 只: 600257.SH
[22:47:10] [5分钟] 2217/5205: 600257.SH OK
[22:47:10] [5分钟] 第 2218/5205 只: 603871.SH
[22:47:10] [5分钟] 2218/5205: 603871.SH OK
[22:47:10] [5分钟] 第 2219/5205 只: 603045.SH
[22:47:10] [5分钟] 2219/5205: 603045.SH OK
[22:47:10] [5分钟] 第 2220/5205 只: 601126.SH
[22:47:10] [5分钟] 2220/5205: 601126.SH OK
[22:47:10] [5分钟] 第 2221/5205 只: 688335.SH
[22:47:10] [5分钟] 2221/5205: 688335.SH OK
[22:47:10] [5分钟] 第 2222/5205 只: 603031.SH
[22:47:10] [5分钟] 2222/5205: 603031.SH OK
[22:47:10] [5分钟] 第 2223/5205 只: 603311.SH
[22:47:10] [5分钟] 2223/5205: 603311.SH OK
[22:47:10] [5分钟] 第 2224/5205 只: 688015.SH
[22:47:10] [5分钟] 2224/5205: 688015.SH OK
[22:47:10] [5分钟] 第 2225/5205 只: 600486.SH
[22:47:10] [5分钟] 2225/5205: 600486.SH OK
[22:47:10] [5分钟] 第 2226/5205 只: 605028.SH
[22:47:10] [5分钟] 2226/5205: 605028.SH OK
[22:47:10] [5分钟] 第 2227/5205 只: 603365.SH
[22:47:10] [5分钟] 2227/5205: 603365.SH OK
[22:47:10] [5分钟] 第 2228/5205 只: 601669.SH
[22:47:10] [5分钟] 2228/5205: 601669.SH OK
[22:47:10] [5分钟] 第 2229/5205 只: 688061.SH
[22:47:10] [5分钟] 2229/5205: 688061.SH OK
[22:47:10] [5分钟] 第 2230/5205 只: 600075.SH
[22:47:10] [5分钟] 2230/5205: 600075.SH OK
[22:47:10] [5分钟] 第 2231/5205 只: 688089.SH
[22:47:10] [5分钟] 2231/5205: 688089.SH OK
[22:47:10] [5分钟] 第 2232/5205 只: 600177.SH
[22:47:10] [5分钟] 2232/5205: 600177.SH OK
[22:47:10] [5分钟] 第 2233/5205 只: 600518.SH
[22:47:10] [5分钟] 2233/5205: 600518.SH OK
[22:47:10] [5分钟] 第 2234/5205 只: 600103.SH
[22:47:10] [5分钟] 2234/5205: 600103.SH OK
[22:47:10] [5分钟] 第 2235/5205 只: 688590.SH
[22:47:10] [5分钟] 2235/5205: 688590.SH OK
[22:47:10] [5分钟] 第 2236/5205 只: 601398.SH
[22:47:10] [5分钟] 2236/5205: 601398.SH OK
[22:47:10] [5分钟] 第 2237/5205 只: 688117.SH
[22:47:10] [5分钟] 2237/5205: 688117.SH OK
[22:47:10] [5分钟] 第 2238/5205 只: 600584.SH
[22:47:10] [5分钟] 2238/5205: 600584.SH OK
[22:47:10] [5分钟] 第 2239/5205 只: 600835.SH
[22:47:10] [5分钟] 2239/5205: 600835.SH OK
[22:47:10] [5分钟] 第 2240/5205 只: 603213.SH
[22:47:10] [5分钟] 2240/5205: 603213.SH OK
[22:47:10] [5分钟] 第 2241/5205 只: 603608.SH
[22:47:10] [5分钟] 2241/5205: 603608.SH OK
[22:47:10] [5分钟] 第 2242/5205 只: 688163.SH
[22:47:10] [5分钟] 2242/5205: 688163.SH OK
[22:47:10] [5分钟] 第 2243/5205 只: 688578.SH
[22:47:10] [5分钟] 2243/5205: 688578.SH OK
[22:47:10] [5分钟] 第 2244/5205 只: 600841.SH
[22:47:10] [5分钟] 2244/5205: 600841.SH OK
[22:47:10] [5分钟] 第 2245/5205 只: 603267.SH
[22:47:10] [5分钟] 2245/5205: 603267.SH OK
[22:47:10] [5分钟] 第 2246/5205 只: 600307.SH
[22:47:10] [5分钟] 2246/5205: 600307.SH OK
[22:47:10] [5分钟] 第 2247/5205 只: 600373.SH
[22:47:10] [5分钟] 2247/5205: 600373.SH OK
[22:47:10] [5分钟] 第 2248/5205 只: 600768.SH
[22:47:10] [5分钟] 2248/5205: 600768.SH OK
[22:47:10] [5分钟] 第 2249/5205 只: 603955.SH
[22:47:10] [5分钟] 2249/5205: 603955.SH OK
[22:47:10] [5分钟] 第 2250/5205 只: 688367.SH
[22:47:10] [5分钟] 2250/5205: 688367.SH OK
[22:47:10] [5分钟 2250/5205] 成功2250，失败0，当前 688367.SH
[22:47:10] [5分钟] 第 2251/5205 只: 603063.SH
[22:47:10] [5分钟] 2251/5205: 603063.SH OK
[22:47:10] [5分钟] 第 2252/5205 只: 601100.SH
[22:47:10] [5分钟] 2252/5205: 601100.SH OK
[22:47:10] [5分钟] 第 2253/5205 只: 688708.SH
[22:47:10] [5分钟] 2253/5205: 688708.SH OK
[22:47:10] [5分钟] 第 2254/5205 只: 688313.SH
[22:47:10] [5分钟] 2254/5205: 688313.SH OK
[22:47:10] [5分钟] 第 2255/5205 只: 600780.SH
[22:47:10] [5分钟] 2255/5205: 600780.SH OK
[22:47:10] [5分钟] 第 2256/5205 只: 603017.SH
[22:47:10] [5分钟] 2256/5205: 603017.SH OK
[22:47:10] [5分钟] 第 2257/5205 只: 603161.SH
[22:47:10] [5分钟] 2257/5205: 603161.SH OK
[22:47:10] [5分钟] 第 2258/5205 只: 688265.SH
[22:47:10] [5分钟] 2258/5205: 688265.SH OK
[22:47:10] [5分钟] 第 2259/5205 只: 605258.SH
[22:47:10] [5分钟] 2259/5205: 605258.SH OK
[22:47:10] [5分钟] 第 2260/5205 只: 603115.SH
[22:47:10] [5分钟] 2260/5205: 603115.SH OK
[22:47:10] [5分钟] 第 2261/5205 只: 601002.SH
[22:47:10] [5分钟] 2261/5205: 601002.SH OK
[22:47:10] [5分钟] 第 2262/5205 只: 688211.SH
[22:47:10] [5分钟] 2262/5205: 688211.SH OK
[22:47:10] [5分钟] 第 2263/5205 只: 600682.SH
[22:47:10] [5分钟] 2263/5205: 600682.SH OK
[22:47:10] [5分钟] 第 2264/5205 只: 600299.SH
[22:47:10] [5分钟] 2264/5205: 600299.SH OK
[22:47:10] [5分钟] 第 2265/5205 只: 603189.SH
[22:47:10] [5分钟] 2265/5205: 603189.SH OK
[22:47:10] [5分钟] 第 2266/5205 只: 603823.SH
[22:47:10] [5分钟] 2266/5205: 603823.SH OK
[22:47:10] [5分钟] 第 2267/5205 只: 688696.SH
[22:47:10] [5分钟] 2267/5205: 688696.SH OK
[22:47:10] [5分钟] 第 2268/5205 只: 600271.SH
[22:47:10] [5分钟] 2268/5205: 600271.SH OK
[22:47:10] [5分钟] 第 2269/5205 只: 603070.SH
[22:47:10] [5分钟] 2269/5205: 603070.SH OK
[22:47:10] [5分钟] 第 2270/5205 只: 601113.SH
[22:47:10] [5分钟] 2270/5205: 601113.SH OK
[22:47:10] [5分钟] 第 2271/5205 只: 688300.SH
[22:47:10] [5分钟] 2271/5205: 688300.SH OK
[22:47:10] [5分钟] 第 2272/5205 只: 600793.SH
[22:47:10] [5分钟] 2272/5205: 600793.SH OK
[22:47:10] [5分钟] 第 2273/5205 只: 600388.SH
[22:47:10] [5分钟] 2273/5205: 600388.SH OK
[22:47:10] [5分钟] 第 2274/5205 只: 603004.SH
[22:47:10] [5分钟] 2274/5205: 603004.SH OK
[22:47:10] [5分钟] 第 2275/5205 只: 688787.SH
[22:47:10] [5分钟] 2275/5205: 688787.SH OK
[22:47:10] [5分钟] 第 2276/5205 只: 603098.SH
[22:47:10] [5分钟] 2276/5205: 603098.SH OK
[22:47:10] [5分钟] 第 2277/5205 只: 601825.SH
[22:47:10] [5分钟] 2277/5205: 601825.SH OK
[22:47:10] [5分钟] 第 2278/5205 只: 600360.SH
[22:47:10] [5分钟] 2278/5205: 600360.SH OK
[22:47:10] [5分钟] 第 2279/5205 只: 600216.SH
[22:47:10] [5分钟] 2279/5205: 600216.SH OK
[22:47:10] [5分钟] 第 2280/5205 只: 688685.SH
[22:47:10] [5分钟] 2280/5205: 688685.SH OK
[22:47:10] [5分钟] 第 2281/5205 只: 600262.SH
[22:47:10] [5分钟] 2281/5205: 600262.SH OK
[22:47:10] [5分钟] 第 2282/5205 只: 600679.SH
[22:47:10] [5分钟] 2282/5205: 600679.SH OK
[22:47:10] [5分钟] 第 2283/5205 只: 603569.SH
[22:47:10] [5分钟] 2283/5205: 603569.SH OK
[22:47:10] [5分钟] 第 2284/5205 只: 603172.SH
[22:47:10] [5分钟] 2284/5205: 603172.SH OK
[22:47:10] [5分钟] 第 2285/5205 只: 688276.SH
[22:47:10] [5分钟] 2285/5205: 688276.SH OK
[22:47:10] [5分钟] 第 2286/5205 只: 601065.SH
[22:47:10] [5分钟] 2286/5205: 601065.SH OK
[22:47:10] [5分钟] 第 2287/5205 只: 603106.SH
[22:47:10] [5分钟] 2287/5205: 603106.SH OK
[22:47:10] [5分钟] 第 2288/5205 只: 601011.SH
[22:47:10] [5分钟] 2288/5205: 601011.SH OK
[22:47:10] [5分钟] 第 2289/5205 只: 688619.SH
[22:47:10] [5分钟] 2289/5205: 688619.SH OK
[22:47:10] [5分钟] 第 2290/5205 只: 688202.SH
[22:47:10] [5分钟] 2290/5205: 688202.SH OK
[22:47:10] [5分钟] 第 2291/5205 只: 600691.SH
[22:47:10] [5分钟] 2291/5205: 600691.SH OK
[22:47:10] [5分钟] 第 2292/5205 只: 600066.SH
[22:47:10] [5分钟] 2292/5205: 600066.SH OK
[22:47:10] [5分钟] 第 2293/5205 只: 600409.SH
[22:47:10] [5分钟] 2293/5205: 600409.SH OK
[22:47:10] [5分钟] 第 2294/5205 只: 600012.SH
[22:47:10] [5分钟] 2294/5205: 600012.SH OK
[22:47:10] [5分钟] 第 2295/5205 只: 603719.SH
[22:47:10] [5分钟] 2295/5205: 603719.SH OK
[22:47:10] [5分钟] 第 2296/5205 只: 688006.SH
[22:47:10] [5分钟] 2296/5205: 688006.SH OK
[22:47:10] [5分钟] 第 2297/5205 只: 600495.SH
[22:47:10] [5分钟] 2297/5205: 600495.SH OK
[22:47:10] [5分钟] 第 2298/5205 只: 603376.SH
[22:47:10] [5分钟] 2298/5205: 603376.SH OK
[22:47:10] [5分钟] 第 2299/5205 只: 688072.SH
[22:47:10] [5分钟] 2299/5205: 688072.SH OK
[22:47:10] [5分钟] 第 2300/5205 只: 688469.SH
[22:47:10] [5分钟] 2300/5205: 688469.SH OK
[22:47:10] [5分钟 2300/5205] 成功2300，失败0，当前 688469.SH
[22:47:10] [5分钟] 第 2301/5205 只: 600597.SH
[22:47:10] [5分钟] 2301/5205: 600597.SH OK
[22:47:10] [5分钟] 第 2302/5205 只: 600826.SH
[22:47:10] [5分钟] 2302/5205: 600826.SH OK
[22:47:10] [5分钟] 第 2303/5205 只: 603200.SH
[22:47:10] [5分钟] 2303/5205: 603200.SH OK
[22:47:10] [5分钟] 第 2304/5205 只: 601778.SH
[22:47:10] [5分钟] 2304/5205: 601778.SH OK
[22:47:10] [5分钟] 第 2305/5205 只: 688170.SH
[22:47:10] [5分钟] 2305/5205: 688170.SH OK
[22:47:10] [5分钟] 第 2306/5205 只: 600110.SH
[22:47:10] [5分钟] 2306/5205: 600110.SH OK
[22:47:10] [5分钟] 第 2307/5205 只: 688583.SH
[22:47:10] [5分钟] 2307/5205: 688583.SH OK
[22:47:10] [5分钟] 第 2308/5205 只: 688198.SH
[22:47:10] [5分钟] 2308/5205: 688198.SH OK
[22:47:10] [5分钟] 第 2309/5205 只: 603687.SH
[22:47:10] [5分钟] 2309/5205: 603687.SH OK
[22:47:10] [5分钟] 第 2310/5205 只: 002107.SZ
[22:47:10] [5分钟] 2310/5205: 002107.SZ OK
[22:47:10] [5分钟] 第 2311/5205 只: 000010.SZ
[22:47:10] [5分钟] 2311/5205: 000010.SZ OK
[22:47:10] [5分钟] 第 2312/5205 只: 002568.SZ
[22:47:10] [5分钟] 2312/5205: 002568.SZ OK
[22:47:10] [5分钟] 第 2313/5205 只: 002173.SZ
[22:47:10] [5分钟] 2313/5205: 002173.SZ OK
[22:47:10] [5分钟] 第 2314/5205 只: 000952.SZ
[22:47:10] [5分钟] 2314/5205: 000952.SZ OK
[22:47:10] [5分钟] 第 2315/5205 只: 301558.SZ
[22:47:10] [5分钟] 2315/5205: 301558.SZ OK
[22:47:10] [5分钟] 第 2316/5205 只: 002845.SZ
[22:47:10] [5分钟] 2316/5205: 002845.SZ OK
[22:47:10] [5分钟] 第 2317/5205 只: 000926.SZ
[22:47:10] [5分钟] 2317/5205: 000926.SZ OK
[22:47:10] [5分钟] 第 2318/5205 只: 002580.SZ
[22:47:10] [5分钟] 2318/5205: 002580.SZ OK
[22:47:10] [5分钟] 第 2319/5205 只: 002831.SZ
[22:47:10] [5分钟] 2319/5205: 002831.SZ OK
[22:47:10] [5分钟] 第 2320/5205 只: 301137.SZ
[22:47:10] [5分钟] 2320/5205: 301137.SZ OK
[22:47:10] [5分钟] 第 2321/5205 只: 001217.SZ
[22:47:10] [5分钟] 2321/5205: 001217.SZ OK
[22:47:10] [5分钟] 第 2322/5205 只: 002947.SZ
[22:47:10] [5分钟] 2322/5205: 002947.SZ OK
[22:47:10] [5分钟] 第 2323/5205 只: 301041.SZ
[22:47:10] [5分钟] 2323/5205: 301041.SZ OK
[22:47:10] [5分钟] 第 2324/5205 只: 000850.SZ
[22:47:10] [5分钟] 2324/5205: 000850.SZ OK
[22:47:10] [5分钟] 第 2325/5205 只: 301035.SZ
[22:47:10] [5分钟] 2325/5205: 301035.SZ OK
[22:47:10] [5分钟] 第 2326/5205 只: 002933.SZ
[22:47:10] [5分钟] 2326/5205: 002933.SZ OK
[22:47:10] [5分钟] 第 2327/5205 只: 000595.SZ
[22:47:10] [5分钟] 2327/5205: 000595.SZ OK
[22:47:10] [5分钟] 第 2328/5205 只: 002099.SZ
[22:47:10] [5分钟] 2328/5205: 002099.SZ OK
[22:47:10] [5分钟] 第 2329/5205 只: 002482.SZ
[22:47:10] [5分钟] 2329/5205: 002482.SZ OK
[22:47:10] [5分钟] 第 2330/5205 只: 300629.SZ
[22:47:10] [5分钟] 2330/5205: 300629.SZ OK
[22:47:10] [5分钟] 第 2331/5205 只: 001389.SZ
[22:47:10] [5分钟] 2331/5205: 001389.SZ OK
[22:47:10] [5分钟] 第 2332/5205 只: 300232.SZ
[22:47:10] [5分钟] 2332/5205: 300232.SZ OK
[22:47:10] [5分钟] 第 2333/5205 只: 000509.SZ
[22:47:10] [5分钟] 2333/5205: 000509.SZ OK
[22:47:10] [5分钟] 第 2334/5205 只: 002005.SZ
[22:47:10] [5分钟] 2334/5205: 002005.SZ OK
[22:47:10] [5分钟] 第 2335/5205 只: 300246.SZ
[22:47:10] [5分钟] 2335/5205: 300246.SZ OK
[22:47:10] [5分钟] 第 2336/5205 只: 000166.SZ
[22:47:10] [5分钟] 2336/5205: 000166.SZ OK
[22:47:10] [5分钟] 第 2337/5205 只: 301231.SZ
[22:47:10] [5分钟] 2337/5205: 301231.SZ OK
[22:47:10] [5分钟] 第 2338/5205 只: 000791.SZ
[22:47:10] [5分钟] 2338/5205: 000791.SZ OK
[22:47:10] [5分钟] 第 2339/5205 只: 300900.SZ
[22:47:10] [5分钟] 2339/5205: 300900.SZ OK
[22:47:10] [5分钟] 第 2340/5205 只: 003006.SZ
[22:47:10] [5分钟] 2340/5205: 003006.SZ OK
[22:47:10] [5分钟] 第 2341/5205 只: 002686.SZ
[22:47:10] [5分钟] 2341/5205: 002686.SZ OK
[22:47:10] [5分钟] 第 2342/5205 只: 300042.SZ
[22:47:10] [5分钟] 2342/5205: 300042.SZ OK
[22:47:10] [5分钟] 第 2343/5205 只: 300459.SZ
[22:47:10] [5分钟] 2343/5205: 300459.SZ OK
[22:47:10] [5分钟] 第 2344/5205 只: 000779.SZ
[22:47:10] [5分钟] 2344/5205: 000779.SZ OK
[22:47:10] [5分钟] 第 2345/5205 只: 002275.SZ
[22:47:10] [5分钟] 2345/5205: 002275.SZ OK
[22:47:10] [5分钟] 第 2346/5205 只: 300036.SZ
[22:47:10] [5分钟] 2346/5205: 300036.SZ OK
[22:47:10] [5分钟] 第 2347/5205 只: 002201.SZ
[22:47:10] [5分钟] 2347/5205: 002201.SZ OK
[22:47:10] [5分钟] 第 2348/5205 只: 002377.SZ
[22:47:10] [5分钟] 2348/5205: 002377.SZ OK
[22:47:10] [5分钟] 第 2349/5205 只: 300140.SZ
[22:47:10] [5分钟] 2349/5205: 300140.SZ OK
[22:47:10] [5分钟] 第 2350/5205 只: 002303.SZ
[22:47:10] [5分钟] 2350/5205: 002303.SZ OK
[22:47:10] [5分钟 2350/5205] 成功2350，失败0，当前 002303.SZ
[22:47:10] [5分钟] 第 2351/5205 只: 002718.SZ
[22:47:10] [5分钟] 2351/5205: 002718.SZ OK
[22:47:10] [5分钟] 第 2352/5205 只: 300134.SZ
[22:47:10] [5分钟] 2352/5205: 300134.SZ OK
[22:47:10] [5分钟] 第 2353/5205 只: 300802.SZ
[22:47:10] [5分钟] 2353/5205: 300802.SZ OK
[22:47:10] [5分钟] 第 2354/5205 只: 301333.SZ
[22:47:10] [5分钟] 2354/5205: 301333.SZ OK
[22:47:10] [5分钟] 第 2355/5205 只: 300876.SZ
[22:47:10] [5分钟] 2355/5205: 300876.SZ OK
[22:47:10] [5分钟] 第 2356/5205 只: 300051.SZ
[22:47:10] [5分钟] 2356/5205: 300051.SZ OK
[22:47:10] [5分钟] 第 2357/5205 只: 002266.SZ
[22:47:10] [5分钟] 2357/5205: 002266.SZ OK
[22:47:10] [5分钟] 第 2358/5205 只: 300025.SZ
[22:47:10] [5分钟] 2358/5205: 300025.SZ OK
[22:47:10] [5分钟] 第 2359/5205 只: 002212.SZ
[22:47:10] [5分钟] 2359/5205: 002212.SZ OK
[22:47:10] [5分钟] 第 2360/5205 只: 002609.SZ
[22:47:10] [5分钟] 2360/5205: 002609.SZ OK
[22:47:10] [5分钟] 第 2361/5205 只: 302132.SZ
[22:47:10] [5分钟] 2361/5205: 302132.SZ OK
[22:47:10] [5分钟] 第 2362/5205 只: 301222.SZ
[22:47:10] [5分钟] 2362/5205: 301222.SZ OK
[22:47:10] [5分钟] 第 2363/5205 只: 000782.SZ
[22:47:10] [5分钟] 2363/5205: 000782.SZ OK
[22:47:10] [5分钟] 第 2364/5205 只: 300913.SZ
[22:47:10] [5分钟] 2364/5205: 300913.SZ OK
[22:47:10] [5分钟] 第 2365/5205 只: 003015.SZ
[22:47:10] [5分钟] 2365/5205: 003015.SZ OK
[22:47:10] [5分钟] 第 2366/5205 只: 002695.SZ
[22:47:10] [5分钟] 2366/5205: 002695.SZ OK
[22:47:10] [5分钟] 第 2367/5205 只: 301256.SZ
[22:47:10] [5分钟] 2367/5205: 301256.SZ OK
[22:47:10] [5分钟] 第 2368/5205 只: 300967.SZ
[22:47:10] [5分钟] 2368/5205: 300967.SZ OK
[22:47:10] [5分钟] 第 2369/5205 只: 300811.SZ
[22:47:10] [5分钟] 2369/5205: 300811.SZ OK
[22:47:10] [5分钟] 第 2370/5205 只: 002797.SZ
[22:47:10] [5分钟] 2370/5205: 002797.SZ OK
[22:47:10] [5分钟] 第 2371/5205 只: 301320.SZ
[22:47:10] [5分钟] 2371/5205: 301320.SZ OK
[22:47:10] [5分钟] 第 2372/5205 只: 000680.SZ
[22:47:10] [5分钟] 2372/5205: 000680.SZ OK
[22:47:10] [5分钟] 第 2373/5205 只: 300865.SZ
[22:47:10] [5分钟] 2373/5205: 300865.SZ OK
[22:47:10] [5分钟] 第 2374/5205 只: 002364.SZ
[22:47:10] [5分钟] 2374/5205: 002364.SZ OK
[22:47:10] [5分钟] 第 2375/5205 只: 300153.SZ
[22:47:10] [5分钟] 2375/5205: 300153.SZ OK
[22:47:10] [5分钟] 第 2376/5205 只: 300548.SZ
[22:47:10] [5分钟] 2376/5205: 300548.SZ OK
[22:47:10] [5分钟] 第 2377/5205 只: 000668.SZ
[22:47:10] [5分钟] 2377/5205: 000668.SZ OK
[22:47:10] [5分钟] 第 2378/5205 只: 002310.SZ
[22:47:10] [5分钟] 2378/5205: 002310.SZ OK
[22:47:10] [5分钟] 第 2379/5205 只: 300127.SZ
[22:47:10] [5分钟] 2379/5205: 300127.SZ OK
[22:47:10] [5分钟] 第 2380/5205 只: 301150.SZ
[22:47:10] [5分钟] 2380/5205: 301150.SZ OK
[22:47:10] [5分钟] 第 2381/5205 只: 002856.SZ
[22:47:10] [5分钟] 2381/5205: 002856.SZ OK
[22:47:10] [5分钟] 第 2382/5205 只: 001270.SZ
[22:47:10] [5分钟] 2382/5205: 001270.SZ OK
[22:47:10] [5分钟] 第 2383/5205 只: 000935.SZ
[22:47:10] [5分钟] 2383/5205: 000935.SZ OK
[22:47:10] [5分钟] 第 2384/5205 只: 002188.SZ
[22:47:10] [5分钟] 2384/5205: 002188.SZ OK
[22:47:10] [5分钟] 第 2385/5205 只: 002593.SZ
[22:47:10] [5分钟] 2385/5205: 002593.SZ OK
[22:47:10] [5分钟] 第 2386/5205 只: 002822.SZ
[22:47:10] [5分钟] 2386/5205: 002822.SZ OK
[22:47:10] [5分钟] 第 2387/5205 只: 002114.SZ
[22:47:10] [5分钟] 2387/5205: 002114.SZ OK
[22:47:10] [5分钟] 第 2388/5205 只: 300738.SZ
[22:47:10] [5分钟] 2388/5205: 300738.SZ OK
[22:47:10] [5分钟] 第 2389/5205 只: 001298.SZ
[22:47:10] [5分钟] 2389/5205: 001298.SZ OK
[22:47:10] [5分钟] 第 2390/5205 只: 300323.SZ
[22:47:10] [5分钟] 2390/5205: 300323.SZ OK
[22:47:10] [5分钟] 第 2391/5205 只: 002160.SZ
[22:47:10] [5分钟] 2391/5205: 002160.SZ OK
[22:47:10] [5分钟] 第 2392/5205 只: 300357.SZ
[22:47:10] [5分钟] 2392/5205: 300357.SZ OK
[22:47:10] [5分钟] 第 2393/5205 只: 300221.SZ
[22:47:10] [5分钟] 2393/5205: 300221.SZ OK
[22:47:10] [5分钟] 第 2394/5205 只: 002016.SZ
[22:47:10] [5分钟] 2394/5205: 002016.SZ OK
[22:47:10] [5分钟] 第 2395/5205 只: 300255.SZ
[22:47:10] [5分钟] 2395/5205: 300255.SZ OK
[22:47:10] [5分钟] 第 2396/5205 只: 002479.SZ
[22:47:10] [5分钟] 2396/5205: 002479.SZ OK
[22:47:10] [5分钟] 第 2397/5205 只: 002062.SZ
[22:47:10] [5分钟] 2397/5205: 002062.SZ OK
[22:47:10] [5分钟] 第 2398/5205 只: 301449.SZ
[22:47:10] [5分钟] 2398/5205: 301449.SZ OK
[22:47:10] [5分钟] 第 2399/5205 只: 301052.SZ
[22:47:10] [5分钟] 2399/5205: 301052.SZ OK
[22:47:10] [5分钟] 第 2400/5205 只: 301026.SZ
[22:47:10] [5分钟] 2400/5205: 301026.SZ OK
[22:47:10] [5分钟 2400/5205] 成功2400，失败0，当前 301026.SZ
[22:47:10] [5分钟] 第 2401/5205 只: 002920.SZ
[22:47:10] [5分钟] 2401/5205: 002920.SZ OK
[22:47:10] [5分钟] 第 2402/5205 只: 000586.SZ
[22:47:10] [5分钟] 2402/5205: 000586.SZ OK
[22:47:10] [5分钟] 第 2403/5205 只: 001306.SZ
[22:47:10] [5分钟] 2403/5205: 001306.SZ OK
[22:47:10] [5分钟] 第 2404/5205 只: 000837.SZ
[22:47:10] [5分钟] 2404/5205: 000837.SZ OK
[22:47:10] [5分钟] 第 2405/5205 只: 002491.SZ
[22:47:10] [5分钟] 2405/5205: 002491.SZ OK
[22:47:10] [5分钟] 第 2406/5205 只: 300837.SZ
[22:47:10] [5分钟] 2406/5205: 300837.SZ OK
[22:47:10] [5分钟] 第 2407/5205 只: 301306.SZ
[22:47:10] [5分钟] 2407/5205: 301306.SZ OK
[22:47:10] [5分钟] 第 2408/5205 只: 300586.SZ
[22:47:10] [5分钟] 2408/5205: 300586.SZ OK
[22:47:10] [5分钟] 第 2409/5205 只: 300843.SZ
[22:47:10] [5分钟] 2409/5205: 300843.SZ OK
[22:47:10] [5分钟] 第 2410/5205 只: 301372.SZ
[22:47:10] [5分钟] 2410/5205: 301372.SZ OK
[22:47:10] [5分钟] 第 2411/5205 只: 002759.SZ
[22:47:10] [5分钟] 2411/5205: 002759.SZ OK
[22:47:10] [5分钟] 第 2412/5205 只: 002342.SZ
[22:47:10] [5分钟] 2412/5205: 002342.SZ OK
[22:47:10] [5分钟] 第 2413/5205 只: 300175.SZ
[22:47:10] [5分钟] 2413/5205: 300175.SZ OK
[22:47:10] [5分钟] 第 2414/5205 只: 300101.SZ
[22:47:10] [5分钟] 2414/5205: 300101.SZ OK
[22:47:10] [5分钟] 第 2415/5205 只: 300077.SZ
[22:47:10] [5分钟] 2415/5205: 300077.SZ OK
[22:47:10] [5分钟] 第 2416/5205 只: 002240.SZ
[22:47:10] [5分钟] 2416/5205: 002240.SZ OK
[22:47:10] [5分钟] 第 2417/5205 只: 300418.SZ
[22:47:10] [5分钟] 2417/5205: 300418.SZ OK
[22:47:10] [5分钟] 第 2418/5205 只: 300003.SZ
[22:47:10] [5分钟] 2418/5205: 300003.SZ OK
[22:47:10] [5分钟] 第 2419/5205 只: 301298.SZ
[22:47:10] [5分钟] 2419/5205: 301298.SZ OK
[22:47:10] [5分钟] 第 2420/5205 只: 000738.SZ
[22:47:10] [5分钟] 2420/5205: 000738.SZ OK
[22:47:10] [5分钟] 第 2421/5205 只: 301683.SZ
[22:47:10] [5分钟] 2421/5205: 301683.SZ OK
[22:47:10] [5分钟] 第 2422/5205 只: 002234.SZ
[22:47:10] [5分钟] 2422/5205: 002234.SZ OK
[22:47:10] [5分钟] 第 2423/5205 只: 300484.SZ
[22:47:10] [5分钟] 2423/5205: 300484.SZ OK
[22:47:10] [5分钟] 第 2424/5205 只: 003033.SZ
[22:47:10] [5分钟] 2424/5205: 003033.SZ OK
[22:47:10] [5分钟] 第 2425/5205 只: 300935.SZ
[22:47:10] [5分钟] 2425/5205: 300935.SZ OK
[22:47:10] [5分钟] 第 2426/5205 只: 301270.SZ
[22:47:10] [5分钟] 2426/5205: 301270.SZ OK
[22:47:10] [5分钟] 第 2427/5205 只: 300941.SZ
[22:47:10] [5分钟] 2427/5205: 300941.SZ OK
[22:47:10] [5分钟] 第 2428/5205 只: 300207.SZ
[22:47:10] [5分钟] 2428/5205: 300207.SZ OK
[22:47:10] [5分钟] 第 2429/5205 只: 301487.SZ
[22:47:10] [5分钟] 2429/5205: 301487.SZ OK
[22:47:10] [5分钟] 第 2430/5205 只: 002030.SZ
[22:47:10] [5分钟] 2430/5205: 002030.SZ OK
[22:47:10] [5分钟] 第 2431/5205 只: 300668.SZ
[22:47:10] [5分钟] 2431/5205: 300668.SZ OK
[22:47:10] [5分钟] 第 2432/5205 只: 000548.SZ
[22:47:10] [5分钟] 2432/5205: 000548.SZ OK
[22:47:10] [5分钟] 第 2433/5205 只: 000153.SZ
[22:47:10] [5分钟] 2433/5205: 000153.SZ OK
[22:47:10] [5分钟] 第 2434/5205 只: 002044.SZ
[22:47:10] [5分钟] 2434/5205: 002044.SZ OK
[22:47:10] [5分钟] 第 2435/5205 只: 002972.SZ
[22:47:10] [5分钟] 2435/5205: 002972.SZ OK
[22:47:10] [5分钟] 第 2436/5205 只: 002906.SZ
[22:47:10] [5分钟] 2436/5205: 002906.SZ OK
[22:47:10] [5分钟] 第 2437/5205 只: 301000.SZ
[22:47:10] [5分钟] 2437/5205: 301000.SZ OK
[22:47:10] [5分钟] 第 2438/5205 只: 300680.SZ
[22:47:10] [5分钟] 2438/5205: 300680.SZ OK
[22:47:10] [5分钟] 第 2439/5205 只: 000811.SZ
[22:47:10] [5分钟] 2439/5205: 000811.SZ OK
[22:47:10] [5分钟] 第 2440/5205 只: 000967.SZ
[22:47:10] [5分钟] 2440/5205: 000967.SZ OK
[22:47:10] [5分钟] 第 2441/5205 只: 002870.SZ
[22:47:10] [5分钟] 2441/5205: 002870.SZ OK
[22:47:10] [5分钟] 第 2442/5205 只: 301176.SZ
[22:47:10] [5分钟] 2442/5205: 301176.SZ OK
[22:47:10] [5分钟] 第 2443/5205 只: 001256.SZ
[22:47:10] [5分钟] 2443/5205: 001256.SZ OK
[22:47:10] [5分钟] 第 2444/5205 只: 000913.SZ
[22:47:10] [5分钟] 2444/5205: 000913.SZ OK
[22:47:10] [5分钟] 第 2445/5205 只: 301102.SZ
[22:47:10] [5分钟] 2445/5205: 301102.SZ OK
[22:47:10] [5分钟] 第 2446/5205 只: 301519.SZ
[22:47:10] [5分钟] 2446/5205: 301519.SZ OK
[22:47:10] [5分钟] 第 2447/5205 只: 300782.SZ
[22:47:10] [5分钟] 2447/5205: 300782.SZ OK
[22:47:10] [5分钟] 第 2448/5205 只: 001222.SZ
[22:47:10] [5分钟] 2448/5205: 001222.SZ OK
[22:47:10] [5分钟] 第 2449/5205 只: 300399.SZ
[22:47:10] [5分钟] 2449/5205: 300399.SZ OK
[22:47:10] [5分钟] 第 2450/5205 只: 002132.SZ
[22:47:10] [5分钟] 2450/5205: 002132.SZ OK
[22:47:10] [5分钟 2450/5205] 成功2450，失败0，当前 002132.SZ
[22:47:10] [5分钟] 第 2451/5205 只: 002529.SZ
[22:47:10] [5分钟] 2451/5205: 002529.SZ OK
[22:47:10] [5分钟] 第 2452/5205 只: 300305.SZ
[22:47:10] [5分钟] 2452/5205: 300305.SZ OK
[22:47:10] [5分钟] 第 2453/5205 只: 002898.SZ
[22:47:10] [5分钟] 2453/5205: 002898.SZ OK
[22:47:10] [5分钟] 第 2454/5205 只: 000025.SZ
[22:47:10] [5分钟] 2454/5205: 000025.SZ OK
[22:47:10] [5分钟] 第 2455/5205 只: 301585.SZ
[22:47:10] [5分钟] 2455/5205: 301585.SZ OK
[22:47:10] [5分钟] 第 2456/5205 只: 002146.SZ
[22:47:10] [5分钟] 2456/5205: 002146.SZ OK
[22:47:10] [5分钟] 第 2457/5205 只: 300371.SZ
[22:47:10] [5分钟] 2457/5205: 300371.SZ OK
[22:47:10] [5分钟] 第 2458/5205 只: 301067.SZ
[22:47:10] [5分钟] 2458/5205: 301067.SZ OK
[22:47:10] [5分钟] 第 2459/5205 只: 002961.SZ
[22:47:10] [5分钟] 2459/5205: 002961.SZ OK
[22:47:10] [5分钟] 第 2460/5205 只: 000876.SZ
[22:47:10] [5分钟] 2460/5205: 000876.SZ OK
[22:47:10] [5分钟] 第 2461/5205 只: 002915.SZ
[22:47:10] [5分钟] 2461/5205: 002915.SZ OK
[22:47:10] [5分钟] 第 2462/5205 只: 301013.SZ
[22:47:10] [5分钟] 2462/5205: 301013.SZ OK
[22:47:10] [5分钟] 第 2463/5205 只: 301408.SZ
[22:47:10] [5分钟] 2463/5205: 301408.SZ OK
[22:47:10] [5分钟] 第 2464/5205 只: 300693.SZ
[22:47:10] [5分钟] 2464/5205: 300693.SZ OK
[22:47:10] [5分钟] 第 2465/5205 只: 001333.SZ
[22:47:10] [5分钟] 2465/5205: 001333.SZ OK
[22:47:10] [5分钟] 第 2466/5205 只: 300288.SZ
[22:47:10] [5分钟] 2466/5205: 300288.SZ OK
[22:47:10] [5分钟] 第 2467/5205 只: 000802.SZ
[22:47:10] [5分钟] 2467/5205: 000802.SZ OK
[22:47:10] [5分钟] 第 2468/5205 只: 300214.SZ
[22:47:10] [5分钟] 2468/5205: 300214.SZ OK
[22:47:10] [5分钟] 第 2469/5205 只: 002989.SZ
[22:47:10] [5分钟] 2469/5205: 002989.SZ OK
[22:47:10] [5分钟] 第 2470/5205 只: 002023.SZ
[22:47:10] [5分钟] 2470/5205: 002023.SZ OK
[22:47:10] [5分钟] 第 2471/5205 只: 002438.SZ
[22:47:10] [5分钟] 2471/5205: 002438.SZ OK
[22:47:10] [5分钟] 第 2472/5205 只: 300260.SZ
[22:47:10] [5分钟] 2472/5205: 300260.SZ OK
[22:47:10] [5分钟] 第 2473/5205 只: 002057.SZ
[22:47:10] [5分钟] 2473/5205: 002057.SZ OK
[22:47:10] [5分钟] 第 2474/5205 只: 002121.SZ
[22:47:10] [5分钟] 2474/5205: 002121.SZ OK
[22:47:10] [5分钟] 第 2475/5205 只: 300316.SZ
[22:47:10] [5分钟] 2475/5205: 300316.SZ OK
[22:47:10] [5分钟] 第 2476/5205 只: 000036.SZ
[22:47:10] [5分钟] 2476/5205: 000036.SZ OK
[22:47:10] [5分钟] 第 2477/5205 只: 301596.SZ
[22:47:10] [5分钟] 2477/5205: 301596.SZ OK
[22:47:10] [5分钟] 第 2478/5205 只: 002155.SZ
[22:47:10] [5分钟] 2478/5205: 002155.SZ OK
[22:47:10] [5分钟] 第 2479/5205 只: 300779.SZ
[22:47:10] [5分钟] 2479/5205: 300779.SZ OK
[22:47:10] [5分钟] 第 2480/5205 只: 000042.SZ
[22:47:10] [5分钟] 2480/5205: 000042.SZ OK
[22:47:10] [5分钟] 第 2481/5205 只: 002863.SZ
[22:47:10] [5分钟] 2481/5205: 002863.SZ OK
[22:47:10] [5分钟] 第 2482/5205 只: 301165.SZ
[22:47:10] [5分钟] 2482/5205: 301165.SZ OK
[22:47:10] [5分钟] 第 2483/5205 只: 000900.SZ
[22:47:10] [5分钟] 2483/5205: 000900.SZ OK
[22:47:10] [5分钟] 第 2484/5205 只: 301111.SZ
[22:47:10] [5分钟] 2484/5205: 301111.SZ OK
[22:47:10] [5分钟] 第 2485/5205 只: 002817.SZ
[22:47:10] [5分钟] 2485/5205: 002817.SZ OK
[22:47:10] [5分钟] 第 2486/5205 只: 300791.SZ
[22:47:10] [5分钟] 2486/5205: 300791.SZ OK
[22:47:10] [5分钟] 第 2487/5205 只: 001231.SZ
[22:47:10] [5分钟] 2487/5205: 001231.SZ OK
[22:47:10] [5分钟] 第 2488/5205 只: 002351.SZ
[22:47:10] [5分钟] 2488/5205: 002351.SZ OK
[22:47:10] [5分钟] 第 2489/5205 只: 300166.SZ
[22:47:10] [5分钟] 2489/5205: 300166.SZ OK
[22:47:10] [5分钟] 第 2490/5205 只: 300509.SZ
[22:47:10] [5分钟] 2490/5205: 300509.SZ OK
[22:47:10] [5分钟] 第 2491/5205 只: 300112.SZ
[22:47:10] [5分钟] 2491/5205: 300112.SZ OK
[22:47:10] [5分钟] 第 2492/5205 只: 301389.SZ
[22:47:10] [5分钟] 2492/5205: 301389.SZ OK
[22:47:10] [5分钟] 第 2493/5205 只: 000629.SZ
[22:47:10] [5分钟] 2493/5205: 000629.SZ OK
[22:47:10] [5分钟] 第 2494/5205 只: 300824.SZ
[22:47:10] [5分钟] 2494/5205: 300824.SZ OK
[22:47:10] [5分钟] 第 2495/5205 只: 301315.SZ
[22:47:10] [5分钟] 2495/5205: 301315.SZ OK
[22:47:10] [5分钟] 第 2496/5205 只: 300595.SZ
[22:47:10] [5分钟] 2496/5205: 300595.SZ OK
[22:47:10] [5分钟] 第 2497/5205 只: 300850.SZ
[22:47:10] [5分钟] 2497/5205: 300850.SZ OK
[22:47:10] [5分钟] 第 2498/5205 只: 301361.SZ
[22:47:10] [5分钟] 2498/5205: 301361.SZ OK
[22:47:10] [5分钟] 第 2499/5205 只: 301217.SZ
[22:47:10] [5分钟] 2499/5205: 301217.SZ OK
[22:47:10] [5分钟] 第 2500/5205 只: 300497.SZ
[22:47:10] [5分钟] 2500/5205: 300497.SZ OK
[22:47:10] [5分钟 2500/5205] 成功2500，失败0，当前 300497.SZ
[22:47:10] [5分钟] 第 2501/5205 只: 003020.SZ
[22:47:10] [5分钟] 2501/5205: 003020.SZ OK
[22:47:10] [5分钟] 第 2502/5205 只: 300926.SZ
[22:47:10] [5分钟] 2502/5205: 300926.SZ OK
[22:47:10] [5分钟] 第 2503/5205 只: 301678.SZ
[22:47:10] [5分钟] 2503/5205: 301678.SZ OK
[22:47:10] [5分钟] 第 2504/5205 只: 301263.SZ
[22:47:10] [5分钟] 2504/5205: 301263.SZ OK
[22:47:10] [5分钟] 第 2505/5205 只: 300952.SZ
[22:47:10] [5分钟] 2505/5205: 300952.SZ OK
[22:47:10] [5分钟] 第 2506/5205 只: 002648.SZ
[22:47:10] [5分钟] 2506/5205: 002648.SZ OK
[22:47:10] [5分钟] 第 2507/5205 只: 002253.SZ
[22:47:10] [5分钟] 2507/5205: 002253.SZ OK
[22:47:10] [5分钟] 第 2508/5205 只: 300010.SZ
[22:47:10] [5分钟] 2508/5205: 300010.SZ OK
[22:47:10] [5分钟] 第 2509/5205 只: 002227.SZ
[22:47:10] [5分钟] 2509/5205: 002227.SZ OK
[22:47:10] [5分钟] 第 2510/5205 只: 300650.SZ
[22:47:10] [5分钟] 2510/5205: 300650.SZ OK
[22:47:10] [5分钟] 第 2511/5205 只: 000570.SZ
[22:47:10] [5分钟] 2511/5205: 000570.SZ OK
[22:47:10] [5分钟] 第 2512/5205 只: 002467.SZ
[22:47:10] [5分钟] 2512/5205: 002467.SZ OK
[22:47:10] [5分钟] 第 2513/5205 只: 300624.SZ
[22:47:10] [5分钟] 2513/5205: 300624.SZ OK
[22:47:10] [5分钟] 第 2514/5205 只: 000504.SZ
[22:47:10] [5分钟] 2514/5205: 000504.SZ OK
[22:47:10] [5分钟] 第 2515/5205 只: 002413.SZ
[22:47:10] [5分钟] 2515/5205: 002413.SZ OK
[22:47:10] [5分钟] 第 2516/5205 只: 002008.SZ
[22:47:10] [5分钟] 2516/5205: 002008.SZ OK
[22:47:10] [5分钟] 第 2517/5205 只: 000598.SZ
[22:47:10] [5分钟] 2517/5205: 000598.SZ OK
[22:47:10] [5分钟] 第 2518/5205 只: 301038.SZ
[22:47:10] [5分钟] 2518/5205: 301038.SZ OK
[22:47:10] [5分钟] 第 2519/5205 只: 001318.SZ
[22:47:10] [5分钟] 2519/5205: 001318.SZ OK
[22:47:10] [5分钟] 第 2520/5205 只: 000829.SZ
[22:47:10] [5分钟] 2520/5205: 000829.SZ OK
[22:47:10] [5分钟] 第 2521/5205 只: 002094.SZ
[22:47:10] [5分钟] 2521/5205: 002094.SZ OK
[22:47:10] [5分钟] 第 2522/5205 只: 002196.SZ
[22:47:10] [5分钟] 2522/5205: 002196.SZ OK
[22:47:10] [5分钟] 第 2523/5205 只: 002848.SZ
[22:47:10] [5分钟] 2523/5205: 002848.SZ OK
[22:47:10] [5分钟] 第 2524/5205 只: 301555.SZ
[22:47:10] [5分钟] 2524/5205: 301555.SZ OK
[22:47:10] [5分钟] 第 2525/5205 只: 002565.SZ
[22:47:10] [5分钟] 2525/5205: 002565.SZ OK
[22:47:10] [5分钟] 第 2526/5205 只: 300752.SZ
[22:47:10] [5分钟] 2526/5205: 300752.SZ OK
[22:47:10] [5分钟] 第 2527/5205 只: 300349.SZ
[22:47:10] [5分钟] 2527/5205: 300349.SZ OK
[22:47:10] [5分钟] 第 2528/5205 只: 000069.SZ
[22:47:10] [5分钟] 2528/5205: 000069.SZ OK
[22:47:10] [5分钟] 第 2529/5205 只: 002511.SZ
[22:47:10] [5分钟] 2529/5205: 002511.SZ OK
[22:47:10] [5分钟] 第 2530/5205 只: 001286.SZ
[22:47:10] [5分钟] 2530/5205: 001286.SZ OK
[22:47:10] [5分钟] 第 2531/5205 只: 300726.SZ
[22:47:10] [5分钟] 2531/5205: 300726.SZ OK
[22:47:10] [5分钟] 第 2532/5205 只: 002789.SZ
[22:47:10] [5分钟] 2532/5205: 002789.SZ OK
[22:47:10] [5分钟] 第 2533/5205 只: 002392.SZ
[22:47:10] [5分钟] 2533/5205: 002392.SZ OK
[22:47:10] [5分钟] 第 2534/5205 只: 002715.SZ
[22:47:10] [5分钟] 2534/5205: 002715.SZ OK
[22:47:10] [5分钟] 第 2535/5205 只: 300893.SZ
[22:47:10] [5分钟] 2535/5205: 300893.SZ OK
[22:47:10] [5分钟] 第 2536/5205 只: 300139.SZ
[22:47:10] [5分钟] 2536/5205: 300139.SZ OK
[22:47:10] [5分钟] 第 2537/5205 只: 300522.SZ
[22:47:10] [5分钟] 2537/5205: 300522.SZ OK
[22:47:10] [5分钟] 第 2538/5205 只: 002761.SZ
[22:47:10] [5分钟] 2538/5205: 002761.SZ OK
[22:47:10] [5分钟] 第 2539/5205 只: 300556.SZ
[22:47:10] [5分钟] 2539/5205: 300556.SZ OK
[22:47:10] [5分钟] 第 2540/5205 只: 000676.SZ
[22:47:10] [5分钟] 2540/5205: 000676.SZ OK
[22:47:10] [5分钟] 第 2541/5205 只: 300420.SZ
[22:47:10] [5分钟] 2541/5205: 300420.SZ OK
[22:47:10] [5分钟] 第 2542/5205 只: 000700.SZ
[22:47:10] [5分钟] 2542/5205: 000700.SZ OK
[22:47:10] [5分钟] 第 2543/5205 只: 002617.SZ
[22:47:10] [5分钟] 2543/5205: 002617.SZ OK
[22:47:10] [5分钟] 第 2544/5205 只: 300991.SZ
[22:47:10] [5分钟] 2544/5205: 300991.SZ OK
[22:47:10] [5分钟] 第 2545/5205 只: 300454.SZ
[22:47:10] [5分钟] 2545/5205: 300454.SZ OK
[22:47:10] [5分钟] 第 2546/5205 只: 002278.SZ
[22:47:10] [5分钟] 2546/5205: 002278.SZ OK
[22:47:10] [5分钟] 第 2547/5205 只: 002663.SZ
[22:47:10] [5分钟] 2547/5205: 002663.SZ OK
[22:47:10] [5分钟] 第 2548/5205 只: 301248.SZ
[22:47:10] [5分钟] 2548/5205: 301248.SZ OK
[22:47:10] [5分钟] 第 2549/5205 只: 300979.SZ
[22:47:10] [5分钟] 2549/5205: 300979.SZ OK
[22:47:10] [5分钟] 第 2550/5205 只: 002290.SZ
[22:47:10] [5分钟] 2550/5205: 002290.SZ OK
[22:47:10] [5分钟 2550/5205] 成功2550，失败0，当前 002290.SZ
[22:47:10] [5分钟] 第 2551/5205 只: 002706.SZ
[22:47:10] [5分钟] 2551/5205: 002706.SZ OK
[22:47:10] [5分钟] 第 2552/5205 只: 300880.SZ
[22:47:10] [5分钟] 2552/5205: 300880.SZ OK
[22:47:10] [5分钟] 第 2553/5205 只: 300531.SZ
[22:47:10] [5分钟] 2553/5205: 300531.SZ OK
[22:47:10] [5分钟] 第 2554/5205 只: 002369.SZ
[22:47:10] [5分钟] 2554/5205: 002369.SZ OK
[22:47:10] [5分钟] 第 2555/5205 只: 002772.SZ
[22:47:10] [5分钟] 2555/5205: 002772.SZ OK
[22:47:10] [5分钟] 第 2556/5205 只: 300545.SZ
[22:47:10] [5分钟] 2556/5205: 300545.SZ OK
[22:47:10] [5分钟] 第 2557/5205 只: 000665.SZ
[22:47:10] [5分钟] 2557/5205: 000665.SZ OK
[22:47:10] [5分钟] 第 2558/5205 只: 300868.SZ
[22:47:10] [5分钟] 2558/5205: 300868.SZ OK
[22:47:10] [5分钟] 第 2559/5205 只: 301359.SZ
[22:47:10] [5分钟] 2559/5205: 301359.SZ OK
[22:47:10] [5分钟] 第 2560/5205 只: 002381.SZ
[22:47:10] [5分钟] 2560/5205: 002381.SZ OK
[22:47:10] [5分钟] 第 2561/5205 只: 003018.SZ
[22:47:10] [5分钟] 2561/5205: 003018.SZ OK
[22:47:10] [5分钟] 第 2562/5205 只: 002698.SZ
[22:47:10] [5分钟] 2562/5205: 002698.SZ OK
[22:47:10] [5分钟] 第 2563/5205 只: 002283.SZ
[22:47:10] [5分钟] 2563/5205: 002283.SZ OK
[22:47:10] [5分钟] 第 2564/5205 只: 300433.SZ
[22:47:10] [5分钟] 2564/5205: 300433.SZ OK
[22:47:10] [5分钟] 第 2565/5205 只: 000713.SZ
[22:47:10] [5分钟] 2565/5205: 000713.SZ OK
[22:47:10] [5分钟] 第 2566/5205 只: 300982.SZ
[22:47:10] [5分钟] 2566/5205: 300982.SZ OK
[22:47:10] [5分钟] 第 2567/5205 只: 300447.SZ
[22:47:10] [5分钟] 2567/5205: 300447.SZ OK
[22:47:10] [5分钟] 第 2568/5205 只: 000767.SZ
[22:47:10] [5分钟] 2568/5205: 000767.SZ OK
[22:47:10] [5分钟] 第 2569/5205 只: 002670.SZ
[22:47:10] [5分钟] 2569/5205: 002670.SZ OK
[22:47:10] [5分钟] 第 2570/5205 只: 002959.SZ
[22:47:10] [5分钟] 2570/5205: 002959.SZ OK
[22:47:10] [5分钟] 第 2571/5205 只: 300643.SZ
[22:47:10] [5分钟] 2571/5205: 300643.SZ OK
[22:47:10] [5分钟] 第 2572/5205 只: 300258.SZ
[22:47:10] [5分钟] 2572/5205: 300258.SZ OK
[22:47:10] [5分钟] 第 2573/5205 只: 000563.SZ
[22:47:10] [5分钟] 2573/5205: 000563.SZ OK
[22:47:10] [5分钟] 第 2574/5205 只: 002474.SZ
[22:47:10] [5分钟] 2574/5205: 002474.SZ OK
[22:47:10] [5分钟] 第 2575/5205 只: 300637.SZ
[22:47:10] [5分钟] 2575/5205: 300637.SZ OK
[22:47:10] [5分钟] 第 2576/5205 只: 000517.SZ
[22:47:10] [5分钟] 2576/5205: 000517.SZ OK
[22:47:10] [5分钟] 第 2577/5205 只: 002400.SZ
[22:47:10] [5分钟] 2577/5205: 002400.SZ OK
[22:47:10] [5分钟] 第 2578/5205 只: 002576.SZ
[22:47:10] [5分钟] 2578/5205: 002576.SZ OK
[22:47:10] [5分钟] 第 2579/5205 只: 300741.SZ
[22:47:10] [5分钟] 2579/5205: 300741.SZ OK
[22:47:10] [5分钟] 第 2580/5205 只: 002119.SZ
[22:47:10] [5分钟] 2580/5205: 002119.SZ OK
[22:47:10] [5分钟] 第 2581/5205 只: 300735.SZ
[22:47:10] [5分钟] 2581/5205: 300735.SZ OK
[22:47:10] [5分钟] 第 2582/5205 只: 000415.SZ
[22:47:10] [5分钟] 2582/5205: 000415.SZ OK
[22:47:10] [5分钟] 第 2583/5205 只: 000938.SZ
[22:47:10] [5分钟] 2583/5205: 000938.SZ OK
[22:47:10] [5分钟] 第 2584/5205 只: 002185.SZ
[22:47:10] [5分钟] 2584/5205: 002185.SZ OK
[22:47:10] [5分钟] 第 2585/5205 只: 301129.SZ
[22:47:10] [5分钟] 2585/5205: 301129.SZ OK
[22:47:10] [5分钟] 第 2586/5205 只: 001209.SZ
[22:47:10] [5分钟] 2586/5205: 001209.SZ OK
[22:47:10] [5分钟] 第 2587/5205 只: 301666.SZ
[22:47:10] [5分钟] 2587/5205: 301666.SZ OK
[22:47:10] [5分钟] 第 2588/5205 只: 301209.SZ
[22:47:10] [5分钟] 2588/5205: 301209.SZ OK
[22:47:10] [5分钟] 第 2589/5205 只: 300092.SZ
[22:47:10] [5分钟] 2589/5205: 300092.SZ OK
[22:47:10] [5分钟] 第 2590/5205 只: 300489.SZ
[22:47:10] [5分钟] 2590/5205: 300489.SZ OK
[22:47:10] [5分钟] 第 2591/5205 只: 300938.SZ
[22:47:10] [5分钟] 2591/5205: 300938.SZ OK
[22:47:10] [5分钟] 第 2592/5205 只: 300415.SZ
[22:47:10] [5分钟] 2592/5205: 300415.SZ OK
[22:47:10] [5分钟] 第 2593/5205 只: 000735.SZ
[22:47:10] [5分钟] 2593/5205: 000735.SZ OK
[22:47:10] [5分钟] 第 2594/5205 只: 301295.SZ
[22:47:10] [5分钟] 2594/5205: 301295.SZ OK
[22:47:10] [5分钟] 第 2595/5205 只: 002622.SZ
[22:47:10] [5分钟] 2595/5205: 002622.SZ OK
[22:47:10] [5分钟] 第 2596/5205 只: 002239.SZ
[22:47:10] [5分钟] 2596/5205: 002239.SZ OK
[22:47:10] [5分钟] 第 2597/5205 只: 300461.SZ
[22:47:10] [5分钟] 2597/5205: 300461.SZ OK
[22:47:10] [5分钟] 第 2598/5205 只: 002656.SZ
[22:47:10] [5分钟] 2598/5205: 002656.SZ OK
[22:47:10] [5分钟] 第 2599/5205 只: 300517.SZ
[22:47:10] [5分钟] 2599/5205: 300517.SZ OK
[22:47:10] [5分钟] 第 2600/5205 只: 000637.SZ
[22:47:10] [5分钟] 2600/5205: 000637.SZ OK
[22:47:10] [5分钟 2600/5205] 成功2600，失败0，当前 000637.SZ
[22:47:10] [5分钟] 第 2601/5205 只: 301397.SZ
[22:47:10] [5分钟] 2601/5205: 301397.SZ OK
[22:47:10] [5分钟] 第 2602/5205 只: 300563.SZ
[22:47:10] [5分钟] 2602/5205: 300563.SZ OK
[22:47:10] [5分钟] 第 2603/5205 只: 300190.SZ
[22:47:10] [5分钟] 2603/5205: 300190.SZ OK
[22:47:10] [5分钟] 第 2604/5205 只: 002550.SZ
[22:47:10] [5分钟] 2604/5205: 002550.SZ OK
[22:47:10] [5分钟] 第 2605/5205 只: 300767.SZ
[22:47:10] [5分钟] 2605/5205: 300767.SZ OK
[22:47:10] [5分钟] 第 2606/5205 只: 002524.SZ
[22:47:10] [5分钟] 2606/5205: 002524.SZ OK
[22:47:10] [5分钟] 第 2607/5205 只: 300308.SZ
[22:47:10] [5分钟] 2607/5205: 300308.SZ OK
[22:47:10] [5分钟] 第 2608/5205 只: 300713.SZ
[22:47:10] [5分钟] 2608/5205: 300713.SZ OK
[22:47:10] [5分钟] 第 2609/5205 只: 301588.SZ
[22:47:10] [5分钟] 2609/5205: 301588.SZ OK
[22:47:10] [5分钟] 第 2610/5205 只: 301193.SZ
[22:47:10] [5分钟] 2610/5205: 301193.SZ OK
[22:47:10] [5分钟] 第 2611/5205 只: 002895.SZ
[22:47:10] [5分钟] 2611/5205: 002895.SZ OK
[22:47:10] [5分钟] 第 2612/5205 只: 000028.SZ
[22:47:10] [5分钟] 2612/5205: 000028.SZ OK
[22:47:10] [5分钟] 第 2613/5205 只: 002809.SZ
[22:47:10] [5分钟] 2613/5205: 002809.SZ OK
[22:47:10] [5分钟] 第 2614/5205 只: 300394.SZ
[22:47:10] [5分钟] 2614/5205: 300394.SZ OK
[22:47:10] [5分钟] 第 2615/5205 只: 301560.SZ
[22:47:10] [5分钟] 2615/5205: 301560.SZ OK
[22:47:10] [5分钟] 第 2616/5205 只: 300296.SZ
[22:47:10] [5分钟] 2616/5205: 300296.SZ OK
[22:47:10] [5分钟] 第 2617/5205 只: 301079.SZ
[22:47:10] [5分钟] 2617/5205: 301079.SZ OK
[22:47:10] [5分钟] 第 2618/5205 只: 001359.SZ
[22:47:10] [5分钟] 2618/5205: 001359.SZ OK
[22:47:10] [5分钟] 第 2619/5205 只: 000868.SZ
[22:47:10] [5分钟] 2619/5205: 000868.SZ OK
[22:47:10] [5分钟] 第 2620/5205 只: 300665.SZ
[22:47:10] [5分钟] 2620/5205: 300665.SZ OK
[22:47:10] [5分钟] 第 2621/5205 只: 000545.SZ
[22:47:10] [5分钟] 2621/5205: 000545.SZ OK
[22:47:10] [5分钟] 第 2622/5205 只: 002049.SZ
[22:47:10] [5分钟] 2622/5205: 002049.SZ OK
[22:47:10] [5分钟] 第 2623/5205 只: 002452.SZ
[22:47:10] [5分钟] 2623/5205: 002452.SZ OK
[22:47:10] [5分钟] 第 2624/5205 只: 300611.SZ
[22:47:10] [5分钟] 2624/5205: 300611.SZ OK
[22:47:10] [5分钟] 第 2625/5205 只: 000531.SZ
[22:47:10] [5分钟] 2625/5205: 000531.SZ OK
[22:47:10] [5分钟] 第 2626/5205 只: 002997.SZ
[22:47:10] [5分钟] 2626/5205: 002997.SZ OK
[22:47:10] [5分钟] 第 2627/5205 只: 301091.SZ
[22:47:10] [5分钟] 2627/5205: 301091.SZ OK
[22:47:10] [5分钟] 第 2628/5205 只: 002426.SZ
[22:47:10] [5分钟] 2628/5205: 002426.SZ OK
[22:47:10] [5分钟] 第 2629/5205 只: 000880.SZ
[22:47:10] [5分钟] 2629/5205: 000880.SZ OK
[22:47:10] [5分钟] 第 2630/5205 只: 301507.SZ
[22:47:10] [5分钟] 2630/5205: 301507.SZ OK
[22:47:10] [5分钟] 第 2631/5205 只: 300387.SZ
[22:47:10] [5分钟] 2631/5205: 300387.SZ OK
[22:47:10] [5分钟] 第 2632/5205 只: 301168.SZ
[22:47:10] [5分钟] 2632/5205: 301168.SZ OK
[22:47:10] [5分钟] 第 2633/5205 只: 001248.SZ
[22:47:10] [5分钟] 2633/5205: 001248.SZ OK
[22:47:10] [5分钟] 第 2634/5205 只: 002158.SZ
[22:47:10] [5分钟] 2634/5205: 002158.SZ OK
[22:47:10] [5分钟] 第 2635/5205 只: 002543.SZ
[22:47:10] [5分钟] 2635/5205: 002543.SZ OK
[22:47:10] [5分钟] 第 2636/5205 只: 300774.SZ
[22:47:10] [5分钟] 2636/5205: 300774.SZ OK
[22:47:10] [5分钟] 第 2637/5205 只: 002537.SZ
[22:47:10] [5分钟] 2637/5205: 002537.SZ OK
[22:47:10] [5分钟] 第 2638/5205 只: 300700.SZ
[22:47:10] [5分钟] 2638/5205: 300700.SZ OK
[22:47:10] [5分钟] 第 2639/5205 只: 000420.SZ
[22:47:10] [5分钟] 2639/5205: 000420.SZ OK
[22:47:10] [5分钟] 第 2640/5205 只: 301180.SZ
[22:47:10] [5分钟] 2640/5205: 301180.SZ OK
[22:47:10] [5分钟] 第 2641/5205 只: 002886.SZ
[22:47:10] [5分钟] 2641/5205: 002886.SZ OK
[22:47:10] [5分钟] 第 2642/5205 只: 300676.SZ
[22:47:10] [5分钟] 2642/5205: 300676.SZ OK
[22:47:10] [5分钟] 第 2643/5205 只: 002441.SZ
[22:47:10] [5分钟] 2643/5205: 002441.SZ OK
[22:47:10] [5分钟] 第 2644/5205 只: 300219.SZ
[22:47:10] [5分钟] 2644/5205: 300219.SZ OK
[22:47:10] [5分钟] 第 2645/5205 只: 300602.SZ
[22:47:10] [5分钟] 2645/5205: 300602.SZ OK
[22:47:10] [5分钟] 第 2646/5205 只: 301499.SZ
[22:47:10] [5分钟] 2646/5205: 301499.SZ OK
[22:47:11] [5分钟] 第 2647/5205 只: 002984.SZ
[22:47:11] [5分钟] 2647/5205: 002984.SZ OK
[22:47:11] [5分钟] 第 2648/5205 只: 301082.SZ
[22:47:11] [5分钟] 2648/5205: 301082.SZ OK
[22:47:11] [5分钟] 第 2649/5205 只: 000893.SZ
[22:47:11] [5分钟] 2649/5205: 000893.SZ OK
[22:47:11] [5分钟] 第 2650/5205 只: 002918.SZ
[22:47:11] [5分钟] 2650/5205: 002918.SZ OK
[22:47:11] [5分钟 2650/5205] 成功2650，失败0，当前 002918.SZ
[22:47:11] [5分钟] 第 2651/5205 只: 300285.SZ
[22:47:11] [5分钟] 2651/5205: 300285.SZ OK
[22:47:11] [5分钟] 第 2652/5205 只: 300406.SZ
[22:47:11] [5分钟] 2652/5205: 300406.SZ OK
[22:47:11] [5分钟] 第 2653/5205 只: 000726.SZ
[22:47:11] [5分钟] 2653/5205: 000726.SZ OK
[22:47:11] [5分钟] 第 2654/5205 只: 301286.SZ
[22:47:11] [5分钟] 2654/5205: 301286.SZ OK
[22:47:11] [5分钟] 第 2655/5205 只: 002631.SZ
[22:47:11] [5分钟] 2655/5205: 002631.SZ OK
[22:47:11] [5分钟] 第 2656/5205 只: 300472.SZ
[22:47:11] [5分钟] 2656/5205: 300472.SZ OK
[22:47:11] [5分钟] 第 2657/5205 只: 300069.SZ
[22:47:11] [5分钟] 2657/5205: 300069.SZ OK
[22:47:11] [5分钟] 第 2658/5205 只: 000752.SZ
[22:47:11] [5分钟] 2658/5205: 000752.SZ OK
[22:47:11] [5分钟] 第 2659/5205 只: 002645.SZ
[22:47:11] [5分钟] 2659/5205: 002645.SZ OK
[22:47:11] [5分钟] 第 2660/5205 只: 301601.SZ
[22:47:11] [5分钟] 2660/5205: 301601.SZ OK
[22:47:11] [5分钟] 第 2661/5205 只: 300081.SZ
[22:47:11] [5分钟] 2661/5205: 300081.SZ OK
[22:47:11] [5分钟] 第 2662/5205 只: 300829.SZ
[22:47:11] [5分钟] 2662/5205: 300829.SZ OK
[22:47:11] [5分钟] 第 2663/5205 只: 301318.SZ
[22:47:11] [5分钟] 2663/5205: 301318.SZ OK
[22:47:11] [5分钟] 第 2664/5205 只: 300183.SZ
[22:47:11] [5分钟] 2664/5205: 300183.SZ OK
[22:47:11] [5分钟] 第 2665/5205 只: 300598.SZ
[22:47:11] [5分钟] 2665/5205: 300598.SZ OK
[22:47:11] [5分钟] 第 2666/5205 只: 002733.SZ
[22:47:11] [5分钟] 2666/5205: 002733.SZ OK
[22:47:11] [5分钟] 第 2667/5205 只: 002328.SZ
[22:47:11] [5分钟] 2667/5205: 002328.SZ OK
[22:47:11] [5分钟] 第 2668/5205 只: 300504.SZ
[22:47:11] [5分钟] 2668/5205: 300504.SZ OK
[22:47:11] [5分钟] 第 2669/5205 只: 002747.SZ
[22:47:11] [5分钟] 2669/5205: 002747.SZ OK
[22:47:11] [5分钟] 第 2670/5205 只: 300570.SZ
[22:47:11] [5分钟] 2670/5205: 300570.SZ OK
[22:47:11] [5分钟] 第 2671/5205 只: 000650.SZ
[22:47:11] [5分钟] 2671/5205: 000650.SZ OK
[22:47:11] [5分钟] 第 2672/5205 只: 300435.SZ
[22:47:11] [5分钟] 2672/5205: 300435.SZ OK
[22:47:11] [5分钟] 第 2673/5205 只: 000715.SZ
[22:47:11] [5分钟] 2673/5205: 000715.SZ OK
[22:47:11] [5分钟] 第 2674/5205 只: 002219.SZ
[22:47:11] [5分钟] 2674/5205: 002219.SZ OK
[22:47:11] [5分钟] 第 2675/5205 只: 002602.SZ
[22:47:11] [5分钟] 2675/5205: 002602.SZ OK
[22:47:11] [5分钟] 第 2676/5205 只: 300984.SZ
[22:47:11] [5分钟] 2676/5205: 300984.SZ OK
[22:47:11] [5分钟] 第 2677/5205 只: 300441.SZ
[22:47:11] [5分钟] 2677/5205: 300441.SZ OK
[22:47:11] [5分钟] 第 2678/5205 只: 000761.SZ
[22:47:11] [5分钟] 2678/5205: 000761.SZ OK
[22:47:11] [5分钟] 第 2679/5205 只: 002676.SZ
[22:47:11] [5分钟] 2679/5205: 002676.SZ OK
[22:47:11] [5分钟] 第 2680/5205 只: 301229.SZ
[22:47:11] [5分钟] 2680/5205: 301229.SZ OK
[22:47:11] [5分钟] 第 2681/5205 只: 000789.SZ
[22:47:11] [5分钟] 2681/5205: 000789.SZ OK
[22:47:11] [5分钟] 第 2682/5205 只: 301632.SZ
[22:47:11] [5分钟] 2682/5205: 301632.SZ OK
[22:47:11] [5分钟] 第 2683/5205 只: 300918.SZ
[22:47:11] [5分钟] 2683/5205: 300918.SZ OK
[22:47:11] [5分钟] 第 2684/5205 只: 002285.SZ
[22:47:11] [5分钟] 2684/5205: 002285.SZ OK
[22:47:11] [5分钟] 第 2685/5205 只: 002387.SZ
[22:47:11] [5分钟] 2685/5205: 002387.SZ OK
[22:47:11] [5分钟] 第 2686/5205 只: 002700.SZ
[22:47:11] [5分钟] 2686/5205: 002700.SZ OK
[22:47:11] [5分钟] 第 2687/5205 只: 300886.SZ
[22:47:11] [5分钟] 2687/5205: 300886.SZ OK
[22:47:11] [5分钟] 第 2688/5205 只: 300537.SZ
[22:47:11] [5分钟] 2688/5205: 300537.SZ OK
[22:47:11] [5分钟] 第 2689/5205 只: 000617.SZ
[22:47:11] [5分钟] 2689/5205: 000617.SZ OK
[22:47:11] [5分钟] 第 2690/5205 只: 002774.SZ
[22:47:11] [5分钟] 2690/5205: 002774.SZ OK
[22:47:11] [5分钟] 第 2691/5205 只: 300158.SZ
[22:47:11] [5分钟] 2691/5205: 300158.SZ OK
[22:47:11] [5分钟] 第 2692/5205 只: 300543.SZ
[22:47:11] [5分钟] 2692/5205: 300543.SZ OK
[22:47:11] [5分钟] 第 2693/5205 只: 000663.SZ
[22:47:11] [5分钟] 2693/5205: 000663.SZ OK
[22:47:11] [5分钟] 第 2694/5205 只: 002183.SZ
[22:47:11] [5分钟] 2694/5205: 002183.SZ OK
[22:47:11] [5分钟] 第 2695/5205 只: 002598.SZ
[22:47:11] [5分钟] 2695/5205: 002598.SZ OK
[22:47:11] [5分钟] 第 2696/5205 只: 002829.SZ
[22:47:11] [5分钟] 2696/5205: 002829.SZ OK
[22:47:11] [5分钟] 第 2697/5205 只: 002570.SZ
[22:47:11] [5分钟] 2697/5205: 002570.SZ OK
[22:47:11] [5分钟] 第 2698/5205 只: 300747.SZ
[22:47:11] [5分钟] 2698/5205: 300747.SZ OK
[22:47:11] [5分钟] 第 2699/5205 只: 300733.SZ
[22:47:11] [5分钟] 2699/5205: 300733.SZ OK
[22:47:11] [5分钟] 第 2700/5205 只: 300328.SZ
[22:47:11] [5分钟] 2700/5205: 300328.SZ OK
[22:47:11] [5分钟 2700/5205] 成功2700，失败0，当前 300328.SZ
[22:47:11] [5分钟] 第 2701/5205 只: 000008.SZ
[22:47:11] [5分钟] 2701/5205: 000008.SZ OK
[22:47:11] [5分钟] 第 2702/5205 只: 300645.SZ
[22:47:11] [5分钟] 2702/5205: 300645.SZ OK
[22:47:11] [5分钟] 第 2703/5205 只: 000565.SZ
[22:47:11] [5分钟] 2703/5205: 000565.SZ OK
[22:47:11] [5分钟] 第 2704/5205 只: 002472.SZ
[22:47:11] [5分钟] 2704/5205: 002472.SZ OK
[22:47:11] [5分钟] 第 2705/5205 只: 002069.SZ
[22:47:11] [5分钟] 2705/5205: 002069.SZ OK
[22:47:11] [5分钟] 第 2706/5205 只: 300631.SZ
[22:47:11] [5分钟] 2706/5205: 300631.SZ OK
[22:47:11] [5分钟] 第 2707/5205 只: 001391.SZ
[22:47:11] [5分钟] 2707/5205: 001391.SZ OK
[22:47:11] [5分钟] 第 2708/5205 只: 002406.SZ
[22:47:11] [5分钟] 2708/5205: 002406.SZ OK
[22:47:11] [5分钟] 第 2709/5205 只: 002081.SZ
[22:47:11] [5分钟] 2709/5205: 002081.SZ OK
[22:47:11] [5分钟] 第 2710/5205 只: 301059.SZ
[22:47:11] [5分钟] 2710/5205: 301059.SZ OK
[22:47:11] [5分钟] 第 2711/5205 只: 001379.SZ
[22:47:11] [5分钟] 2711/5205: 001379.SZ OK
[22:47:11] [5分钟] 第 2712/5205 只: 000848.SZ
[22:47:11] [5分钟] 2712/5205: 000848.SZ OK
[22:47:11] [5分钟] 第 2713/5205 只: 002563.SZ
[22:47:11] [5分钟] 2713/5205: 002563.SZ OK
[22:47:11] [5分钟] 第 2714/5205 只: 002178.SZ
[22:47:11] [5分钟] 2714/5205: 002178.SZ OK
[22:47:11] [5分钟] 第 2715/5205 只: 002517.SZ
[22:47:11] [5分钟] 2715/5205: 002517.SZ OK
[22:47:11] [5分钟] 第 2716/5205 只: 300720.SZ
[22:47:11] [5分钟] 2716/5205: 300720.SZ OK
[22:47:11] [5分钟] 第 2717/5205 只: 001280.SZ
[22:47:11] [5分钟] 2717/5205: 001280.SZ OK
[22:47:11] [5分钟] 第 2718/5205 只: 000400.SZ
[22:47:11] [5分钟] 2718/5205: 000400.SZ OK
[22:47:11] [5分钟] 第 2719/5205 只: 002190.SZ
[22:47:11] [5分钟] 2719/5205: 002190.SZ OK
[22:47:11] [5分钟] 第 2720/5205 只: 000959.SZ
[22:47:11] [5分钟] 2720/5205: 000959.SZ OK
[22:47:11] [5分钟] 第 2721/5205 只: 301148.SZ
[22:47:11] [5分钟] 2721/5205: 301148.SZ OK
[22:47:11] [5分钟] 第 2722/5205 只: 001268.SZ
[22:47:11] [5分钟] 2722/5205: 001268.SZ OK
[22:47:11] [5分钟] 第 2723/5205 只: 002938.SZ
[22:47:11] [5分钟] 2723/5205: 002938.SZ OK
[22:47:11] [5分钟] 第 2724/5205 只: 002092.SZ
[22:47:11] [5分钟] 2724/5205: 002092.SZ OK
[22:47:11] [5分钟] 第 2725/5205 只: 002489.SZ
[22:47:11] [5分钟] 2725/5205: 002489.SZ OK
[22:47:11] [5分钟] 第 2726/5205 只: 300656.SZ
[22:47:11] [5分钟] 2726/5205: 300656.SZ OK
[22:47:11] [5分钟] 第 2727/5205 只: 000576.SZ
[22:47:11] [5分钟] 2727/5205: 000576.SZ OK
[22:47:11] [5分钟] 第 2728/5205 只: 002461.SZ
[22:47:11] [5分钟] 2728/5205: 002461.SZ OK
[22:47:11] [5分钟] 第 2729/5205 只: 300622.SZ
[22:47:11] [5分钟] 2729/5205: 300622.SZ OK
[22:47:11] [5分钟] 第 2730/5205 只: 001382.SZ
[22:47:11] [5分钟] 2730/5205: 001382.SZ OK
[22:47:11] [5分钟] 第 2731/5205 只: 300239.SZ
[22:47:11] [5分钟] 2731/5205: 300239.SZ OK
[22:47:11] [5分钟] 第 2732/5205 只: 002415.SZ
[22:47:11] [5分钟] 2732/5205: 002415.SZ OK
[22:47:11] [5分钟] 第 2733/5205 只: 002296.SZ
[22:47:11] [5分钟] 2733/5205: 002296.SZ OK
[22:47:11] [5分钟] 第 2734/5205 只: 300426.SZ
[22:47:11] [5分钟] 2734/5205: 300426.SZ OK
[22:47:11] [5分钟] 第 2735/5205 只: 002611.SZ
[22:47:11] [5分钟] 2735/5205: 002611.SZ OK
[22:47:11] [5分钟] 第 2736/5205 只: 300997.SZ
[22:47:11] [5分钟] 2736/5205: 300997.SZ OK
[22:47:11] [5分钟] 第 2737/5205 只: 300049.SZ
[22:47:11] [5分钟] 2737/5205: 300049.SZ OK
[22:47:11] [5分钟] 第 2738/5205 只: 300452.SZ
[22:47:11] [5分钟] 2738/5205: 300452.SZ OK
[22:47:11] [5分钟] 第 2739/5205 只: 002713.SZ
[22:47:11] [5分钟] 2739/5205: 002713.SZ OK
[22:47:11] [5分钟] 第 2740/5205 只: 300895.SZ
[22:47:11] [5分钟] 2740/5205: 300895.SZ OK
[22:47:11] [5分钟] 第 2741/5205 只: 002767.SZ
[22:47:11] [5分钟] 2741/5205: 002767.SZ OK
[22:47:11] [5分钟] 第 2742/5205 只: 300550.SZ
[22:47:11] [5分钟] 2742/5205: 300550.SZ OK
[22:47:11] [5分钟] 第 2743/5205 只: 000670.SZ
[22:47:11] [5分钟] 2743/5205: 000670.SZ OK
[22:47:11] [5分钟] 第 2744/5205 只: 300809.SZ
[22:47:11] [5分钟] 2744/5205: 300809.SZ OK
[22:47:11] [5分钟] 第 2745/5205 只: 002394.SZ
[22:47:11] [5分钟] 2745/5205: 002394.SZ OK
[22:47:11] [5分钟] 第 2746/5205 只: 301338.SZ
[22:47:11] [5分钟] 2746/5205: 301338.SZ OK
[22:47:11] [5分钟] 第 2747/5205 只: 000698.SZ
[22:47:11] [5分钟] 2747/5205: 000698.SZ OK
[22:47:11] [5分钟] 第 2748/5205 只: 301018.SZ
[22:47:11] [5分钟] 2748/5205: 301018.SZ OK
[22:47:11] [5分钟] 第 2749/5205 只: 300698.SZ
[22:47:11] [5分钟] 2749/5205: 300698.SZ OK
[22:47:11] [5分钟] 第 2750/5205 只: 001338.SZ
[22:47:11] [5分钟] 2750/5205: 001338.SZ OK
[22:47:11] [5分钟 2750/5205] 成功2750，失败0，当前 001338.SZ
[22:47:11] [5分钟] 第 2751/5205 只: 300283.SZ
[22:47:11] [5分钟] 2751/5205: 300283.SZ OK
[22:47:11] [5分钟] 第 2752/5205 只: 000809.SZ
[22:47:11] [5分钟] 2752/5205: 000809.SZ OK
[22:47:11] [5分钟] 第 2753/5205 只: 300670.SZ
[22:47:11] [5分钟] 2753/5205: 300670.SZ OK
[22:47:11] [5分钟] 第 2754/5205 只: 000550.SZ
[22:47:11] [5分钟] 2754/5205: 000550.SZ OK
[22:47:11] [5分钟] 第 2755/5205 只: 300604.SZ
[22:47:11] [5分钟] 2755/5205: 300604.SZ OK
[22:47:11] [5分钟] 第 2756/5205 只: 002982.SZ
[22:47:11] [5分钟] 2756/5205: 002982.SZ OK
[22:47:11] [5分钟] 第 2757/5205 只: 000524.SZ
[22:47:11] [5分钟] 2757/5205: 000524.SZ OK
[22:47:11] [5分钟] 第 2758/5205 只: 000895.SZ
[22:47:11] [5分钟] 2758/5205: 000895.SZ OK
[22:47:11] [5分钟] 第 2759/5205 只: 002028.SZ
[22:47:11] [5分钟] 2759/5205: 002028.SZ OK
[22:47:11] [5分钟] 第 2760/5205 只: 002545.SZ
[22:47:11] [5分钟] 2760/5205: 002545.SZ OK
[22:47:11] [5分钟] 第 2761/5205 只: 300369.SZ
[22:47:11] [5分钟] 2761/5205: 300369.SZ OK
[22:47:11] [5分钟] 第 2762/5205 只: 300772.SZ
[22:47:11] [5分钟] 2762/5205: 300772.SZ OK
[22:47:11] [5分钟] 第 2763/5205 只: 000049.SZ
[22:47:11] [5分钟] 2763/5205: 000049.SZ OK
[22:47:11] [5分钟] 第 2764/5205 只: 000997.SZ
[22:47:11] [5分钟] 2764/5205: 000997.SZ OK
[22:47:11] [5分钟] 第 2765/5205 只: 002531.SZ
[22:47:11] [5分钟] 2765/5205: 002531.SZ OK
[22:47:11] [5分钟] 第 2766/5205 只: 300706.SZ
[22:47:11] [5分钟] 2766/5205: 300706.SZ OK
[22:47:11] [5分钟] 第 2767/5205 只: 301186.SZ
[22:47:11] [5分钟] 2767/5205: 301186.SZ OK
[22:47:11] [5分钟] 第 2768/5205 只: 002880.SZ
[22:47:11] [5分钟] 2768/5205: 002880.SZ OK
[22:47:11] [5分钟] 第 2769/5205 只: 000426.SZ
[22:47:11] [5分钟] 2769/5205: 000426.SZ OK
[22:47:11] [5分钟] 第 2770/5205 只: 301501.SZ
[22:47:11] [5分钟] 2770/5205: 301501.SZ OK
[22:47:11] [5分钟] 第 2771/5205 只: 300381.SZ
[22:47:11] [5分钟] 2771/5205: 300381.SZ OK
[22:47:11] [5分钟] 第 2772/5205 只: 301575.SZ
[22:47:11] [5分钟] 2772/5205: 301575.SZ OK
[22:47:11] [5分钟] 第 2773/5205 只: 002868.SZ
[22:47:11] [5分钟] 2773/5205: 002868.SZ OK
[22:47:11] [5分钟] 第 2774/5205 只: 002735.SZ
[22:47:11] [5分钟] 2774/5205: 002735.SZ OK
[22:47:11] [5分钟] 第 2775/5205 只: 300502.SZ
[22:47:11] [5分钟] 2775/5205: 300502.SZ OK
[22:47:11] [5分钟] 第 2776/5205 只: 300119.SZ
[22:47:11] [5分钟] 2776/5205: 300119.SZ OK
[22:47:11] [5分钟] 第 2777/5205 只: 301382.SZ
[22:47:11] [5分钟] 2777/5205: 301382.SZ OK
[22:47:11] [5分钟] 第 2778/5205 只: 002741.SZ
[22:47:11] [5分钟] 2778/5205: 002741.SZ OK
[22:47:11] [5分钟] 第 2779/5205 只: 300576.SZ
[22:47:11] [5分钟] 2779/5205: 300576.SZ OK
[22:47:11] [5分钟] 第 2780/5205 只: 000656.SZ
[22:47:11] [5分钟] 2780/5205: 000656.SZ OK
[22:47:11] [5分钟] 第 2781/5205 只: 300185.SZ
[22:47:11] [5分钟] 2781/5205: 300185.SZ OK
[22:47:11] [5分钟] 第 2782/5205 只: 301268.SZ
[22:47:11] [5分钟] 2782/5205: 301268.SZ OK
[22:47:11] [5分钟] 第 2783/5205 只: 300959.SZ
[22:47:11] [5分钟] 2783/5205: 300959.SZ OK
[22:47:11] [5分钟] 第 2784/5205 只: 301607.SZ
[22:47:11] [5分钟] 2784/5205: 301607.SZ OK
[22:47:11] [5分钟] 第 2785/5205 只: 300087.SZ
[22:47:11] [5分钟] 2785/5205: 300087.SZ OK
[22:47:11] [5分钟] 第 2786/5205 只: 001896.SZ
[22:47:11] [5分钟] 2786/5205: 001896.SZ OK
[22:47:11] [5分钟] 第 2787/5205 只: 300400.SZ
[22:47:11] [5分钟] 2787/5205: 300400.SZ OK
[22:47:11] [5分钟] 第 2788/5205 只: 301280.SZ
[22:47:11] [5分钟] 2788/5205: 301280.SZ OK
[22:47:11] [5分钟] 第 2789/5205 只: 000720.SZ
[22:47:11] [5分钟] 2789/5205: 000720.SZ OK
[22:47:11] [5分钟] 第 2790/5205 只: 002637.SZ
[22:47:11] [5分钟] 2790/5205: 002637.SZ OK
[22:47:11] [5分钟] 第 2791/5205 只: 300474.SZ
[22:47:11] [5分钟] 2791/5205: 300474.SZ OK
[22:47:11] [5分钟] 第 2792/5205 只: 002643.SZ
[22:47:11] [5分钟] 2792/5205: 002643.SZ OK
[22:47:11] [5分钟] 第 2793/5205 只: 002258.SZ
[22:47:11] [5分钟] 2793/5205: 002258.SZ OK
[22:47:11] [5分钟] 第 2794/5205 只: 300848.SZ
[22:47:11] [5分钟] 2794/5205: 300848.SZ OK
[22:47:11] [5分钟] 第 2795/5205 只: 301379.SZ
[22:47:11] [5分钟] 2795/5205: 301379.SZ OK
[22:47:11] [5分钟] 第 2796/5205 只: 300196.SZ
[22:47:11] [5分钟] 2796/5205: 300196.SZ OK
[22:47:11] [5分钟] 第 2797/5205 只: 002726.SZ
[22:47:11] [5分钟] 2797/5205: 002726.SZ OK
[22:47:11] [5分钟] 第 2798/5205 只: 300511.SZ
[22:47:11] [5分钟] 2798/5205: 300511.SZ OK
[22:47:11] [5分钟] 第 2799/5205 只: 301391.SZ
[22:47:11] [5分钟] 2799/5205: 301391.SZ OK
[22:47:11] [5分钟] 第 2800/5205 只: 000631.SZ
[22:47:11] [5分钟] 2800/5205: 000631.SZ OK
[22:47:11] [5分钟 2800/5205] 成功2800，失败0，当前 000631.SZ
[22:47:11] [5分钟] 第 2801/5205 只: 002752.SZ
[22:47:11] [5分钟] 2801/5205: 002752.SZ OK
[22:47:11] [5分钟] 第 2802/5205 只: 002349.SZ
[22:47:11] [5分钟] 2802/5205: 002349.SZ OK
[22:47:11] [5分钟] 第 2803/5205 只: 300565.SZ
[22:47:11] [5分钟] 2803/5205: 300565.SZ OK
[22:47:11] [5分钟] 第 2804/5205 只: 300413.SZ
[22:47:11] [5分钟] 2804/5205: 300413.SZ OK
[22:47:11] [5分钟] 第 2805/5205 只: 300008.SZ
[22:47:11] [5分钟] 2805/5205: 300008.SZ OK
[22:47:11] [5分钟] 第 2806/5205 只: 301293.SZ
[22:47:11] [5分钟] 2806/5205: 301293.SZ OK
[22:47:11] [5分钟] 第 2807/5205 只: 000733.SZ
[22:47:11] [5分钟] 2807/5205: 000733.SZ OK
[22:47:11] [5分钟] 第 2808/5205 只: 002624.SZ
[22:47:11] [5分钟] 2808/5205: 002624.SZ OK
[22:47:11] [5分钟] 第 2809/5205 只: 300467.SZ
[22:47:11] [5分钟] 2809/5205: 300467.SZ OK
[22:47:11] [5分钟] 第 2810/5205 只: 002650.SZ
[22:47:11] [5分钟] 2810/5205: 002650.SZ OK
[22:47:11] [5分钟] 第 2811/5205 只: 300094.SZ
[22:47:11] [5分钟] 2811/5205: 300094.SZ OK
[22:47:11] [5分钟] 第 2812/5205 只: 003038.SZ
[22:47:11] [5分钟] 2812/5205: 003038.SZ OK
[22:47:11] [5分钟] 第 2813/5205 只: 300278.SZ
[22:47:11] [5分钟] 2813/5205: 300278.SZ OK
[22:47:11] [5分钟] 第 2814/5205 只: 300663.SZ
[22:47:11] [5分钟] 2814/5205: 300663.SZ OK
[22:47:11] [5分钟] 第 2815/5205 只: 000543.SZ
[22:47:11] [5分钟] 2815/5205: 000543.SZ OK
[22:47:11] [5分钟] 第 2816/5205 只: 000158.SZ
[22:47:11] [5分钟] 2816/5205: 000158.SZ OK
[22:47:11] [5分钟] 第 2817/5205 只: 002454.SZ
[22:47:11] [5分钟] 2817/5205: 002454.SZ OK
[22:47:11] [5分钟] 第 2818/5205 只: 300617.SZ
[22:47:11] [5分钟] 2818/5205: 300617.SZ OK
[22:47:11] [5分钟] 第 2819/5205 只: 002991.SZ
[22:47:11] [5分钟] 2819/5205: 002991.SZ OK
[22:47:11] [5分钟] 第 2820/5205 只: 301097.SZ
[22:47:11] [5分钟] 2820/5205: 301097.SZ OK
[22:47:11] [5分钟] 第 2821/5205 只: 000537.SZ
[22:47:11] [5分钟] 2821/5205: 000537.SZ OK
[22:47:11] [5分钟] 第 2822/5205 只: 000886.SZ
[22:47:11] [5分钟] 2822/5205: 000886.SZ OK
[22:47:11] [5分钟] 第 2823/5205 只: 002420.SZ
[22:47:11] [5分钟] 2823/5205: 002420.SZ OK
[22:47:11] [5分钟] 第 2824/5205 只: 300290.SZ
[22:47:11] [5分钟] 2824/5205: 300290.SZ OK
[22:47:11] [5分钟] 第 2825/5205 只: 002979.SZ
[22:47:11] [5分钟] 2825/5205: 002979.SZ OK
[22:47:11] [5分钟] 第 2826/5205 只: 301109.SZ
[22:47:11] [5分钟] 2826/5205: 301109.SZ OK
[22:47:11] [5分钟] 第 2827/5205 只: 301512.SZ
[22:47:11] [5分钟] 2827/5205: 301512.SZ OK
[22:47:11] [5分钟] 第 2828/5205 只: 300789.SZ
[22:47:11] [5分钟] 2828/5205: 300789.SZ OK
[22:47:11] [5分钟] 第 2829/5205 只: 001229.SZ
[22:47:11] [5分钟] 2829/5205: 001229.SZ OK
[22:47:11] [5分钟] 第 2830/5205 只: 301566.SZ
[22:47:11] [5分钟] 2830/5205: 301566.SZ OK
[22:47:11] [5分钟] 第 2831/5205 只: 002556.SZ
[22:47:11] [5分钟] 2831/5205: 002556.SZ OK
[22:47:11] [5分钟] 第 2832/5205 只: 300761.SZ
[22:47:11] [5分钟] 2832/5205: 300761.SZ OK
[22:47:11] [5分钟] 第 2833/5205 只: 002139.SZ
[22:47:11] [5分钟] 2833/5205: 002139.SZ OK
[22:47:11] [5分钟] 第 2834/5205 只: 002522.SZ
[22:47:11] [5分钟] 2834/5205: 002522.SZ OK
[22:47:11] [5分钟] 第 2835/5205 只: 300715.SZ
[22:47:11] [5分钟] 2835/5205: 300715.SZ OK
[22:47:11] [5分钟] 第 2836/5205 只: 301195.SZ
[22:47:11] [5分钟] 2836/5205: 301195.SZ OK
[22:47:11] [5分钟] 第 2837/5205 只: 002893.SZ
[22:47:11] [5分钟] 2837/5205: 002893.SZ OK
[22:47:11] [5分钟] 第 2838/5205 只: 002362.SZ
[22:47:11] [5分钟] 2838/5205: 002362.SZ OK
[22:47:11] [5分钟] 第 2839/5205 只: 002779.SZ
[22:47:11] [5分钟] 2839/5205: 002779.SZ OK
[22:47:11] [5分钟] 第 2840/5205 只: 300155.SZ
[22:47:11] [5分钟] 2840/5205: 300155.SZ OK
[22:47:11] [5分钟] 第 2841/5205 只: 002316.SZ
[22:47:11] [5分钟] 2841/5205: 002316.SZ OK
[22:47:11] [5分钟] 第 2842/5205 只: 300121.SZ
[22:47:11] [5分钟] 2842/5205: 300121.SZ OK
[22:47:11] [5分钟] 第 2843/5205 只: 300817.SZ
[22:47:11] [5分钟] 2843/5205: 300817.SZ OK
[22:47:11] [5分钟] 第 2844/5205 只: 002791.SZ
[22:47:11] [5分钟] 2844/5205: 002791.SZ OK
[22:47:11] [5分钟] 第 2845/5205 只: 000686.SZ
[22:47:11] [5分钟] 2845/5205: 000686.SZ OK
[22:47:11] [5分钟] 第 2846/5205 只: 301326.SZ
[22:47:11] [5分钟] 2846/5205: 301326.SZ OK
[22:47:11] [5分钟] 第 2847/5205 只: 300863.SZ
[22:47:11] [5分钟] 2847/5205: 300863.SZ OK
[22:47:11] [5分钟] 第 2848/5205 只: 300915.SZ
[22:47:11] [5分钟] 2848/5205: 300915.SZ OK
[22:47:11] [5分钟] 第 2849/5205 只: 003013.SZ
[22:47:11] [5分钟] 2849/5205: 003013.SZ OK
[22:47:11] [5分钟] 第 2850/5205 只: 002693.SZ
[22:47:11] [5分钟] 2850/5205: 002693.SZ OK
[22:47:11] [5分钟 2850/5205] 成功2850，失败0，当前 002693.SZ
[22:47:11] [5分钟] 第 2851/5205 只: 300961.SZ
[22:47:11] [5分钟] 2851/5205: 300961.SZ OK
[22:47:11] [5分钟] 第 2852/5205 只: 300057.SZ
[22:47:11] [5分钟] 2852/5205: 300057.SZ OK
[22:47:11] [5分钟] 第 2853/5205 只: 300438.SZ
[22:47:11] [5分钟] 2853/5205: 300438.SZ OK
[22:47:11] [5分钟] 第 2854/5205 只: 000718.SZ
[22:47:11] [5分钟] 2854/5205: 000718.SZ OK
[22:47:11] [5分钟] 第 2855/5205 只: 002214.SZ
[22:47:11] [5分钟] 2855/5205: 002214.SZ OK
[22:47:11] [5分钟] 第 2856/5205 只: 300989.SZ
[22:47:11] [5分钟] 2856/5205: 300989.SZ OK
[22:47:11] [5分钟] 第 2857/5205 只: 002952.SZ
[22:47:11] [5分钟] 2857/5205: 002952.SZ OK
[22:47:11] [5分钟] 第 2858/5205 只: 301020.SZ
[22:47:11] [5分钟] 2858/5205: 301020.SZ OK
[22:47:11] [5分钟] 第 2859/5205 只: 002926.SZ
[22:47:11] [5分钟] 2859/5205: 002926.SZ OK
[22:47:11] [5分钟] 第 2860/5205 只: 001300.SZ
[22:47:11] [5分钟] 2860/5205: 001300.SZ OK
[22:47:11] [5分钟] 第 2861/5205 只: 002497.SZ
[22:47:11] [5分钟] 2861/5205: 002497.SZ OK
[22:47:11] [5分钟] 第 2862/5205 只: 000831.SZ
[22:47:11] [5分钟] 2862/5205: 000831.SZ OK
[22:47:11] [5分钟] 第 2863/5205 只: 300227.SZ
[22:47:11] [5分钟] 2863/5205: 300227.SZ OK
[22:47:11] [5分钟] 第 2864/5205 只: 002010.SZ
[22:47:11] [5分钟] 2864/5205: 002010.SZ OK
[22:47:11] [5分钟] 第 2865/5205 只: 300648.SZ
[22:47:11] [5分钟] 2865/5205: 300648.SZ OK
[22:47:11] [5分钟] 第 2866/5205 只: 300253.SZ
[22:47:11] [5分钟] 2866/5205: 300253.SZ OK
[22:47:11] [5分钟] 第 2867/5205 只: 000568.SZ
[22:47:11] [5分钟] 2867/5205: 000568.SZ OK
[22:47:11] [5分钟] 第 2868/5205 只: 002064.SZ
[22:47:11] [5分钟] 2868/5205: 002064.SZ OK
[22:47:11] [5分钟] 第 2869/5205 只: 002112.SZ
[22:47:11] [5分钟] 2869/5205: 002112.SZ OK
[22:47:11] [5分钟] 第 2870/5205 只: 002166.SZ
[22:47:11] [5分钟] 2870/5205: 002166.SZ OK
[22:47:11] [5分钟] 第 2871/5205 只: 300351.SZ
[22:47:11] [5分钟] 2871/5205: 300351.SZ OK
[22:47:11] [5分钟] 第 2872/5205 只: 301156.SZ
[22:47:11] [5分钟] 2872/5205: 301156.SZ OK
[22:47:11] [5分钟] 第 2873/5205 只: 002850.SZ
[22:47:11] [5分钟] 2873/5205: 002850.SZ OK
[22:47:11] [5分钟] 第 2874/5205 只: 002595.SZ
[22:47:11] [5分钟] 2874/5205: 002595.SZ OK
[22:47:11] [5分钟] 第 2875/5205 只: 000933.SZ
[22:47:11] [5分钟] 2875/5205: 000933.SZ OK
[22:47:11] [5分钟] 第 2876/5205 只: 301539.SZ
[22:47:11] [5分钟] 2876/5205: 301539.SZ OK
[22:47:11] [5分钟] 第 2877/5205 只: 002824.SZ
[22:47:11] [5分钟] 2877/5205: 002824.SZ OK
[22:47:11] [5分钟] 第 2878/5205 只: 301122.SZ
[22:47:11] [5分钟] 2878/5205: 301122.SZ OK
[22:47:11] [5分钟] 第 2879/5205 只: 000099.SZ
[22:47:11] [5分钟] 2879/5205: 000099.SZ OK
[22:47:11] [5分钟] 第 2880/5205 只: 001202.SZ
[22:47:11] [5分钟] 2880/5205: 001202.SZ OK
[22:47:11] [5分钟] 第 2881/5205 只: 300234.SZ
[22:47:11] [5分钟] 2881/5205: 300234.SZ OK
[22:47:11] [5分钟] 第 2882/5205 只: 002418.SZ
[22:47:11] [5分钟] 2882/5205: 002418.SZ OK
[22:47:11] [5分钟] 第 2883/5205 只: 002003.SZ
[22:47:11] [5分钟] 2883/5205: 002003.SZ OK
[22:47:11] [5分钟] 第 2884/5205 只: 300240.SZ
[22:47:11] [5分钟] 2884/5205: 300240.SZ OK
[22:47:11] [5分钟] 第 2885/5205 只: 002077.SZ
[22:47:11] [5分钟] 2885/5205: 002077.SZ OK
[22:47:11] [5分钟] 第 2886/5205 只: 002941.SZ
[22:47:11] [5分钟] 2886/5205: 002941.SZ OK
[22:47:11] [5分钟] 第 2887/5205 只: 301047.SZ
[22:47:11] [5分钟] 2887/5205: 301047.SZ OK
[22:47:11] [5分钟] 第 2888/5205 只: 001367.SZ
[22:47:11] [5分钟] 2888/5205: 001367.SZ OK
[22:47:11] [5分钟] 第 2889/5205 只: 000856.SZ
[22:47:11] [5分钟] 2889/5205: 000856.SZ OK
[22:47:11] [5分钟] 第 2890/5205 只: 301428.SZ
[22:47:11] [5分钟] 2890/5205: 301428.SZ OK
[22:47:11] [5分钟] 第 2891/5205 只: 000593.SZ
[22:47:11] [5分钟] 2891/5205: 000593.SZ OK
[22:47:11] [5分钟] 第 2892/5205 只: 301033.SZ
[22:47:11] [5分钟] 2892/5205: 301033.SZ OK
[22:47:11] [5分钟] 第 2893/5205 只: 002935.SZ
[22:47:11] [5分钟] 2893/5205: 002935.SZ OK
[22:47:11] [5分钟] 第 2894/5205 只: 001313.SZ
[22:47:11] [5分钟] 2894/5205: 001313.SZ OK
[22:47:11] [5分钟] 第 2895/5205 只: 002484.SZ
[22:47:11] [5分钟] 2895/5205: 002484.SZ OK
[22:47:11] [5分钟] 第 2896/5205 只: 000822.SZ
[22:47:11] [5分钟] 2896/5205: 000822.SZ OK
[22:47:11] [5分钟] 第 2897/5205 只: 002843.SZ
[22:47:11] [5分钟] 2897/5205: 002843.SZ OK
[22:47:11] [5分钟] 第 2898/5205 只: 002586.SZ
[22:47:11] [5分钟] 2898/5205: 002586.SZ OK
[22:47:11] [5分钟] 第 2899/5205 只: 000920.SZ
[22:47:11] [5分钟] 2899/5205: 000920.SZ OK
[22:47:11] [5分钟] 第 2900/5205 只: 002837.SZ
[22:47:11] [5分钟] 2900/5205: 002837.SZ OK
[22:47:11] [5分钟 2900/5205] 成功2900，失败0，当前 002837.SZ
[22:47:11] [5分钟] 第 2901/5205 只: 301131.SZ
[22:47:11] [5分钟] 2901/5205: 301131.SZ OK
[22:47:11] [5分钟] 第 2902/5205 只: 001211.SZ
[22:47:11] [5分钟] 2902/5205: 001211.SZ OK
[22:47:11] [5分钟] 第 2903/5205 只: 002101.SZ
[22:47:11] [5分钟] 2903/5205: 002101.SZ OK
[22:47:11] [5分钟] 第 2904/5205 只: 001696.SZ
[22:47:11] [5分钟] 2904/5205: 001696.SZ OK
[22:47:11] [5分钟] 第 2905/5205 只: 000016.SZ
[22:47:11] [5分钟] 2905/5205: 000016.SZ OK
[22:47:11] [5分钟] 第 2906/5205 只: 002175.SZ
[22:47:11] [5分钟] 2906/5205: 002175.SZ OK
[22:47:11] [5分钟] 第 2907/5205 只: 300759.SZ
[22:47:11] [5分钟] 2907/5205: 300759.SZ OK
[22:47:11] [5分钟] 第 2908/5205 只: 300342.SZ
[22:47:11] [5分钟] 2908/5205: 300342.SZ OK
[22:47:11] [5分钟] 第 2909/5205 只: 000062.SZ
[22:47:11] [5分钟] 2909/5205: 000062.SZ OK
[22:47:11] [5分钟] 第 2910/5205 只: 300804.SZ
[22:47:11] [5分钟] 2910/5205: 300804.SZ OK
[22:47:11] [5分钟] 第 2911/5205 只: 002782.SZ
[22:47:11] [5分钟] 2911/5205: 002782.SZ OK
[22:47:11] [5分钟] 第 2912/5205 只: 002399.SZ
[22:47:11] [5分钟] 2912/5205: 002399.SZ OK
[22:47:11] [5分钟] 第 2913/5205 只: 000695.SZ
[22:47:11] [5分钟] 2913/5205: 000695.SZ OK
[22:47:11] [5分钟] 第 2914/5205 只: 301335.SZ
[22:47:11] [5分钟] 2914/5205: 301335.SZ OK
[22:47:11] [5分钟] 第 2915/5205 只: 300870.SZ
[22:47:11] [5分钟] 2915/5205: 300870.SZ OK
[22:47:11] [5分钟] 第 2916/5205 只: 002371.SZ
[22:47:11] [5分钟] 2916/5205: 002371.SZ OK
[22:47:11] [5分钟] 第 2917/5205 只: 300146.SZ
[22:47:11] [5分钟] 2917/5205: 300146.SZ OK
[22:47:11] [5分钟] 第 2918/5205 只: 002305.SZ
[22:47:11] [5分钟] 2918/5205: 002305.SZ OK
[22:47:11] [5分钟] 第 2919/5205 只: 300898.SZ
[22:47:11] [5分钟] 2919/5205: 300898.SZ OK
[22:47:11] [5分钟] 第 2920/5205 只: 300132.SZ
[22:47:11] [5分钟] 2920/5205: 300132.SZ OK
[22:47:11] [5分钟] 第 2921/5205 只: 300529.SZ
[22:47:11] [5分钟] 2921/5205: 300529.SZ OK
[22:47:11] [5分钟] 第 2922/5205 只: 000609.SZ
[22:47:11] [5分钟] 2922/5205: 000609.SZ OK
[22:47:11] [5分钟] 第 2923/5205 只: 300044.SZ
[22:47:11] [5分钟] 2923/5205: 300044.SZ OK
[22:47:11] [5分钟] 第 2924/5205 只: 002273.SZ
[22:47:11] [5分钟] 2924/5205: 002273.SZ OK
[22:47:11] [5分钟] 第 2925/5205 只: 002668.SZ
[22:47:11] [5分钟] 2925/5205: 002668.SZ OK
[22:47:11] [5分钟] 第 2926/5205 只: 300030.SZ
[22:47:11] [5分钟] 2926/5205: 300030.SZ OK
[22:47:11] [5分钟] 第 2927/5205 只: 002207.SZ
[22:47:11] [5分钟] 2927/5205: 002207.SZ OK
[22:47:11] [5分钟] 第 2928/5205 只: 000797.SZ
[22:47:11] [5分钟] 2928/5205: 000797.SZ OK
[22:47:11] [5分钟] 第 2929/5205 只: 301237.SZ
[22:47:11] [5分钟] 2929/5205: 301237.SZ OK
[22:47:11] [5分钟] 第 2930/5205 只: 300906.SZ
[22:47:11] [5分钟] 2930/5205: 300906.SZ OK
[22:47:11] [5分钟] 第 2931/5205 只: 003000.SZ
[22:47:11] [5分钟] 2931/5205: 003000.SZ OK
[22:47:11] [5分钟] 第 2932/5205 只: 301658.SZ
[22:47:11] [5分钟] 2932/5205: 301658.SZ OK
[22:47:11] [5分钟] 第 2933/5205 只: 300972.SZ
[22:47:11] [5分钟] 2933/5205: 300972.SZ OK
[22:47:11] [5分钟] 第 2934/5205 只: 000972.SZ
[22:47:11] [5分钟] 2934/5205: 000972.SZ OK
[22:47:11] [5分钟] 第 2935/5205 只: 002865.SZ
[22:47:11] [5分钟] 2935/5205: 002865.SZ OK
[22:47:11] [5分钟] 第 2936/5205 只: 301163.SZ
[22:47:11] [5分钟] 2936/5205: 301163.SZ OK
[22:47:11] [5分钟] 第 2937/5205 只: 301578.SZ
[22:47:11] [5分钟] 2937/5205: 301578.SZ OK
[22:47:11] [5分钟] 第 2938/5205 只: 000906.SZ
[22:47:11] [5分钟] 2938/5205: 000906.SZ OK
[22:47:11] [5分钟] 第 2939/5205 只: 301117.SZ
[22:47:11] [5分钟] 2939/5205: 301117.SZ OK
[22:47:11] [5分钟] 第 2940/5205 只: 002811.SZ
[22:47:11] [5分钟] 2940/5205: 002811.SZ OK
[22:47:11] [5分钟] 第 2941/5205 只: 001237.SZ
[22:47:11] [5分钟] 2941/5205: 001237.SZ OK
[22:47:11] [5分钟] 第 2942/5205 只: 300797.SZ
[22:47:11] [5分钟] 2942/5205: 300797.SZ OK
[22:47:11] [5分钟] 第 2943/5205 只: 002127.SZ
[22:47:11] [5分钟] 2943/5205: 002127.SZ OK
[22:47:11] [5分钟] 第 2944/5205 只: 300310.SZ
[22:47:11] [5分钟] 2944/5205: 300310.SZ OK
[22:47:11] [5分钟] 第 2945/5205 只: 301590.SZ
[22:47:11] [5分钟] 2945/5205: 301590.SZ OK
[22:47:11] [5分钟] 第 2946/5205 只: 000030.SZ
[22:47:11] [5分钟] 2946/5205: 000030.SZ OK
[22:47:11] [5分钟] 第 2947/5205 只: 002153.SZ
[22:47:11] [5分钟] 2947/5205: 002153.SZ OK
[22:47:11] [5分钟] 第 2948/5205 只: 002548.SZ
[22:47:11] [5分钟] 2948/5205: 002548.SZ OK
[22:47:11] [5分钟] 第 2949/5205 只: 300364.SZ
[22:47:11] [5分钟] 2949/5205: 300364.SZ OK
[22:47:11] [5分钟] 第 2950/5205 只: 300212.SZ
[22:47:11] [5分钟] 2950/5205: 300212.SZ OK
[22:47:11] [5分钟 2950/5205] 成功2950，失败0，当前 300212.SZ
[22:47:11] [5分钟] 第 2951/5205 只: 300609.SZ
[22:47:11] [5分钟] 2951/5205: 300609.SZ OK
[22:47:11] [5分钟] 第 2952/5205 只: 000529.SZ
[22:47:11] [5分钟] 2952/5205: 000529.SZ OK
[22:47:11] [5分钟] 第 2953/5205 只: 301089.SZ
[22:47:11] [5分钟] 2953/5205: 301089.SZ OK
[22:47:11] [5分钟] 第 2954/5205 只: 000898.SZ
[22:47:11] [5分钟] 2954/5205: 000898.SZ OK
[22:47:11] [5分钟] 第 2955/5205 只: 002025.SZ
[22:47:11] [5分钟] 2955/5205: 002025.SZ OK
[22:47:11] [5分钟] 第 2956/5205 只: 300266.SZ
[22:47:11] [5分钟] 2956/5205: 300266.SZ OK
[22:47:11] [5分钟] 第 2957/5205 只: 002051.SZ
[22:47:11] [5分钟] 2957/5205: 002051.SZ OK
[22:47:11] [5分钟] 第 2958/5205 只: 301061.SZ
[22:47:11] [5分钟] 2958/5205: 301061.SZ OK
[22:47:11] [5分钟] 第 2959/5205 只: 002967.SZ
[22:47:11] [5分钟] 2959/5205: 002967.SZ OK
[22:47:11] [5分钟] 第 2960/5205 只: 002913.SZ
[22:47:11] [5分钟] 2960/5205: 002913.SZ OK
[22:47:11] [5分钟] 第 2961/5205 只: 301015.SZ
[22:47:11] [5分钟] 2961/5205: 301015.SZ OK
[22:47:11] [5分钟] 第 2962/5205 只: 001335.SZ
[22:47:11] [5分钟] 2962/5205: 001335.SZ OK
[22:47:11] [5分钟] 第 2963/5205 只: 300695.SZ
[22:47:11] [5分钟] 2963/5205: 300695.SZ OK
[22:47:11] [5分钟] 第 2964/5205 只: 300479.SZ
[22:47:11] [5分钟] 2964/5205: 300479.SZ OK
[22:47:11] [5分钟] 第 2965/5205 只: 300062.SZ
[22:47:11] [5分钟] 2965/5205: 300062.SZ OK
[22:47:11] [5分钟] 第 2966/5205 只: 000759.SZ
[22:47:11] [5分钟] 2966/5205: 000759.SZ OK
[22:47:11] [5分钟] 第 2967/5205 只: 002255.SZ
[22:47:11] [5分钟] 2967/5205: 002255.SZ OK
[22:47:11] [5分钟] 第 2968/5205 只: 300016.SZ
[22:47:11] [5分钟] 2968/5205: 300016.SZ OK
[22:47:11] [5分钟] 第 2969/5205 只: 301696.SZ
[22:47:11] [5分钟] 2969/5205: 301696.SZ OK
[22:47:11] [5分钟] 第 2970/5205 只: 002221.SZ
[22:47:11] [5分钟] 2970/5205: 002221.SZ OK
[22:47:11] [5分钟] 第 2971/5205 只: 301211.SZ
[22:47:11] [5分钟] 2971/5205: 301211.SZ OK
[22:47:11] [5分钟] 第 2972/5205 只: 300491.SZ
[22:47:11] [5分钟] 2972/5205: 300491.SZ OK
[22:47:11] [5分钟] 第 2973/5205 只: 003026.SZ
[22:47:11] [5分钟] 2973/5205: 003026.SZ OK
[22:47:11] [5分钟] 第 2974/5205 只: 300920.SZ
[22:47:11] [5分钟] 2974/5205: 300920.SZ OK
[22:47:11] [5分钟] 第 2975/5205 只: 301265.SZ
[22:47:11] [5分钟] 2975/5205: 301265.SZ OK
[22:47:11] [5分钟] 第 2976/5205 只: 300822.SZ
[22:47:11] [5分钟] 2976/5205: 300822.SZ OK
[22:47:11] [5分钟] 第 2977/5205 只: 301313.SZ
[22:47:11] [5分钟] 2977/5205: 301313.SZ OK
[22:47:11] [5分钟] 第 2978/5205 只: 300188.SZ
[22:47:11] [5分钟] 2978/5205: 300188.SZ OK
[22:47:11] [5分钟] 第 2979/5205 只: 300593.SZ
[22:47:11] [5分钟] 2979/5205: 300593.SZ OK
[22:47:11] [5分钟] 第 2980/5205 只: 300856.SZ
[22:47:11] [5分钟] 2980/5205: 300856.SZ OK
[22:47:11] [5分钟] 第 2981/5205 只: 301367.SZ
[22:47:11] [5分钟] 2981/5205: 301367.SZ OK
[22:47:11] [5分钟] 第 2982/5205 只: 002357.SZ
[22:47:11] [5分钟] 2982/5205: 002357.SZ OK
[22:47:11] [5分钟] 第 2983/5205 只: 300160.SZ
[22:47:11] [5分钟] 2983/5205: 300160.SZ OK
[22:47:11] [5分钟] 第 2984/5205 只: 002738.SZ
[22:47:11] [5分钟] 2984/5205: 002738.SZ OK
[22:47:11] [5分钟] 第 2985/5205 只: 002323.SZ
[22:47:11] [5分钟] 2985/5205: 002323.SZ OK
[22:47:11] [5分钟] 第 2986/5205 只: 301202.SZ
[22:47:11] [5分钟] 2986/5205: 301202.SZ OK
[22:47:11] [5分钟] 第 2987/5205 只: 300099.SZ
[22:47:11] [5分钟] 2987/5205: 300099.SZ OK
[22:47:11] [5分钟] 第 2988/5205 只: 300482.SZ
[22:47:11] [5分钟] 2988/5205: 300482.SZ OK
[22:47:11] [5分钟] 第 2989/5205 只: 003035.SZ
[22:47:11] [5分钟] 2989/5205: 003035.SZ OK
[22:47:11] [5分钟] 第 2990/5205 只: 300933.SZ
[22:47:11] [5分钟] 2990/5205: 300933.SZ OK
[22:47:11] [5分钟] 第 2991/5205 只: 301276.SZ
[22:47:11] [5分钟] 2991/5205: 301276.SZ OK
[22:47:11] [5分钟] 第 2992/5205 只: 300947.SZ
[22:47:11] [5分钟] 2992/5205: 300947.SZ OK
[22:47:11] [5分钟] 第 2993/5205 只: 003041.SZ
[22:47:11] [5分钟] 2993/5205: 003041.SZ OK
[22:47:11] [5分钟] 第 2994/5205 只: 300071.SZ
[22:47:11] [5分钟] 2994/5205: 300071.SZ OK
[22:47:11] [5分钟] 第 2995/5205 只: 002246.SZ
[22:47:11] [5分钟] 2995/5205: 002246.SZ OK
[22:47:11] [5分钟] 第 2996/5205 只: 300005.SZ
[22:47:11] [5分钟] 2996/5205: 300005.SZ OK
[22:47:11] [5分钟] 第 2997/5205 只: 002629.SZ
[22:47:11] [5分钟] 2997/5205: 002629.SZ OK
[22:47:11] [5分钟] 第 2998/5205 只: 002232.SZ
[22:47:11] [5分钟] 2998/5205: 002232.SZ OK
[22:47:11] [5分钟] 第 2999/5205 只: 002344.SZ
[22:47:11] [5分钟] 2999/5205: 002344.SZ OK
[22:47:11] [5分钟] 第 3000/5205 只: 300568.SZ
[22:47:11] [5分钟] 3000/5205: 300568.SZ OK
[22:47:11] [5分钟 3000/5205] 成功3000，失败0，当前 300568.SZ
[22:47:11] [5分钟] 第 3001/5205 只: 300173.SZ
[22:47:11] [5分钟] 3001/5205: 300173.SZ OK
[22:47:11] [5分钟] 第 3002/5205 只: 002330.SZ
[22:47:11] [5分钟] 3002/5205: 002330.SZ OK
[22:47:11] [5分钟] 第 3003/5205 只: 300107.SZ
[22:47:11] [5分钟] 3003/5205: 300107.SZ OK
[22:47:11] [5分钟] 第 3004/5205 只: 300831.SZ
[22:47:11] [5分钟] 3004/5205: 300831.SZ OK
[22:47:11] [5分钟] 第 3005/5205 只: 301300.SZ
[22:47:11] [5分钟] 3005/5205: 301300.SZ OK
[22:47:11] [5分钟] 第 3006/5205 只: 300580.SZ
[22:47:11] [5分钟] 3006/5205: 300580.SZ OK
[22:47:11] [5分钟] 第 3007/5205 只: 300845.SZ
[22:47:11] [5分钟] 3007/5205: 300845.SZ OK
[22:47:11] [5分钟] 第 3008/5205 只: 000989.SZ
[22:47:11] [5分钟] 3008/5205: 000989.SZ OK
[22:47:11] [5分钟] 第 3009/5205 只: 002134.SZ
[22:47:11] [5分钟] 3009/5205: 002134.SZ OK
[22:47:11] [5分钟] 第 3010/5205 只: 300303.SZ
[22:47:11] [5分钟] 3010/5205: 300303.SZ OK
[22:47:11] [5分钟] 第 3011/5205 只: 300718.SZ
[22:47:11] [5分钟] 3011/5205: 300718.SZ OK
[22:47:11] [5分钟] 第 3012/5205 只: 301583.SZ
[22:47:11] [5分钟] 3012/5205: 301583.SZ OK
[22:47:11] [5分钟] 第 3013/5205 只: 301198.SZ
[22:47:11] [5分钟] 3013/5205: 301198.SZ OK
[22:47:11] [5分钟] 第 3014/5205 只: 002140.SZ
[22:47:11] [5分钟] 3014/5205: 002140.SZ OK
[22:47:11] [5分钟] 第 3015/5205 只: 300377.SZ
[22:47:11] [5分钟] 3015/5205: 300377.SZ OK
[22:47:11] [5分钟] 第 3016/5205 只: 002876.SZ
[22:47:11] [5分钟] 3016/5205: 002876.SZ OK
[22:47:11] [5分钟] 第 3017/5205 只: 301170.SZ
[22:47:11] [5分钟] 3017/5205: 301170.SZ OK
[22:47:11] [5分钟] 第 3018/5205 只: 000915.SZ
[22:47:11] [5分钟] 3018/5205: 000915.SZ OK
[22:47:11] [5分钟] 第 3019/5205 只: 002802.SZ
[22:47:11] [5分钟] 3019/5205: 002802.SZ OK
[22:47:11] [5分钟] 第 3020/5205 只: 300784.SZ
[22:47:11] [5分钟] 3020/5205: 300784.SZ OK
[22:47:11] [5分钟] 第 3021/5205 只: 301072.SZ
[22:47:11] [5分钟] 3021/5205: 301072.SZ OK
[22:47:11] [5分钟] 第 3022/5205 只: 301469.SZ
[22:47:11] [5分钟] 3022/5205: 301469.SZ OK
[22:47:11] [5分钟] 第 3023/5205 只: 000863.SZ
[22:47:11] [5分钟] 3023/5205: 000863.SZ OK
[22:47:11] [5分钟] 第 3024/5205 只: 002900.SZ
[22:47:11] [5分钟] 3024/5205: 002900.SZ OK
[22:47:11] [5分钟] 第 3025/5205 只: 301006.SZ
[22:47:11] [5分钟] 3025/5205: 301006.SZ OK
[22:47:11] [5分钟] 第 3026/5205 只: 001326.SZ
[22:47:11] [5分钟] 3026/5205: 001326.SZ OK
[22:47:11] [5分钟] 第 3027/5205 只: 300686.SZ
[22:47:11] [5分钟] 3027/5205: 300686.SZ OK
[22:47:11] [5分钟] 第 3028/5205 只: 300201.SZ
[22:47:11] [5分钟] 3028/5205: 300201.SZ OK
[22:47:11] [5分钟] 第 3029/5205 只: 002036.SZ
[22:47:11] [5分钟] 3029/5205: 002036.SZ OK
[22:47:11] [5分钟] 第 3030/5205 只: 300275.SZ
[22:47:11] [5分钟] 3030/5205: 300275.SZ OK
[22:47:11] [5分钟] 第 3031/5205 只: 000155.SZ
[22:47:11] [5分钟] 3031/5205: 000155.SZ OK
[22:47:11] [5分钟] 第 3032/5205 只: 002042.SZ
[22:47:11] [5分钟] 3032/5205: 002042.SZ OK
[22:47:11] [5分钟] 第 3033/5205 只: 002459.SZ
[22:47:11] [5分钟] 3033/5205: 002459.SZ OK
[22:47:11] [5分钟] 第 3034/5205 只: 300955.SZ
[22:47:11] [5分钟] 3034/5205: 300955.SZ OK
[22:47:11] [5分钟] 第 3035/5205 只: 300490.SZ
[22:47:11] [5分钟] 3035/5205: 300490.SZ OK
[22:47:11] [5分钟] 第 3036/5205 只: 301210.SZ
[22:47:11] [5分钟] 3036/5205: 301210.SZ OK
[22:47:11] [5分钟] 第 3037/5205 只: 003027.SZ
[22:47:11] [5分钟] 3037/5205: 003027.SZ OK
[22:47:11] [5分钟] 第 3038/5205 只: 300921.SZ
[22:47:11] [5分钟] 3038/5205: 300921.SZ OK
[22:47:11] [5分钟] 第 3039/5205 只: 300017.SZ
[22:47:11] [5分钟] 3039/5205: 300017.SZ OK
[22:47:11] [5分钟] 第 3040/5205 只: 000758.SZ
[22:47:11] [5分钟] 3040/5205: 000758.SZ OK
[22:47:11] [5分钟] 第 3041/5205 只: 300063.SZ
[22:47:11] [5分钟] 3041/5205: 300063.SZ OK
[22:47:11] [5分钟] 第 3042/5205 只: 300478.SZ
[22:47:11] [5分钟] 3042/5205: 300478.SZ OK
[22:47:11] [5分钟] 第 3043/5205 只: 001872.SZ
[22:47:11] [5分钟] 3043/5205: 001872.SZ OK
[22:47:11] [5分钟] 第 3044/5205 只: 002254.SZ
[22:47:11] [5分钟] 3044/5205: 002254.SZ OK
[22:47:11] [5分钟] 第 3045/5205 只: 002322.SZ
[22:47:11] [5分钟] 3045/5205: 002322.SZ OK
[22:47:11] [5分钟] 第 3046/5205 只: 002739.SZ
[22:47:11] [5分钟] 3046/5205: 002739.SZ OK
[22:47:11] [5分钟] 第 3047/5205 只: 300115.SZ
[22:47:11] [5分钟] 3047/5205: 300115.SZ OK
[22:47:11] [5分钟] 第 3048/5205 只: 002356.SZ
[22:47:11] [5分钟] 3048/5205: 002356.SZ OK
[22:47:11] [5分钟] 第 3049/5205 只: 300161.SZ
[22:47:11] [5分钟] 3049/5205: 300161.SZ OK
[22:47:11] [5分钟] 第 3050/5205 只: 300857.SZ
[22:47:11] [5分钟] 3050/5205: 300857.SZ OK
[22:47:11] [5分钟 3050/5205] 成功3050，失败0，当前 300857.SZ
[22:47:11] [5分钟] 第 3051/5205 只: 301366.SZ
[22:47:11] [5分钟] 3051/5205: 301366.SZ OK
[22:47:11] [5分钟] 第 3052/5205 只: 300823.SZ
[22:47:11] [5分钟] 3052/5205: 300823.SZ OK
[22:47:11] [5分钟] 第 3053/5205 只: 300592.SZ
[22:47:11] [5分钟] 3053/5205: 300592.SZ OK
[22:47:11] [5分钟] 第 3054/5205 只: 300189.SZ
[22:47:11] [5分钟] 3054/5205: 300189.SZ OK
[22:47:11] [5分钟] 第 3055/5205 只: 301312.SZ
[22:47:11] [5分钟] 3055/5205: 301312.SZ OK
[22:47:11] [5分钟] 第 3056/5205 只: 002549.SZ
[22:47:11] [5分钟] 3056/5205: 002549.SZ OK
[22:47:11] [5分钟] 第 3057/5205 只: 002152.SZ
[22:47:11] [5分钟] 3057/5205: 002152.SZ OK
[22:47:11] [5分钟] 第 3058/5205 只: 000045.SZ
[22:47:11] [5分钟] 3058/5205: 000045.SZ OK
[22:47:11] [5分钟] 第 3059/5205 只: 300365.SZ
[22:47:11] [5分钟] 3059/5205: 300365.SZ OK
[22:47:11] [5分钟] 第 3060/5205 只: 002126.SZ
[22:47:11] [5分钟] 3060/5205: 002126.SZ OK
[22:47:11] [5分钟] 第 3061/5205 只: 000031.SZ
[22:47:11] [5分钟] 3061/5205: 000031.SZ OK
[22:47:11] [5分钟] 第 3062/5205 只: 301591.SZ
[22:47:11] [5分钟] 3062/5205: 301591.SZ OK
[22:47:11] [5分钟] 第 3063/5205 只: 300311.SZ
[22:47:11] [5分钟] 3063/5205: 300311.SZ OK
[22:47:11] [5分钟] 第 3064/5205 只: 300796.SZ
[22:47:11] [5分钟] 3064/5205: 300796.SZ OK
[22:47:11] [5分钟] 第 3065/5205 只: 001236.SZ
[22:47:11] [5分钟] 3065/5205: 001236.SZ OK
[22:47:11] [5分钟] 第 3066/5205 只: 301116.SZ
[22:47:11] [5分钟] 3066/5205: 301116.SZ OK
[22:47:11] [5分钟] 第 3067/5205 只: 002810.SZ
[22:47:11] [5分钟] 3067/5205: 002810.SZ OK
[22:47:11] [5分钟] 第 3068/5205 只: 000973.SZ
[22:47:11] [5分钟] 3068/5205: 000973.SZ OK
[22:47:11] [5分钟] 第 3069/5205 只: 002864.SZ
[22:47:11] [5分钟] 3069/5205: 002864.SZ OK
[22:47:11] [5分钟] 第 3070/5205 只: 301162.SZ
[22:47:11] [5分钟] 3070/5205: 301162.SZ OK
[22:47:11] [5分钟] 第 3071/5205 只: 300694.SZ
[22:47:11] [5分钟] 3071/5205: 300694.SZ OK
[22:47:11] [5分钟] 第 3072/5205 只: 002912.SZ
[22:47:11] [5分钟] 3072/5205: 002912.SZ OK
[22:47:11] [5分钟] 第 3073/5205 只: 301060.SZ
[22:47:11] [5分钟] 3073/5205: 301060.SZ OK
[22:47:11] [5分钟] 第 3074/5205 只: 002966.SZ
[22:47:11] [5分钟] 3074/5205: 002966.SZ OK
[22:47:11] [5分钟] 第 3075/5205 只: 300267.SZ
[22:47:11] [5分钟] 3075/5205: 300267.SZ OK
[22:47:11] [5分钟] 第 3076/5205 只: 002050.SZ
[22:47:11] [5分钟] 3076/5205: 002050.SZ OK
[22:47:11] [5分钟] 第 3077/5205 只: 301088.SZ
[22:47:11] [5分钟] 3077/5205: 301088.SZ OK
[22:47:11] [5分钟] 第 3078/5205 只: 000528.SZ
[22:47:11] [5分钟] 3078/5205: 000528.SZ OK
[22:47:11] [5分钟] 第 3079/5205 只: 300608.SZ
[22:47:11] [5分钟] 3079/5205: 300608.SZ OK
[22:47:11] [5分钟] 第 3080/5205 只: 300213.SZ
[22:47:11] [5分钟] 3080/5205: 300213.SZ OK
[22:47:11] [5分钟] 第 3081/5205 只: 000899.SZ
[22:47:11] [5分钟] 3081/5205: 000899.SZ OK
[22:47:11] [5分钟] 第 3082/5205 只: 002024.SZ
[22:47:11] [5分钟] 3082/5205: 002024.SZ OK
[22:47:11] [5分钟] 第 3083/5205 只: 300785.SZ
[22:47:11] [5分钟] 3083/5205: 300785.SZ OK
[22:47:11] [5分钟] 第 3084/5205 只: 001225.SZ
[22:47:11] [5分钟] 3084/5205: 001225.SZ OK
[22:47:11] [5分钟] 第 3085/5205 只: 301105.SZ
[22:47:11] [5分钟] 3085/5205: 301105.SZ OK
[22:47:11] [5分钟] 第 3086/5205 只: 002803.SZ
[22:47:11] [5分钟] 3086/5205: 002803.SZ OK
[22:47:11] [5分钟] 第 3087/5205 只: 000960.SZ
[22:47:11] [5分钟] 3087/5205: 000960.SZ OK
[22:47:11] [5分钟] 第 3088/5205 只: 002877.SZ
[22:47:11] [5分钟] 3088/5205: 002877.SZ OK
[22:47:11] [5分钟] 第 3089/5205 只: 301171.SZ
[22:47:11] [5分钟] 3089/5205: 301171.SZ OK
[22:47:11] [5分钟] 第 3090/5205 只: 002141.SZ
[22:47:11] [5分钟] 3090/5205: 002141.SZ OK
[22:47:11] [5分钟] 第 3091/5205 只: 000056.SZ
[22:47:11] [5分钟] 3091/5205: 000056.SZ OK
[22:47:11] [5分钟] 第 3092/5205 只: 300376.SZ
[22:47:11] [5分钟] 3092/5205: 300376.SZ OK
[22:47:11] [5分钟] 第 3093/5205 只: 000988.SZ
[22:47:11] [5分钟] 3093/5205: 000988.SZ OK
[22:47:11] [5分钟] 第 3094/5205 只: 002135.SZ
[22:47:11] [5分钟] 3094/5205: 002135.SZ OK
[22:47:11] [5分钟] 第 3095/5205 只: 301199.SZ
[22:47:11] [5分钟] 3095/5205: 301199.SZ OK
[22:47:11] [5分钟] 第 3096/5205 只: 300719.SZ
[22:47:11] [5分钟] 3096/5205: 300719.SZ OK
[22:47:11] [5分钟] 第 3097/5205 只: 300302.SZ
[22:47:11] [5分钟] 3097/5205: 300302.SZ OK
[22:47:11] [5分钟] 第 3098/5205 只: 300274.SZ
[22:47:11] [5分钟] 3098/5205: 300274.SZ OK
[22:47:11] [5分钟] 第 3099/5205 只: 002458.SZ
[22:47:11] [5分钟] 3099/5205: 002458.SZ OK
[22:47:11] [5分钟] 第 3100/5205 只: 002043.SZ
[22:47:11] [5分钟] 3100/5205: 002043.SZ OK
[22:47:11] [5分钟 3100/5205] 成功3100，失败0，当前 002043.SZ
[22:47:11] [5分钟] 第 3101/5205 只: 300200.SZ
[22:47:11] [5分钟] 3101/5205: 300200.SZ OK
[22:47:11] [5分钟] 第 3102/5205 只: 002037.SZ
[22:47:11] [5分钟] 3102/5205: 002037.SZ OK
[22:47:11] [5分钟] 第 3103/5205 只: 300687.SZ
[22:47:11] [5分钟] 3103/5205: 300687.SZ OK
[22:47:11] [5分钟] 第 3104/5205 只: 002901.SZ
[22:47:11] [5分钟] 3104/5205: 002901.SZ OK
[22:47:11] [5分钟] 第 3105/5205 只: 301007.SZ
[22:47:11] [5分钟] 3105/5205: 301007.SZ OK
[22:47:11] [5分钟] 第 3106/5205 只: 000816.SZ
[22:47:11] [5分钟] 3106/5205: 000816.SZ OK
[22:47:11] [5分钟] 第 3107/5205 只: 301468.SZ
[22:47:11] [5分钟] 3107/5205: 301468.SZ OK
[22:47:11] [5分钟] 第 3108/5205 只: 301073.SZ
[22:47:11] [5分钟] 3108/5205: 301073.SZ OK
[22:47:11] [5分钟] 第 3109/5205 只: 002975.SZ
[22:47:11] [5分钟] 3109/5205: 002975.SZ OK
[22:47:11] [5分钟] 第 3110/5205 只: 000862.SZ
[22:47:11] [5分钟] 3110/5205: 000862.SZ OK
[22:47:11] [5分钟] 第 3111/5205 只: 300004.SZ
[22:47:11] [5分钟] 3111/5205: 300004.SZ OK
[22:47:11] [5分钟] 第 3112/5205 只: 002233.SZ
[22:47:11] [5分钟] 3112/5205: 002233.SZ OK
[22:47:11] [5分钟] 第 3113/5205 只: 002628.SZ
[22:47:11] [5分钟] 3113/5205: 002628.SZ OK
[22:47:11] [5分钟] 第 3114/5205 只: 300070.SZ
[22:47:11] [5分钟] 3114/5205: 300070.SZ OK
[22:47:11] [5分钟] 第 3115/5205 只: 002247.SZ
[22:47:11] [5分钟] 3115/5205: 002247.SZ OK
[22:47:11] [5分钟] 第 3116/5205 只: 301277.SZ
[22:47:11] [5分钟] 3116/5205: 301277.SZ OK
[22:47:11] [5分钟] 第 3117/5205 只: 300946.SZ
[22:47:11] [5分钟] 3117/5205: 300946.SZ OK
[22:47:11] [5分钟] 第 3118/5205 只: 003040.SZ
[22:47:11] [5分钟] 3118/5205: 003040.SZ OK
[22:47:11] [5分钟] 第 3119/5205 只: 300483.SZ
[22:47:11] [5分钟] 3119/5205: 300483.SZ OK
[22:47:11] [5分钟] 第 3120/5205 只: 300098.SZ
[22:47:11] [5分钟] 3120/5205: 300098.SZ OK
[22:47:11] [5分钟] 第 3121/5205 只: 301203.SZ
[22:47:11] [5分钟] 3121/5205: 301203.SZ OK
[22:47:11] [5分钟] 第 3122/5205 只: 301618.SZ
[22:47:11] [5分钟] 3122/5205: 301618.SZ OK
[22:47:11] [5分钟] 第 3123/5205 只: 300932.SZ
[22:47:11] [5分钟] 3123/5205: 300932.SZ OK
[22:47:11] [5分钟] 第 3124/5205 只: 300844.SZ
[22:47:11] [5分钟] 3124/5205: 300844.SZ OK
[22:47:11] [5分钟] 第 3125/5205 只: 300830.SZ
[22:47:11] [5分钟] 3125/5205: 300830.SZ OK
[22:47:11] [5分钟] 第 3126/5205 只: 300581.SZ
[22:47:11] [5分钟] 3126/5205: 300581.SZ OK
[22:47:11] [5分钟] 第 3127/5205 只: 301301.SZ
[22:47:11] [5分钟] 3127/5205: 301301.SZ OK
[22:47:11] [5分钟] 第 3128/5205 只: 002331.SZ
[22:47:11] [5分钟] 3128/5205: 002331.SZ OK
[22:47:11] [5分钟] 第 3129/5205 只: 300106.SZ
[22:47:11] [5分钟] 3129/5205: 300106.SZ OK
[22:47:11] [5分钟] 第 3130/5205 只: 002345.SZ
[22:47:11] [5分钟] 3130/5205: 002345.SZ OK
[22:47:11] [5分钟] 第 3131/5205 只: 300172.SZ
[22:47:11] [5分钟] 3131/5205: 300172.SZ OK
[22:47:11] [5分钟] 第 3132/5205 只: 300569.SZ
[22:47:11] [5分钟] 3132/5205: 300569.SZ OK
[22:47:11] [5分钟] 第 3133/5205 只: 300252.SZ
[22:47:11] [5分钟] 3133/5205: 300252.SZ OK
[22:47:11] [5分钟] 第 3134/5205 只: 300649.SZ
[22:47:11] [5分钟] 3134/5205: 300649.SZ OK
[22:47:11] [5分钟] 第 3135/5205 只: 002065.SZ
[22:47:11] [5分钟] 3135/5205: 002065.SZ OK
[22:47:11] [5分钟] 第 3136/5205 只: 300226.SZ
[22:47:11] [5分钟] 3136/5205: 300226.SZ OK
[22:47:11] [5分钟] 第 3137/5205 只: 002011.SZ
[22:47:11] [5分钟] 3137/5205: 002011.SZ OK
[22:47:11] [5分钟] 第 3138/5205 只: 001301.SZ
[22:47:11] [5分钟] 3138/5205: 001301.SZ OK
[22:47:11] [5分钟] 第 3139/5205 只: 301021.SZ
[22:47:11] [5分钟] 3139/5205: 301021.SZ OK
[22:47:11] [5分钟] 第 3140/5205 只: 002927.SZ
[22:47:11] [5分钟] 3140/5205: 002927.SZ OK
[22:47:11] [5分钟] 第 3141/5205 只: 000581.SZ
[22:47:11] [5分钟] 3141/5205: 000581.SZ OK
[22:47:11] [5分钟] 第 3142/5205 只: 000830.SZ
[22:47:11] [5分钟] 3142/5205: 000830.SZ OK
[22:47:11] [5分钟] 第 3143/5205 只: 002496.SZ
[22:47:11] [5分钟] 3143/5205: 002496.SZ OK
[22:47:11] [5分钟] 第 3144/5205 只: 002953.SZ
[22:47:11] [5分钟] 3144/5205: 002953.SZ OK
[22:47:11] [5分钟] 第 3145/5205 只: 301055.SZ
[22:47:11] [5分钟] 3145/5205: 301055.SZ OK
[22:47:11] [5分钟] 第 3146/5205 只: 000932.SZ
[22:47:11] [5分钟] 3146/5205: 000932.SZ OK
[22:47:11] [5分钟] 第 3147/5205 只: 002594.SZ
[22:47:11] [5分钟] 3147/5205: 002594.SZ OK
[22:47:11] [5分钟] 第 3148/5205 只: 001203.SZ
[22:47:11] [5分钟] 3148/5205: 001203.SZ OK
[22:47:11] [5分钟] 第 3149/5205 只: 002825.SZ
[22:47:11] [5分钟] 3149/5205: 002825.SZ OK
[22:47:11] [5分钟] 第 3150/5205 只: 301123.SZ
[22:47:11] [5分钟] 3150/5205: 301123.SZ OK
[22:47:11] [5分钟 3150/5205] 成功3150，失败0，当前 301123.SZ
[22:47:11] [5分钟] 第 3151/5205 只: 301538.SZ
[22:47:11] [5分钟] 3151/5205: 301538.SZ OK
[22:47:11] [5分钟] 第 3152/5205 只: 001277.SZ
[22:47:11] [5分钟] 3152/5205: 001277.SZ OK
[22:47:11] [5分钟] 第 3153/5205 只: 301157.SZ
[22:47:11] [5分钟] 3153/5205: 301157.SZ OK
[22:47:11] [5分钟] 第 3154/5205 只: 002851.SZ
[22:47:11] [5分钟] 3154/5205: 002851.SZ OK
[22:47:11] [5分钟] 第 3155/5205 只: 002167.SZ
[22:47:11] [5分钟] 3155/5205: 002167.SZ OK
[22:47:11] [5分钟] 第 3156/5205 只: 000070.SZ
[22:47:11] [5分钟] 3156/5205: 000070.SZ OK
[22:47:11] [5分钟] 第 3157/5205 只: 300350.SZ
[22:47:11] [5分钟] 3157/5205: 300350.SZ OK
[22:47:11] [5分钟] 第 3158/5205 只: 002508.SZ
[22:47:11] [5分钟] 3158/5205: 002508.SZ OK
[22:47:11] [5分钟] 第 3159/5205 只: 000004.SZ
[22:47:11] [5分钟] 3159/5205: 000004.SZ OK
[22:47:11] [5分钟] 第 3160/5205 只: 300324.SZ
[22:47:11] [5分钟] 3160/5205: 300324.SZ OK
[22:47:11] [5分钟] 第 3161/5205 只: 300862.SZ
[22:47:11] [5分钟] 3161/5205: 300862.SZ OK
[22:47:11] [5分钟] 第 3162/5205 只: 301353.SZ
[22:47:11] [5分钟] 3162/5205: 301353.SZ OK
[22:47:11] [5分钟] 第 3163/5205 只: 002790.SZ
[22:47:11] [5分钟] 3163/5205: 002790.SZ OK
[22:47:11] [5分钟] 第 3164/5205 只: 300816.SZ
[22:47:11] [5分钟] 3164/5205: 300816.SZ OK
[22:47:11] [5分钟] 第 3165/5205 只: 301327.SZ
[22:47:11] [5分钟] 3165/5205: 301327.SZ OK
[22:47:11] [5分钟] 第 3166/5205 只: 002317.SZ
[22:47:11] [5分钟] 3166/5205: 002317.SZ OK
[22:47:11] [5分钟] 第 3167/5205 只: 300120.SZ
[22:47:11] [5分钟] 3167/5205: 300120.SZ OK
[22:47:11] [5分钟] 第 3168/5205 只: 002778.SZ
[22:47:11] [5分钟] 3168/5205: 002778.SZ OK
[22:47:11] [5分钟] 第 3169/5205 只: 002363.SZ
[22:47:11] [5分钟] 3169/5205: 002363.SZ OK
[22:47:11] [5分钟] 第 3170/5205 只: 300154.SZ
[22:47:11] [5分钟] 3170/5205: 300154.SZ OK
[22:47:11] [5分钟] 第 3171/5205 只: 000719.SZ
[22:47:11] [5分钟] 3171/5205: 000719.SZ OK
[22:47:11] [5分钟] 第 3172/5205 只: 300439.SZ
[22:47:11] [5分钟] 3172/5205: 300439.SZ OK
[22:47:11] [5分钟] 第 3173/5205 只: 300022.SZ
[22:47:11] [5分钟] 3173/5205: 300022.SZ OK
[22:47:11] [5分钟] 第 3174/5205 只: 300988.SZ
[22:47:11] [5分钟] 3174/5205: 300988.SZ OK
[22:47:11] [5分钟] 第 3175/5205 只: 002215.SZ
[22:47:11] [5分钟] 3175/5205: 002215.SZ OK
[22:47:11] [5分钟] 第 3176/5205 只: 300056.SZ
[22:47:11] [5分钟] 3176/5205: 300056.SZ OK
[22:47:11] [5分钟] 第 3177/5205 只: 002261.SZ
[22:47:11] [5分钟] 3177/5205: 002261.SZ OK
[22:47:11] [5分钟] 第 3178/5205 只: 301251.SZ
[22:47:11] [5分钟] 3178/5205: 301251.SZ OK
[22:47:11] [5分钟] 第 3179/5205 只: 300960.SZ
[22:47:11] [5分钟] 3179/5205: 300960.SZ OK
[22:47:11] [5分钟] 第 3180/5205 只: 301225.SZ
[22:47:11] [5分钟] 3180/5205: 301225.SZ OK
[22:47:11] [5分钟] 第 3181/5205 只: 000785.SZ
[22:47:11] [5分钟] 3181/5205: 000785.SZ OK
[22:47:11] [5分钟] 第 3182/5205 只: 002289.SZ
[22:47:11] [5分钟] 3182/5205: 002289.SZ OK
[22:47:11] [5分钟] 第 3183/5205 只: 002692.SZ
[22:47:11] [5分钟] 3183/5205: 002692.SZ OK
[22:47:11] [5分钟] 第 3184/5205 只: 003012.SZ
[22:47:11] [5分钟] 3184/5205: 003012.SZ OK
[22:47:11] [5分钟] 第 3185/5205 只: 300899.SZ
[22:47:11] [5分钟] 3185/5205: 300899.SZ OK
[22:47:11] [5分钟] 第 3186/5205 只: 002304.SZ
[22:47:11] [5分钟] 3186/5205: 002304.SZ OK
[22:47:11] [5分钟] 第 3187/5205 只: 000608.SZ
[22:47:11] [5分钟] 3187/5205: 000608.SZ OK
[22:47:11] [5分钟] 第 3188/5205 只: 300528.SZ
[22:47:11] [5分钟] 3188/5205: 300528.SZ OK
[22:47:11] [5分钟] 第 3189/5205 只: 300133.SZ
[22:47:11] [5分钟] 3189/5205: 300133.SZ OK
[22:47:11] [5分钟] 第 3190/5205 只: 002370.SZ
[22:47:11] [5分钟] 3190/5205: 002370.SZ OK
[22:47:11] [5分钟] 第 3191/5205 只: 300147.SZ
[22:47:11] [5分钟] 3191/5205: 300147.SZ OK
[22:47:11] [5分钟] 第 3192/5205 只: 300871.SZ
[22:47:11] [5分钟] 3192/5205: 300871.SZ OK
[22:47:11] [5分钟] 第 3193/5205 只: 002398.SZ
[22:47:11] [5分钟] 3193/5205: 002398.SZ OK
[22:47:11] [5分钟] 第 3194/5205 只: 002783.SZ
[22:47:11] [5分钟] 3194/5205: 002783.SZ OK
[22:47:11] [5分钟] 第 3195/5205 只: 300805.SZ
[22:47:11] [5分钟] 3195/5205: 300805.SZ OK
[22:47:11] [5分钟] 第 3196/5205 只: 300973.SZ
[22:47:11] [5分钟] 3196/5205: 300973.SZ OK
[22:47:11] [5分钟] 第 3197/5205 只: 301236.SZ
[22:47:11] [5分钟] 3197/5205: 301236.SZ OK
[22:47:11] [5分钟] 第 3198/5205 只: 000796.SZ
[22:47:11] [5分钟] 3198/5205: 000796.SZ OK
[22:47:11] [5分钟] 第 3199/5205 只: 002681.SZ
[22:47:11] [5分钟] 3199/5205: 002681.SZ OK
[22:47:11] [5分钟] 第 3200/5205 只: 300907.SZ
[22:47:11] [5分钟] 3200/5205: 300907.SZ OK
[22:47:11] [5分钟 3200/5205] 成功3200，失败0，当前 300907.SZ
[22:47:11] [5分钟] 第 3201/5205 只: 003001.SZ
[22:47:11] [5分钟] 3201/5205: 003001.SZ OK
[22:47:11] [5分钟] 第 3202/5205 只: 300031.SZ
[22:47:11] [5分钟] 3202/5205: 300031.SZ OK
[22:47:11] [5分钟] 第 3203/5205 只: 002206.SZ
[22:47:11] [5分钟] 3203/5205: 002206.SZ OK
[22:47:11] [5分钟] 第 3204/5205 只: 300045.SZ
[22:47:11] [5分钟] 3204/5205: 300045.SZ OK
[22:47:11] [5分钟] 第 3205/5205 只: 002669.SZ
[22:47:11] [5分钟] 3205/5205: 002669.SZ OK
[22:47:11] [5分钟] 第 3206/5205 只: 002272.SZ
[22:47:11] [5分钟] 3206/5205: 002272.SZ OK
[22:47:11] [5分钟] 第 3207/5205 只: 001312.SZ
[22:47:11] [5分钟] 3207/5205: 001312.SZ OK
[22:47:11] [5分钟] 第 3208/5205 只: 301032.SZ
[22:47:11] [5分钟] 3208/5205: 301032.SZ OK
[22:47:11] [5分钟] 第 3209/5205 只: 301429.SZ
[22:47:11] [5分钟] 3209/5205: 301429.SZ OK
[22:47:11] [5分钟] 第 3210/5205 只: 000592.SZ
[22:47:11] [5分钟] 3210/5205: 000592.SZ OK
[22:47:11] [5分钟] 第 3211/5205 只: 000823.SZ
[22:47:11] [5分钟] 3211/5205: 000823.SZ OK
[22:47:11] [5分钟] 第 3212/5205 只: 002485.SZ
[22:47:11] [5分钟] 3212/5205: 002485.SZ OK
[22:47:11] [5分钟] 第 3213/5205 只: 001366.SZ
[22:47:11] [5分钟] 3213/5205: 001366.SZ OK
[22:47:11] [5分钟] 第 3214/5205 只: 002940.SZ
[22:47:11] [5分钟] 3214/5205: 002940.SZ OK
[22:47:11] [5分钟] 第 3215/5205 只: 301046.SZ
[22:47:11] [5分钟] 3215/5205: 301046.SZ OK
[22:47:11] [5分钟] 第 3216/5205 只: 300241.SZ
[22:47:11] [5分钟] 3216/5205: 300241.SZ OK
[22:47:11] [5分钟] 第 3217/5205 只: 002076.SZ
[22:47:11] [5分钟] 3217/5205: 002076.SZ OK
[22:47:11] [5分钟] 第 3218/5205 只: 300235.SZ
[22:47:11] [5分钟] 3218/5205: 300235.SZ OK
[22:47:11] [5分钟] 第 3219/5205 只: 002419.SZ
[22:47:11] [5分钟] 3219/5205: 002419.SZ OK
[22:47:11] [5分钟] 第 3220/5205 只: 002174.SZ
[22:47:11] [5分钟] 3220/5205: 002174.SZ OK
[22:47:11] [5分钟] 第 3221/5205 只: 000063.SZ
[22:47:11] [5分钟] 3221/5205: 000063.SZ OK
[22:47:11] [5分钟] 第 3222/5205 只: 300343.SZ
[22:47:11] [5分钟] 3222/5205: 300343.SZ OK
[22:47:11] [5分钟] 第 3223/5205 只: 300758.SZ
[22:47:11] [5分钟] 3223/5205: 300758.SZ OK
[22:47:11] [5分钟] 第 3224/5205 只: 002100.SZ
[22:47:11] [5分钟] 3224/5205: 002100.SZ OK
[22:47:11] [5分钟] 第 3225/5205 只: 000017.SZ
[22:47:11] [5分钟] 3225/5205: 000017.SZ OK
[22:47:11] [5分钟] 第 3226/5205 只: 300337.SZ
[22:47:11] [5分钟] 3226/5205: 300337.SZ OK
[22:47:11] [5分钟] 第 3227/5205 只: 000921.SZ
[22:47:11] [5分钟] 3227/5205: 000921.SZ OK
[22:47:11] [5分钟] 第 3228/5205 只: 002587.SZ
[22:47:11] [5分钟] 3228/5205: 002587.SZ OK
[22:47:11] [5分钟] 第 3229/5205 只: 001210.SZ
[22:47:11] [5分钟] 3229/5205: 001210.SZ OK
[22:47:11] [5分钟] 第 3230/5205 只: 002836.SZ
[22:47:11] [5分钟] 3230/5205: 002836.SZ OK
[22:47:11] [5分钟] 第 3231/5205 只: 301130.SZ
[22:47:11] [5分钟] 3231/5205: 301130.SZ OK
[22:47:11] [5分钟] 第 3232/5205 只: 000955.SZ
[22:47:11] [5分钟] 3232/5205: 000955.SZ OK
[22:47:11] [5分钟] 第 3233/5205 只: 002842.SZ
[22:47:11] [5分钟] 3233/5205: 002842.SZ OK
[22:47:11] [5分钟] 第 3234/5205 只: 300184.SZ
[22:47:11] [5分钟] 3234/5205: 300184.SZ OK
[22:47:11] [5分钟] 第 3235/5205 只: 000657.SZ
[22:47:11] [5分钟] 3235/5205: 000657.SZ OK
[22:47:11] [5分钟] 第 3236/5205 只: 300577.SZ
[22:47:11] [5分钟] 3236/5205: 300577.SZ OK
[22:47:11] [5分钟] 第 3237/5205 只: 002734.SZ
[22:47:11] [5分钟] 3237/5205: 002734.SZ OK
[22:47:11] [5分钟] 第 3238/5205 只: 000623.SZ
[22:47:11] [5分钟] 3238/5205: 000623.SZ OK
[22:47:11] [5分钟] 第 3239/5205 只: 301383.SZ
[22:47:11] [5分钟] 3239/5205: 301383.SZ OK
[22:47:11] [5分钟] 第 3240/5205 只: 300118.SZ
[22:47:11] [5分钟] 3240/5205: 300118.SZ OK
[22:47:11] [5分钟] 第 3241/5205 只: 300503.SZ
[22:47:11] [5分钟] 3241/5205: 300503.SZ OK
[22:47:11] [5分钟] 第 3242/5205 只: 000755.SZ
[22:47:11] [5分钟] 3242/5205: 000755.SZ OK
[22:47:11] [5分钟] 第 3243/5205 只: 300475.SZ
[22:47:11] [5分钟] 3243/5205: 300475.SZ OK
[22:47:11] [5分钟] 第 3244/5205 只: 002259.SZ
[22:47:11] [5分钟] 3244/5205: 002259.SZ OK
[22:47:11] [5分钟] 第 3245/5205 只: 002642.SZ
[22:47:11] [5分钟] 3245/5205: 002642.SZ OK
[22:47:11] [5分钟] 第 3246/5205 只: 000721.SZ
[22:47:11] [5分钟] 3246/5205: 000721.SZ OK
[22:47:11] [5分钟] 第 3247/5205 只: 301281.SZ
[22:47:11] [5分钟] 3247/5205: 301281.SZ OK
[22:47:11] [5分钟] 第 3248/5205 只: 300401.SZ
[22:47:11] [5分钟] 3248/5205: 300401.SZ OK
[22:47:11] [5分钟] 第 3249/5205 只: 002636.SZ
[22:47:11] [5分钟] 3249/5205: 002636.SZ OK
[22:47:11] [5分钟] 第 3250/5205 只: 300086.SZ
[22:47:11] [5分钟] 3250/5205: 300086.SZ OK
[22:47:11] [5分钟 3250/5205] 成功3250，失败0，当前 300086.SZ
[22:47:11] [5分钟] 第 3251/5205 只: 301606.SZ
[22:47:11] [5分钟] 3251/5205: 301606.SZ OK
[22:47:11] [5分钟] 第 3252/5205 只: 301269.SZ
[22:47:11] [5分钟] 3252/5205: 301269.SZ OK
[22:47:11] [5分钟] 第 3253/5205 只: 300958.SZ
[22:47:11] [5分钟] 3253/5205: 300958.SZ OK
[22:47:11] [5分钟] 第 3254/5205 只: 000525.SZ
[22:47:11] [5分钟] 3254/5205: 000525.SZ OK
[22:47:11] [5分钟] 第 3255/5205 只: 002983.SZ
[22:47:11] [5分钟] 3255/5205: 002983.SZ OK
[22:47:11] [5分钟] 第 3256/5205 只: 301085.SZ
[22:47:11] [5分钟] 3256/5205: 301085.SZ OK
[22:47:11] [5分钟] 第 3257/5205 只: 300605.SZ
[22:47:11] [5分钟] 3257/5205: 300605.SZ OK
[22:47:11] [5分钟] 第 3258/5205 只: 002432.SZ
[22:47:11] [5分钟] 3258/5205: 002432.SZ OK
[22:47:11] [5分钟] 第 3259/5205 只: 002029.SZ
[22:47:11] [5分钟] 3259/5205: 002029.SZ OK
[22:47:11] [5分钟] 第 3260/5205 只: 000551.SZ
[22:47:11] [5分钟] 3260/5205: 000551.SZ OK
[22:47:11] [5分钟] 第 3261/5205 只: 300671.SZ
[22:47:11] [5分钟] 3261/5205: 300671.SZ OK
[22:47:11] [5分钟] 第 3262/5205 只: 002446.SZ
[22:47:11] [5分钟] 3262/5205: 002446.SZ OK
[22:47:11] [5分钟] 第 3263/5205 只: 001339.SZ
[22:47:11] [5分钟] 3263/5205: 001339.SZ OK
[22:47:11] [5分钟] 第 3264/5205 只: 300699.SZ
[22:47:11] [5分钟] 3264/5205: 300699.SZ OK
[22:47:11] [5分钟] 第 3265/5205 只: 301019.SZ
[22:47:11] [5分钟] 3265/5205: 301019.SZ OK
[22:47:11] [5分钟] 第 3266/5205 只: 002869.SZ
[22:47:11] [5分钟] 3266/5205: 002869.SZ OK
[22:47:11] [5分钟] 第 3267/5205 只: 300380.SZ
[22:47:11] [5分钟] 3267/5205: 300380.SZ OK
[22:47:11] [5分钟] 第 3268/5205 只: 301500.SZ
[22:47:11] [5分钟] 3268/5205: 301500.SZ OK
[22:47:11] [5分钟] 第 3269/5205 只: 002530.SZ
[22:47:11] [5分钟] 3269/5205: 002530.SZ OK
[22:47:11] [5分钟] 第 3270/5205 只: 301187.SZ
[22:47:11] [5分钟] 3270/5205: 301187.SZ OK
[22:47:11] [5分钟] 第 3271/5205 只: 002881.SZ
[22:47:11] [5分钟] 3271/5205: 002881.SZ OK
[22:47:11] [5分钟] 第 3272/5205 只: 300707.SZ
[22:47:11] [5分钟] 3272/5205: 300707.SZ OK
[22:47:11] [5分钟] 第 3273/5205 只: 002544.SZ
[22:47:11] [5分钟] 3273/5205: 002544.SZ OK
[22:47:11] [5分钟] 第 3274/5205 只: 000048.SZ
[22:47:11] [5分钟] 3274/5205: 000048.SZ OK
[22:47:11] [5分钟] 第 3275/5205 只: 300773.SZ
[22:47:11] [5分钟] 3275/5205: 300773.SZ OK
[22:47:11] [5分钟] 第 3276/5205 只: 300368.SZ
[22:47:11] [5分钟] 3276/5205: 300368.SZ OK
[22:47:11] [5分钟] 第 3277/5205 只: 002978.SZ
[22:47:11] [5分钟] 3277/5205: 002978.SZ OK
[22:47:11] [5分钟] 第 3278/5205 只: 300291.SZ
[22:47:11] [5分钟] 3278/5205: 300291.SZ OK
[22:47:11] [5分钟] 第 3279/5205 只: 000536.SZ
[22:47:11] [5分钟] 3279/5205: 000536.SZ OK
[22:47:11] [5分钟] 第 3280/5205 只: 002990.SZ
[22:47:11] [5分钟] 3280/5205: 002990.SZ OK
[22:47:11] [5分钟] 第 3281/5205 只: 301096.SZ
[22:47:11] [5分钟] 3281/5205: 301096.SZ OK
[22:47:11] [5分钟] 第 3282/5205 只: 300616.SZ
[22:47:11] [5分钟] 3282/5205: 300616.SZ OK
[22:47:11] [5分钟] 第 3283/5205 只: 002421.SZ
[22:47:11] [5分钟] 3283/5205: 002421.SZ OK
[22:47:11] [5分钟] 第 3284/5205 只: 000887.SZ
[22:47:11] [5分钟] 3284/5205: 000887.SZ OK
[22:47:11] [5分钟] 第 3285/5205 只: 000159.SZ
[22:47:11] [5分钟] 3285/5205: 000159.SZ OK
[22:47:11] [5分钟] 第 3286/5205 只: 300662.SZ
[22:47:11] [5分钟] 3286/5205: 300662.SZ OK
[22:47:11] [5分钟] 第 3287/5205 只: 300279.SZ
[22:47:11] [5分钟] 3287/5205: 300279.SZ OK
[22:47:11] [5分钟] 第 3288/5205 只: 002455.SZ
[22:47:11] [5分钟] 3288/5205: 002455.SZ OK
[22:47:11] [5分钟] 第 3289/5205 只: 002523.SZ
[22:47:11] [5分钟] 3289/5205: 002523.SZ OK
[22:47:11] [5分钟] 第 3290/5205 只: 000985.SZ
[22:47:11] [5分钟] 3290/5205: 000985.SZ OK
[22:47:11] [5分钟] 第 3291/5205 只: 002138.SZ
[22:47:11] [5分钟] 3291/5205: 002138.SZ OK
[22:47:11] [5分钟] 第 3292/5205 只: 002892.SZ
[22:47:11] [5分钟] 3292/5205: 002892.SZ OK
[22:47:11] [5分钟] 第 3293/5205 只: 002557.SZ
[22:47:11] [5分钟] 3293/5205: 002557.SZ OK
[22:47:11] [5分钟] 第 3294/5205 只: 300760.SZ
[22:47:11] [5分钟] 3294/5205: 300760.SZ OK
[22:47:11] [5分钟] 第 3295/5205 只: 301567.SZ
[22:47:11] [5分钟] 3295/5205: 301567.SZ OK
[22:47:11] [5分钟] 第 3296/5205 只: 000919.SZ
[22:47:11] [5分钟] 3296/5205: 000919.SZ OK
[22:47:11] [5分钟] 第 3297/5205 只: 001228.SZ
[22:47:11] [5分钟] 3297/5205: 001228.SZ OK
[22:47:11] [5分钟] 第 3298/5205 只: 300393.SZ
[22:47:11] [5分钟] 3298/5205: 300393.SZ OK
[22:47:11] [5分钟] 第 3299/5205 只: 300788.SZ
[22:47:11] [5分钟] 3299/5205: 300788.SZ OK
[22:47:11] [5分钟] 第 3300/5205 只: 301513.SZ
[22:47:11] [5分钟] 3300/5205: 301513.SZ OK
[22:47:11] [5分钟 3300/5205] 成功3300，失败0，当前 301513.SZ
[22:47:11] [5分钟] 第 3301/5205 只: 301108.SZ
[22:47:11] [5分钟] 3301/5205: 301108.SZ OK
[22:47:11] [5分钟] 第 3302/5205 只: 002348.SZ
[22:47:11] [5分钟] 3302/5205: 002348.SZ OK
[22:47:11] [5分钟] 第 3303/5205 只: 002753.SZ
[22:47:11] [5分钟] 3303/5205: 002753.SZ OK
[22:47:11] [5分钟] 第 3304/5205 只: 300564.SZ
[22:47:11] [5分钟] 3304/5205: 300564.SZ OK
[22:47:11] [5分钟] 第 3305/5205 只: 002727.SZ
[22:47:11] [5分钟] 3305/5205: 002727.SZ OK
[22:47:11] [5分钟] 第 3306/5205 只: 000630.SZ
[22:47:11] [5分钟] 3306/5205: 000630.SZ OK
[22:47:11] [5分钟] 第 3307/5205 只: 301390.SZ
[22:47:11] [5分钟] 3307/5205: 301390.SZ OK
[22:47:11] [5分钟] 第 3308/5205 只: 300510.SZ
[22:47:11] [5分钟] 3308/5205: 300510.SZ OK
[22:47:11] [5分钟] 第 3309/5205 只: 300197.SZ
[22:47:11] [5分钟] 3309/5205: 300197.SZ OK
[22:47:11] [5分钟] 第 3310/5205 只: 300849.SZ
[22:47:11] [5分钟] 3310/5205: 300849.SZ OK
[22:47:11] [5分钟] 第 3311/5205 只: 301378.SZ
[22:47:11] [5分钟] 3311/5205: 301378.SZ OK
[22:47:11] [5分钟] 第 3312/5205 只: 300095.SZ
[22:47:11] [5分钟] 3312/5205: 300095.SZ OK
[22:47:11] [5分钟] 第 3313/5205 只: 003039.SZ
[22:47:11] [5分钟] 3313/5205: 003039.SZ OK
[22:47:11] [5分钟] 第 3314/5205 只: 300466.SZ
[22:47:11] [5分钟] 3314/5205: 300466.SZ OK
[22:47:11] [5分钟] 第 3315/5205 只: 002651.SZ
[22:47:11] [5分钟] 3315/5205: 002651.SZ OK
[22:47:11] [5分钟] 第 3316/5205 只: 301292.SZ
[22:47:11] [5分钟] 3316/5205: 301292.SZ OK
[22:47:11] [5分钟] 第 3317/5205 只: 300009.SZ
[22:47:11] [5分钟] 3317/5205: 300009.SZ OK
[22:47:11] [5分钟] 第 3318/5205 只: 300412.SZ
[22:47:11] [5分钟] 3318/5205: 300412.SZ OK
[22:47:11] [5分钟] 第 3319/5205 只: 002625.SZ
[22:47:11] [5分钟] 3319/5205: 002625.SZ OK
[22:47:11] [5分钟] 第 3320/5205 只: 000009.SZ
[22:47:11] [5分钟] 3320/5205: 000009.SZ OK
[22:47:11] [5分钟] 第 3321/5205 只: 300329.SZ
[22:47:11] [5分钟] 3321/5205: 300329.SZ OK
[22:47:11] [5分钟] 第 3322/5205 只: 300732.SZ
[22:47:11] [5分钟] 3322/5205: 300732.SZ OK
[22:47:11] [5分钟] 第 3323/5205 只: 002571.SZ
[22:47:11] [5分钟] 3323/5205: 002571.SZ OK
[22:47:11] [5分钟] 第 3324/5205 只: 300746.SZ
[22:47:11] [5分钟] 3324/5205: 300746.SZ OK
[22:47:11] [5分钟] 第 3325/5205 只: 002599.SZ
[22:47:11] [5分钟] 3325/5205: 002599.SZ OK
[22:47:11] [5分钟] 第 3326/5205 只: 002182.SZ
[22:47:11] [5分钟] 3326/5205: 002182.SZ OK
[22:47:11] [5分钟] 第 3327/5205 只: 301535.SZ
[22:47:11] [5分钟] 3327/5205: 301535.SZ OK
[22:47:11] [5分钟] 第 3328/5205 只: 002828.SZ
[22:47:11] [5分钟] 3328/5205: 002828.SZ OK
[22:47:11] [5分钟] 第 3329/5205 只: 001378.SZ
[22:47:11] [5分钟] 3329/5205: 001378.SZ OK
[22:47:11] [5分钟] 第 3330/5205 只: 301058.SZ
[22:47:11] [5分钟] 3330/5205: 301058.SZ OK
[22:47:11] [5分钟] 第 3331/5205 只: 002080.SZ
[22:47:11] [5分钟] 3331/5205: 002080.SZ OK
[22:47:11] [5分钟] 第 3332/5205 只: 000510.SZ
[22:47:11] [5分钟] 3332/5205: 000510.SZ OK
[22:47:11] [5分钟] 第 3333/5205 只: 001390.SZ
[22:47:11] [5分钟] 3333/5205: 001390.SZ OK
[22:47:11] [5分钟] 第 3334/5205 只: 002407.SZ
[22:47:11] [5分钟] 3334/5205: 002407.SZ OK
[22:47:11] [5分钟] 第 3335/5205 只: 000564.SZ
[22:47:11] [5分钟] 3335/5205: 000564.SZ OK
[22:47:11] [5分钟] 第 3336/5205 只: 300644.SZ
[22:47:11] [5分钟] 3336/5205: 300644.SZ OK
[22:47:11] [5分钟] 第 3337/5205 只: 002068.SZ
[22:47:11] [5分钟] 3337/5205: 002068.SZ OK
[22:47:11] [5分钟] 第 3338/5205 只: 000788.SZ
[22:47:11] [5分钟] 3338/5205: 000788.SZ OK
[22:47:11] [5分钟] 第 3339/5205 只: 301633.SZ
[22:47:11] [5分钟] 3339/5205: 301633.SZ OK
[22:47:11] [5分钟] 第 3340/5205 只: 301228.SZ
[22:47:11] [5分钟] 3340/5205: 301228.SZ OK
[22:47:11] [5分钟] 第 3341/5205 只: 002284.SZ
[22:47:11] [5分钟] 3341/5205: 002284.SZ OK
[22:47:11] [5分钟] 第 3342/5205 只: 300919.SZ
[22:47:11] [5分钟] 3342/5205: 300919.SZ OK
[22:47:11] [5分钟] 第 3343/5205 只: 300440.SZ
[22:47:11] [5分钟] 3343/5205: 300440.SZ OK
[22:47:11] [5分钟] 第 3344/5205 只: 002677.SZ
[22:47:11] [5分钟] 3344/5205: 002677.SZ OK
[22:47:11] [5分钟] 第 3345/5205 只: 300434.SZ
[22:47:11] [5分钟] 3345/5205: 300434.SZ OK
[22:47:11] [5分钟] 第 3346/5205 只: 300985.SZ
[22:47:11] [5分钟] 3346/5205: 300985.SZ OK
[22:47:11] [5分钟] 第 3347/5205 只: 002603.SZ
[22:47:11] [5分钟] 3347/5205: 002603.SZ OK
[22:47:11] [5分钟] 第 3348/5205 只: 002218.SZ
[22:47:11] [5分钟] 3348/5205: 002218.SZ OK
[22:47:11] [5分钟] 第 3349/5205 只: 002775.SZ
[22:47:11] [5分钟] 3349/5205: 002775.SZ OK
[22:47:11] [5分钟] 第 3350/5205 只: 300542.SZ
[22:47:11] [5分钟] 3350/5205: 300542.SZ OK
[22:47:11] [5分钟 3350/5205] 成功3350，失败0，当前 300542.SZ
[22:47:11] [5分钟] 第 3351/5205 只: 300159.SZ
[22:47:11] [5分钟] 3351/5205: 300159.SZ OK
[22:47:11] [5分钟] 第 3352/5205 只: 300887.SZ
[22:47:11] [5分钟] 3352/5205: 300887.SZ OK
[22:47:11] [5分钟] 第 3353/5205 只: 002701.SZ
[22:47:11] [5分钟] 3353/5205: 002701.SZ OK
[22:47:11] [5分钟] 第 3354/5205 只: 300536.SZ
[22:47:11] [5分钟] 3354/5205: 300536.SZ OK
[22:47:11] [5分钟] 第 3355/5205 只: 002386.SZ
[22:47:11] [5分钟] 3355/5205: 002386.SZ OK
[22:47:11] [5分钟] 第 3356/5205 只: 300453.SZ
[22:47:11] [5分钟] 3356/5205: 300453.SZ OK
[22:47:11] [5分钟] 第 3357/5205 只: 300048.SZ
[22:47:11] [5分钟] 3357/5205: 300048.SZ OK
[22:47:11] [5分钟] 第 3358/5205 只: 002664.SZ
[22:47:11] [5分钟] 3358/5205: 002664.SZ OK
[22:47:11] [5分钟] 第 3359/5205 只: 000707.SZ
[22:47:11] [5分钟] 3359/5205: 000707.SZ OK
[22:47:11] [5分钟] 第 3360/5205 只: 300427.SZ
[22:47:11] [5分钟] 3360/5205: 300427.SZ OK
[22:47:11] [5分钟] 第 3361/5205 只: 300996.SZ
[22:47:11] [5分钟] 3361/5205: 300996.SZ OK
[22:47:11] [5分钟] 第 3362/5205 只: 002297.SZ
[22:47:11] [5分钟] 3362/5205: 002297.SZ OK
[22:47:11] [5分钟] 第 3363/5205 只: 002395.SZ
[22:47:11] [5分钟] 3363/5205: 002395.SZ OK
[22:47:11] [5分钟] 第 3364/5205 只: 300808.SZ
[22:47:11] [5分钟] 3364/5205: 300808.SZ OK
[22:47:11] [5分钟] 第 3365/5205 只: 301339.SZ
[22:47:11] [5分钟] 3365/5205: 301339.SZ OK
[22:47:11] [5分钟] 第 3366/5205 只: 002766.SZ
[22:47:11] [5分钟] 3366/5205: 002766.SZ OK
[22:47:11] [5分钟] 第 3367/5205 只: 300551.SZ
[22:47:11] [5分钟] 3367/5205: 300551.SZ OK
[22:47:11] [5分钟] 第 3368/5205 只: 300894.SZ
[22:47:11] [5分钟] 3368/5205: 300894.SZ OK
[22:47:11] [5分钟] 第 3369/5205 只: 002712.SZ
[22:47:11] [5分钟] 3369/5205: 002712.SZ OK
[22:47:11] [5分钟] 第 3370/5205 只: 002309.SZ
[22:47:11] [5分钟] 3370/5205: 002309.SZ OK
[22:47:11] [5分钟] 第 3371/5205 只: 000605.SZ
[22:47:11] [5分钟] 3371/5205: 000605.SZ OK
[22:47:11] [5分钟] 第 3372/5205 只: 300525.SZ
[22:47:11] [5分钟] 3372/5205: 300525.SZ OK
[22:47:11] [5分钟] 第 3373/5205 只: 000958.SZ
[22:47:11] [5分钟] 3373/5205: 000958.SZ OK
[22:47:11] [5分钟] 第 3374/5205 只: 001269.SZ
[22:47:11] [5分钟] 3374/5205: 001269.SZ OK
[22:47:11] [5分钟] 第 3375/5205 只: 301149.SZ
[22:47:11] [5分钟] 3375/5205: 301149.SZ OK
[22:47:11] [5分钟] 第 3376/5205 只: 301552.SZ
[22:47:11] [5分钟] 3376/5205: 301552.SZ OK
[22:47:11] [5分钟] 第 3377/5205 只: 002191.SZ
[22:47:11] [5分钟] 3377/5205: 002191.SZ OK
[22:47:11] [5分钟] 第 3378/5205 只: 301526.SZ
[22:47:11] [5分钟] 3378/5205: 301526.SZ OK
[22:47:11] [5分钟] 第 3379/5205 只: 002516.SZ
[22:47:11] [5分钟] 3379/5205: 002516.SZ OK
[22:47:11] [5分钟] 第 3380/5205 只: 000401.SZ
[22:47:11] [5分钟] 3380/5205: 000401.SZ OK
[22:47:11] [5分钟] 第 3381/5205 只: 300721.SZ
[22:47:11] [5分钟] 3381/5205: 300721.SZ OK
[22:47:11] [5分钟] 第 3382/5205 只: 002179.SZ
[22:47:11] [5分钟] 3382/5205: 002179.SZ OK
[22:47:11] [5分钟] 第 3383/5205 只: 002562.SZ
[22:47:11] [5分钟] 3383/5205: 002562.SZ OK
[22:47:11] [5分钟] 第 3384/5205 只: 300755.SZ
[22:47:11] [5分钟] 3384/5205: 300755.SZ OK
[22:47:11] [5分钟] 第 3385/5205 只: 000503.SZ
[22:47:11] [5分钟] 3385/5205: 000503.SZ OK
[22:47:11] [5分钟] 第 3386/5205 只: 300238.SZ
[22:47:11] [5分钟] 3386/5205: 300238.SZ OK
[22:47:11] [5分钟] 第 3387/5205 只: 300623.SZ
[22:47:11] [5分钟] 3387/5205: 300623.SZ OK
[22:47:11] [5分钟] 第 3388/5205 只: 002414.SZ
[22:47:11] [5分钟] 3388/5205: 002414.SZ OK
[22:47:11] [5分钟] 第 3389/5205 只: 300657.SZ
[22:47:11] [5分钟] 3389/5205: 300657.SZ OK
[22:47:11] [5分钟] 第 3390/5205 只: 002460.SZ
[22:47:11] [5分钟] 3390/5205: 002460.SZ OK
[22:47:11] [5分钟] 第 3391/5205 只: 002939.SZ
[22:47:11] [5分钟] 3391/5205: 002939.SZ OK
[22:47:11] [5分钟] 第 3392/5205 只: 002488.SZ
[22:47:11] [5分钟] 3392/5205: 002488.SZ OK
[22:47:11] [5分钟] 第 3393/5205 只: 002093.SZ
[22:47:11] [5分钟] 3393/5205: 002093.SZ OK
[22:47:11] [5分钟] 第 3394/5205 只: 300395.SZ
[22:47:11] [5分钟] 3394/5205: 300395.SZ OK
[22:47:11] [5分钟] 第 3395/5205 只: 002808.SZ
[22:47:11] [5分钟] 3395/5205: 002808.SZ OK
[22:47:11] [5分钟] 第 3396/5205 只: 301515.SZ
[22:47:11] [5分钟] 3396/5205: 301515.SZ OK
[22:47:11] [5分钟] 第 3397/5205 只: 000983.SZ
[22:47:11] [5分钟] 3397/5205: 000983.SZ OK
[22:47:11] [5分钟] 第 3398/5205 只: 301192.SZ
[22:47:11] [5分钟] 3398/5205: 301192.SZ OK
[22:47:11] [5分钟] 第 3399/5205 只: 000029.SZ
[22:47:11] [5分钟] 3399/5205: 000029.SZ OK
[22:47:11] [5分钟] 第 3400/5205 只: 301589.SZ
[22:47:11] [5分钟] 3400/5205: 301589.SZ OK
[22:47:11] [5分钟 3400/5205] 成功3400，失败0，当前 301589.SZ
[22:47:11] [5分钟] 第 3401/5205 只: 300712.SZ
[22:47:11] [5分钟] 3401/5205: 300712.SZ OK
[22:47:11] [5分钟] 第 3402/5205 只: 002551.SZ
[22:47:11] [5分钟] 3402/5205: 002551.SZ OK
[22:47:11] [5分钟] 第 3403/5205 只: 300766.SZ
[22:47:11] [5分钟] 3403/5205: 300766.SZ OK
[22:47:11] [5分钟] 第 3404/5205 只: 002996.SZ
[22:47:11] [5分钟] 3404/5205: 002996.SZ OK
[22:47:11] [5分钟] 第 3405/5205 只: 301090.SZ
[22:47:11] [5分钟] 3405/5205: 301090.SZ OK
[22:47:11] [5分钟] 第 3406/5205 只: 000530.SZ
[22:47:11] [5分钟] 3406/5205: 000530.SZ OK
[22:47:11] [5分钟] 第 3407/5205 只: 300610.SZ
[22:47:11] [5分钟] 3407/5205: 300610.SZ OK
[22:47:11] [5分钟] 第 3408/5205 只: 000881.SZ
[22:47:11] [5分钟] 3408/5205: 000881.SZ OK
[22:47:11] [5分钟] 第 3409/5205 只: 002427.SZ
[22:47:11] [5分钟] 3409/5205: 002427.SZ OK
[22:47:11] [5分钟] 第 3410/5205 只: 000544.SZ
[22:47:11] [5分钟] 3410/5205: 000544.SZ OK
[22:47:11] [5分钟] 第 3411/5205 只: 300664.SZ
[22:47:11] [5分钟] 3411/5205: 300664.SZ OK
[22:47:11] [5分钟] 第 3412/5205 只: 002453.SZ
[22:47:11] [5分钟] 3412/5205: 002453.SZ OK
[22:47:11] [5分钟] 第 3413/5205 只: 002048.SZ
[22:47:11] [5分钟] 3413/5205: 002048.SZ OK
[22:47:11] [5分钟] 第 3414/5205 只: 001358.SZ
[22:47:11] [5分钟] 3414/5205: 001358.SZ OK
[22:47:11] [5分钟] 第 3415/5205 只: 301078.SZ
[22:47:11] [5分钟] 3415/5205: 301078.SZ OK
[22:47:11] [5分钟] 第 3416/5205 只: 000869.SZ
[22:47:11] [5分钟] 3416/5205: 000869.SZ OK
[22:47:11] [5分钟] 第 3417/5205 只: 300460.SZ
[22:47:11] [5分钟] 3417/5205: 300460.SZ OK
[22:47:11] [5分钟] 第 3418/5205 只: 002657.SZ
[22:47:11] [5分钟] 3418/5205: 002657.SZ OK
[22:47:11] [5分钟] 第 3419/5205 只: 300414.SZ
[22:47:11] [5分钟] 3419/5205: 300414.SZ OK
[22:47:11] [5分钟] 第 3420/5205 只: 002238.SZ
[22:47:11] [5分钟] 3420/5205: 002238.SZ OK
[22:47:11] [5分钟] 第 3421/5205 只: 002623.SZ
[22:47:11] [5分钟] 3421/5205: 002623.SZ OK
[22:47:11] [5分钟] 第 3422/5205 只: 300488.SZ
[22:47:11] [5分钟] 3422/5205: 300488.SZ OK
[22:47:11] [5分钟] 第 3423/5205 只: 300093.SZ
[22:47:11] [5分钟] 3423/5205: 300093.SZ OK
[22:47:11] [5分钟] 第 3424/5205 只: 301208.SZ
[22:47:11] [5分钟] 3424/5205: 301208.SZ OK
[22:47:11] [5分钟] 第 3425/5205 只: 301613.SZ
[22:47:11] [5分钟] 3425/5205: 301613.SZ OK
[22:47:11] [5分钟] 第 3426/5205 只: 300939.SZ
[22:47:11] [5分钟] 3426/5205: 300939.SZ OK
[22:47:11] [5分钟] 第 3427/5205 只: 301667.SZ
[22:47:11] [5分钟] 3427/5205: 301667.SZ OK
[22:47:11] [5分钟] 第 3428/5205 只: 300191.SZ
[22:47:11] [5分钟] 3428/5205: 300191.SZ OK
[22:47:11] [5分钟] 第 3429/5205 只: 002755.SZ
[22:47:11] [5分钟] 3429/5205: 002755.SZ OK
[22:47:11] [5分钟] 第 3430/5205 只: 300179.SZ
[22:47:11] [5分钟] 3430/5205: 300179.SZ OK
[22:47:11] [5分钟] 第 3431/5205 只: 300562.SZ
[22:47:11] [5分钟] 3431/5205: 300562.SZ OK
[22:47:11] [5分钟] 第 3432/5205 只: 002721.SZ
[22:47:11] [5分钟] 3432/5205: 002721.SZ OK
[22:47:11] [5分钟] 第 3433/5205 只: 301396.SZ
[22:47:11] [5分钟] 3433/5205: 301396.SZ OK
[22:47:11] [5分钟] 第 3434/5205 只: 000636.SZ
[22:47:11] [5分钟] 3434/5205: 000636.SZ OK
[22:47:11] [5分钟] 第 3435/5205 只: 300516.SZ
[22:47:11] [5分钟] 3435/5205: 300516.SZ OK
[22:47:11] [5分钟] 第 3436/5205 只: 300080.SZ
[22:47:11] [5分钟] 3436/5205: 300080.SZ OK
[22:47:11] [5分钟] 第 3437/5205 只: 301600.SZ
[22:47:11] [5分钟] 3437/5205: 301600.SZ OK
[22:47:11] [5分钟] 第 3438/5205 只: 000753.SZ
[22:47:11] [5分钟] 3438/5205: 000753.SZ OK
[22:47:11] [5分钟] 第 3439/5205 只: 300068.SZ
[22:47:11] [5分钟] 3439/5205: 300068.SZ OK
[22:47:11] [5分钟] 第 3440/5205 只: 300473.SZ
[22:47:11] [5分钟] 3440/5205: 300473.SZ OK
[22:47:11] [5分钟] 第 3441/5205 只: 002644.SZ
[22:47:11] [5分钟] 3441/5205: 002644.SZ OK
[22:47:11] [5分钟] 第 3442/5205 只: 301287.SZ
[22:47:11] [5分钟] 3442/5205: 301287.SZ OK
[22:47:11] [5分钟] 第 3443/5205 只: 000727.SZ
[22:47:11] [5分钟] 3443/5205: 000727.SZ OK
[22:47:11] [5分钟] 第 3444/5205 只: 300407.SZ
[22:47:11] [5分钟] 3444/5205: 300407.SZ OK
[22:47:11] [5分钟] 第 3445/5205 只: 002630.SZ
[22:47:11] [5分钟] 3445/5205: 002630.SZ OK
[22:47:11] [5分钟] 第 3446/5205 只: 002746.SZ
[22:47:11] [5分钟] 3446/5205: 002746.SZ OK
[22:47:11] [5分钟] 第 3447/5205 只: 000651.SZ
[22:47:11] [5分钟] 3447/5205: 000651.SZ OK
[22:47:11] [5分钟] 第 3448/5205 只: 300571.SZ
[22:47:11] [5分钟] 3448/5205: 300571.SZ OK
[22:47:11] [5分钟] 第 3449/5205 只: 002329.SZ
[22:47:11] [5分钟] 3449/5205: 002329.SZ OK
[22:47:11] [5分钟] 第 3450/5205 只: 002732.SZ
[22:47:11] [5分钟] 3450/5205: 002732.SZ OK
[22:47:11] [5分钟 3450/5205] 成功3450，失败0，当前 002732.SZ
[22:47:11] [5分钟] 第 3451/5205 只: 000625.SZ
[22:47:11] [5分钟] 3451/5205: 000625.SZ OK
[22:47:11] [5分钟] 第 3452/5205 只: 300505.SZ
[22:47:11] [5分钟] 3452/5205: 300505.SZ OK
[22:47:11] [5分钟] 第 3453/5205 只: 300828.SZ
[22:47:11] [5分钟] 3453/5205: 300828.SZ OK
[22:47:11] [5分钟] 第 3454/5205 只: 300599.SZ
[22:47:11] [5分钟] 3454/5205: 300599.SZ OK
[22:47:11] [5分钟] 第 3455/5205 只: 300182.SZ
[22:47:11] [5分钟] 3455/5205: 300182.SZ OK
[22:47:11] [5分钟] 第 3456/5205 只: 301319.SZ
[22:47:11] [5分钟] 3456/5205: 301319.SZ OK
[22:47:11] [5分钟] 第 3457/5205 只: 000990.SZ
[22:47:11] [5分钟] 3457/5205: 000990.SZ OK
[22:47:11] [5分钟] 第 3458/5205 只: 002536.SZ
[22:47:11] [5分钟] 3458/5205: 002536.SZ OK
[22:47:11] [5分钟] 第 3459/5205 只: 301181.SZ
[22:47:11] [5分钟] 3459/5205: 301181.SZ OK
[22:47:11] [5分钟] 第 3460/5205 只: 002887.SZ
[22:47:11] [5分钟] 3460/5205: 002887.SZ OK
[22:47:11] [5分钟] 第 3461/5205 只: 000421.SZ
[22:47:11] [5分钟] 3461/5205: 000421.SZ OK
[22:47:11] [5分钟] 第 3462/5205 只: 300701.SZ
[22:47:11] [5分钟] 3462/5205: 300701.SZ OK
[22:47:11] [5分钟] 第 3463/5205 只: 002542.SZ
[22:47:11] [5分钟] 3463/5205: 002542.SZ OK
[22:47:11] [5分钟] 第 3464/5205 只: 002159.SZ
[22:47:11] [5分钟] 3464/5205: 002159.SZ OK
[22:47:11] [5分钟] 第 3465/5205 只: 300775.SZ
[22:47:11] [5分钟] 3465/5205: 300775.SZ OK
[22:47:11] [5分钟] 第 3466/5205 只: 000978.SZ
[22:47:11] [5分钟] 3466/5205: 000978.SZ OK
[22:47:11] [5分钟] 第 3467/5205 只: 301169.SZ
[22:47:11] [5分钟] 3467/5205: 301169.SZ OK
[22:47:11] [5分钟] 第 3468/5205 只: 300386.SZ
[22:47:11] [5分钟] 3468/5205: 300386.SZ OK
[22:47:11] [5分钟] 第 3469/5205 只: 300284.SZ
[22:47:11] [5分钟] 3469/5205: 300284.SZ OK
[22:47:11] [5分钟] 第 3470/5205 只: 002919.SZ
[22:47:11] [5分钟] 3470/5205: 002919.SZ OK
[22:47:11] [5分钟] 第 3471/5205 只: 002985.SZ
[22:47:11] [5分钟] 3471/5205: 002985.SZ OK
[22:47:11] [5分钟] 第 3472/5205 只: 301083.SZ
[22:47:11] [5分钟] 3472/5205: 301083.SZ OK
[22:47:11] [5分钟] 第 3473/5205 只: 301498.SZ
[22:47:11] [5分钟] 3473/5205: 301498.SZ OK
[22:47:11] [5分钟] 第 3474/5205 只: 000523.SZ
[22:47:11] [5分钟] 3474/5205: 000523.SZ OK
[22:47:11] [5分钟] 第 3475/5205 只: 300603.SZ
[22:47:11] [5分钟] 3475/5205: 300603.SZ OK
[22:47:11] [5分钟] 第 3476/5205 只: 300218.SZ
[22:47:11] [5分钟] 3476/5205: 300218.SZ OK
[22:47:11] [5分钟] 第 3477/5205 只: 000892.SZ
[22:47:11] [5分钟] 3477/5205: 000892.SZ OK
[22:47:11] [5分钟] 第 3478/5205 只: 002434.SZ
[22:47:11] [5分钟] 3478/5205: 002434.SZ OK
[22:47:11] [5分钟] 第 3479/5205 只: 000557.SZ
[22:47:11] [5分钟] 3479/5205: 000557.SZ OK
[22:47:11] [5分钟] 第 3480/5205 只: 300677.SZ
[22:47:11] [5分钟] 3480/5205: 300677.SZ OK
[22:47:11] [5分钟] 第 3481/5205 只: 002440.SZ
[22:47:11] [5分钟] 3481/5205: 002440.SZ OK
[22:47:11] [5分钟] 第 3482/5205 只: 002760.SZ
[22:47:11] [5分钟] 3482/5205: 002760.SZ OK
[22:47:11] [5分钟] 第 3483/5205 只: 000677.SZ
[22:47:11] [5分钟] 3483/5205: 000677.SZ OK
[22:47:11] [5分钟] 第 3484/5205 只: 300557.SZ
[22:47:11] [5分钟] 3484/5205: 300557.SZ OK
[22:47:11] [5分钟] 第 3485/5205 只: 300892.SZ
[22:47:11] [5分钟] 3485/5205: 300892.SZ OK
[22:47:11] [5分钟] 第 3486/5205 只: 002714.SZ
[22:47:11] [5分钟] 3486/5205: 002714.SZ OK
[22:47:11] [5分钟] 第 3487/5205 只: 000603.SZ
[22:47:11] [5分钟] 3487/5205: 000603.SZ OK
[22:47:11] [5分钟] 第 3488/5205 只: 300523.SZ
[22:47:11] [5分钟] 3488/5205: 300523.SZ OK
[22:47:11] [5分钟] 第 3489/5205 只: 300138.SZ
[22:47:11] [5分钟] 3489/5205: 300138.SZ OK
[22:47:11] [5分钟] 第 3490/5205 只: 002393.SZ
[22:47:11] [5分钟] 3490/5205: 002393.SZ OK
[22:47:11] [5分钟] 第 3491/5205 只: 002788.SZ
[22:47:11] [5分钟] 3491/5205: 002788.SZ OK
[22:47:11] [5分钟] 第 3492/5205 只: 301626.SZ
[22:47:11] [5分钟] 3492/5205: 301626.SZ OK
[22:47:11] [5分钟] 第 3493/5205 只: 002291.SZ
[22:47:11] [5分钟] 3493/5205: 002291.SZ OK
[22:47:11] [5分钟] 第 3494/5205 只: 300978.SZ
[22:47:11] [5分钟] 3494/5205: 300978.SZ OK
[22:47:11] [5分钟] 第 3495/5205 只: 300455.SZ
[22:47:11] [5分钟] 3495/5205: 300455.SZ OK
[22:47:11] [5分钟] 第 3496/5205 只: 002662.SZ
[22:47:11] [5分钟] 3496/5205: 002662.SZ OK
[22:47:11] [5分钟] 第 3497/5205 只: 002279.SZ
[22:47:11] [5分钟] 3497/5205: 002279.SZ OK
[22:47:11] [5分钟] 第 3498/5205 只: 000701.SZ
[22:47:11] [5分钟] 3498/5205: 000701.SZ OK
[22:47:11] [5分钟] 第 3499/5205 只: 300421.SZ
[22:47:11] [5分钟] 3499/5205: 300421.SZ OK
[22:47:11] [5分钟] 第 3500/5205 只: 300990.SZ
[22:47:11] [5分钟] 3500/5205: 300990.SZ OK
[22:47:11] [5分钟 3500/5205] 成功3500，失败0，当前 300990.SZ
[22:47:11] [5分钟] 第 3501/5205 只: 002616.SZ
[22:47:11] [5分钟] 3501/5205: 002616.SZ OK
[22:47:11] [5分钟] 第 3502/5205 只: 301456.SZ
[22:47:11] [5分钟] 3502/5205: 301456.SZ OK
[22:47:11] [5分钟] 第 3503/5205 只: 001319.SZ
[22:47:11] [5分钟] 3503/5205: 001319.SZ OK
[22:47:11] [5分钟] 第 3504/5205 只: 301039.SZ
[22:47:11] [5分钟] 3504/5205: 301039.SZ OK
[22:47:11] [5分钟] 第 3505/5205 只: 000599.SZ
[22:47:11] [5分钟] 3505/5205: 000599.SZ OK
[22:47:11] [5分钟] 第 3506/5205 只: 000828.SZ
[22:47:11] [5分钟] 3506/5205: 000828.SZ OK
[22:47:11] [5分钟] 第 3507/5205 只: 002095.SZ
[22:47:11] [5分钟] 3507/5205: 002095.SZ OK
[22:47:11] [5分钟] 第 3508/5205 只: 000505.SZ
[22:47:11] [5分钟] 3508/5205: 000505.SZ OK
[22:47:11] [5分钟] 第 3509/5205 只: 300625.SZ
[22:47:11] [5分钟] 3509/5205: 300625.SZ OK
[22:47:11] [5分钟] 第 3510/5205 只: 002009.SZ
[22:47:11] [5分钟] 3510/5205: 002009.SZ OK
[22:47:11] [5分钟] 第 3511/5205 只: 002412.SZ
[22:47:11] [5分钟] 3511/5205: 002412.SZ OK
[22:47:11] [5分钟] 第 3512/5205 只: 000571.SZ
[22:47:11] [5分钟] 3512/5205: 000571.SZ OK
[22:47:11] [5分钟] 第 3513/5205 只: 300651.SZ
[22:47:11] [5分钟] 3513/5205: 300651.SZ OK
[22:47:11] [5分钟] 第 3514/5205 只: 002466.SZ
[22:47:11] [5分钟] 3514/5205: 002466.SZ OK
[22:47:11] [5分钟] 第 3515/5205 只: 002510.SZ
[22:47:11] [5分钟] 3515/5205: 002510.SZ OK
[22:47:11] [5分钟] 第 3516/5205 只: 000407.SZ
[22:47:11] [5分钟] 3516/5205: 000407.SZ OK
[22:47:11] [5分钟] 第 3517/5205 只: 300727.SZ
[22:47:11] [5分钟] 3517/5205: 300727.SZ OK
[22:47:11] [5分钟] 第 3518/5205 只: 001287.SZ
[22:47:11] [5分钟] 3518/5205: 001287.SZ OK
[22:47:11] [5分钟] 第 3519/5205 只: 002564.SZ
[22:47:11] [5分钟] 3519/5205: 002564.SZ OK
[22:47:11] [5分钟] 第 3520/5205 只: 000068.SZ
[22:47:11] [5分钟] 3520/5205: 000068.SZ OK
[22:47:11] [5分钟] 第 3521/5205 只: 300348.SZ
[22:47:11] [5分钟] 3521/5205: 300348.SZ OK
[22:47:11] [5分钟] 第 3522/5205 只: 300753.SZ
[22:47:11] [5分钟] 3522/5205: 300753.SZ OK
[22:47:11] [5分钟] 第 3523/5205 只: 002849.SZ
[22:47:11] [5分钟] 3523/5205: 002849.SZ OK
[22:47:11] [5分钟] 第 3524/5205 只: 002197.SZ
[22:47:11] [5分钟] 3524/5205: 002197.SZ OK
[22:47:11] [5分钟] 第 3525/5205 只: 301520.SZ
[22:47:11] [5分钟] 3525/5205: 301520.SZ OK
[22:47:11] [5分钟] 第 3526/5205 只: 000516.SZ
[22:47:11] [5分钟] 3526/5205: 000516.SZ OK
[22:47:11] [5分钟] 第 3527/5205 只: 300636.SZ
[22:47:11] [5分钟] 3527/5205: 300636.SZ OK
[22:47:11] [5分钟] 第 3528/5205 只: 001396.SZ
[22:47:11] [5分钟] 3528/5205: 001396.SZ OK
[22:47:11] [5分钟] 第 3529/5205 只: 002401.SZ
[22:47:11] [5分钟] 3529/5205: 002401.SZ OK
[22:47:11] [5分钟] 第 3530/5205 只: 300259.SZ
[22:47:11] [5分钟] 3530/5205: 300259.SZ OK
[22:47:11] [5分钟] 第 3531/5205 只: 300642.SZ
[22:47:11] [5分钟] 3531/5205: 300642.SZ OK
[22:47:11] [5分钟] 第 3532/5205 只: 002475.SZ
[22:47:11] [5分钟] 3532/5205: 002475.SZ OK
[22:47:11] [5分钟] 第 3533/5205 只: 002958.SZ
[22:47:11] [5分钟] 3533/5205: 002958.SZ OK
[22:47:11] [5分钟] 第 3534/5205 只: 002086.SZ
[22:47:11] [5分钟] 3534/5205: 002086.SZ OK
[22:47:11] [5分钟] 第 3535/5205 只: 002184.SZ
[22:47:11] [5分钟] 3535/5205: 002184.SZ OK
[22:47:11] [5分钟] 第 3536/5205 只: 001208.SZ
[22:47:11] [5分钟] 3536/5205: 001208.SZ OK
[22:47:11] [5分钟] 第 3537/5205 只: 301128.SZ
[22:47:11] [5分钟] 3537/5205: 301128.SZ OK
[22:47:11] [5分钟] 第 3538/5205 只: 301533.SZ
[22:47:11] [5分钟] 3538/5205: 301533.SZ OK
[22:47:11] [5分钟] 第 3539/5205 只: 000488.SZ
[22:47:11] [5分钟] 3539/5205: 000488.SZ OK
[22:47:11] [5分钟] 第 3540/5205 只: 002577.SZ
[22:47:11] [5分钟] 3540/5205: 002577.SZ OK
[22:47:11] [5分钟] 第 3541/5205 只: 300740.SZ
[22:47:11] [5分钟] 3541/5205: 300740.SZ OK
[22:47:11] [5分钟] 第 3542/5205 只: 002380.SZ
[22:47:11] [5分钟] 3542/5205: 002380.SZ OK
[22:47:11] [5分钟] 第 3543/5205 只: 300869.SZ
[22:47:11] [5分钟] 3543/5205: 300869.SZ OK
[22:47:11] [5分钟] 第 3544/5205 只: 301358.SZ
[22:47:11] [5分钟] 3544/5205: 301358.SZ OK
[22:47:11] [5分钟] 第 3545/5205 只: 002773.SZ
[22:47:11] [5分钟] 3545/5205: 002773.SZ OK
[22:47:11] [5分钟] 第 3546/5205 只: 002368.SZ
[22:47:11] [5分钟] 3546/5205: 002368.SZ OK
[22:47:11] [5分钟] 第 3547/5205 只: 300881.SZ
[22:47:11] [5分钟] 3547/5205: 300881.SZ OK
[22:47:11] [5分钟] 第 3548/5205 只: 002707.SZ
[22:47:11] [5分钟] 3548/5205: 002707.SZ OK
[22:47:11] [5分钟] 第 3549/5205 只: 000610.SZ
[22:47:11] [5分钟] 3549/5205: 000610.SZ OK
[22:47:11] [5分钟] 第 3550/5205 只: 300530.SZ
[22:47:11] [5分钟] 3550/5205: 300530.SZ OK
[22:47:11] [5分钟 3550/5205] 成功3550，失败0，当前 300530.SZ
[22:47:11] [5分钟] 第 3551/5205 只: 000766.SZ
[22:47:11] [5分钟] 3551/5205: 000766.SZ OK
[22:47:11] [5分钟] 第 3552/5205 只: 300446.SZ
[22:47:11] [5分钟] 3552/5205: 300446.SZ OK
[22:47:11] [5分钟] 第 3553/5205 只: 002671.SZ
[22:47:11] [5分钟] 3553/5205: 002671.SZ OK
[22:47:11] [5分钟] 第 3554/5205 只: 000712.SZ
[22:47:11] [5分钟] 3554/5205: 000712.SZ OK
[22:47:11] [5分钟] 第 3555/5205 只: 300432.SZ
[22:47:11] [5分钟] 3555/5205: 300432.SZ OK
[22:47:11] [5分钟] 第 3556/5205 只: 300029.SZ
[22:47:11] [5分钟] 3556/5205: 300029.SZ OK
[22:47:11] [5分钟] 第 3557/5205 只: 300983.SZ
[22:47:11] [5分钟] 3557/5205: 300983.SZ OK
[22:47:11] [5分钟] 第 3558/5205 只: 002605.SZ
[22:47:11] [5分钟] 3558/5205: 002605.SZ OK
[22:47:11] [5分钟] 第 3559/5205 只: 002282.SZ
[22:47:11] [5分钟] 3559/5205: 002282.SZ OK
[22:47:11] [5分钟] 第 3560/5205 只: 003019.SZ
[22:47:11] [5分钟] 3560/5205: 003019.SZ OK
[22:47:11] [5分钟] 第 3561/5205 只: 300681.SZ
[22:47:11] [5分钟] 3561/5205: 300681.SZ OK
[22:47:11] [5分钟] 第 3562/5205 只: 002907.SZ
[22:47:11] [5分钟] 3562/5205: 002907.SZ OK
[22:47:11] [5分钟] 第 3563/5205 只: 301001.SZ
[22:47:11] [5分钟] 3563/5205: 301001.SZ OK
[22:47:11] [5分钟] 第 3564/5205 只: 000810.SZ
[22:47:11] [5分钟] 3564/5205: 000810.SZ OK
[22:47:11] [5分钟] 第 3565/5205 只: 301075.SZ
[22:47:11] [5分钟] 3565/5205: 301075.SZ OK
[22:47:11] [5分钟] 第 3566/5205 只: 002973.SZ
[22:47:11] [5分钟] 3566/5205: 002973.SZ OK
[22:47:11] [5分钟] 第 3567/5205 只: 300669.SZ
[22:47:11] [5分钟] 3567/5205: 300669.SZ OK
[22:47:11] [5分钟] 第 3568/5205 只: 300272.SZ
[22:47:11] [5分钟] 3568/5205: 300272.SZ OK
[22:47:11] [5分钟] 第 3569/5205 只: 002045.SZ
[22:47:11] [5分钟] 3569/5205: 002045.SZ OK
[22:47:11] [5分钟] 第 3570/5205 只: 301486.SZ
[22:47:11] [5分钟] 3570/5205: 301486.SZ OK
[22:47:11] [5分钟] 第 3571/5205 只: 300206.SZ
[22:47:11] [5分钟] 3571/5205: 300206.SZ OK
[22:47:11] [5分钟] 第 3572/5205 只: 002031.SZ
[22:47:11] [5分钟] 3572/5205: 002031.SZ OK
[22:47:11] [5分钟] 第 3573/5205 只: 000050.SZ
[22:47:11] [5分钟] 3573/5205: 000050.SZ OK
[22:47:11] [5分钟] 第 3574/5205 只: 300370.SZ
[22:47:11] [5分钟] 3574/5205: 300370.SZ OK
[22:47:11] [5分钟] 第 3575/5205 只: 002528.SZ
[22:47:11] [5分钟] 3575/5205: 002528.SZ OK
[22:47:11] [5分钟] 第 3576/5205 只: 002133.SZ
[22:47:11] [5分钟] 3576/5205: 002133.SZ OK
[22:47:11] [5分钟] 第 3577/5205 只: 301584.SZ
[22:47:11] [5分钟] 3577/5205: 301584.SZ OK
[22:47:11] [5分钟] 第 3578/5205 只: 002899.SZ
[22:47:11] [5分钟] 3578/5205: 002899.SZ OK
[22:47:11] [5分钟] 第 3579/5205 只: 300304.SZ
[22:47:11] [5分钟] 3579/5205: 300304.SZ OK
[22:47:11] [5分钟] 第 3580/5205 只: 000912.SZ
[22:47:11] [5分钟] 3580/5205: 000912.SZ OK
[22:47:11] [5分钟] 第 3581/5205 只: 001223.SZ
[22:47:11] [5分钟] 3581/5205: 001223.SZ OK
[22:47:11] [5分钟] 第 3582/5205 只: 300398.SZ
[22:47:11] [5分钟] 3582/5205: 300398.SZ OK
[22:47:11] [5分钟] 第 3583/5205 只: 300783.SZ
[22:47:11] [5分钟] 3583/5205: 300783.SZ OK
[22:47:11] [5分钟] 第 3584/5205 只: 301518.SZ
[22:47:11] [5分钟] 3584/5205: 301518.SZ OK
[22:47:11] [5分钟] 第 3585/5205 只: 301103.SZ
[22:47:11] [5分钟] 3585/5205: 301103.SZ OK
[22:47:11] [5分钟] 第 3586/5205 只: 002805.SZ
[22:47:11] [5分钟] 3586/5205: 002805.SZ OK
[22:47:11] [5分钟] 第 3587/5205 只: 000966.SZ
[22:47:11] [5分钟] 3587/5205: 000966.SZ OK
[22:47:11] [5分钟] 第 3588/5205 只: 001257.SZ
[22:47:11] [5分钟] 3588/5205: 001257.SZ OK
[22:47:11] [5分钟] 第 3589/5205 只: 002871.SZ
[22:47:11] [5分钟] 3589/5205: 002871.SZ OK
[22:47:11] [5分钟] 第 3590/5205 只: 301177.SZ
[22:47:11] [5分钟] 3590/5205: 301177.SZ OK
[22:47:11] [5分钟] 第 3591/5205 只: 002337.SZ
[22:47:11] [5分钟] 3591/5205: 002337.SZ OK
[22:47:11] [5分钟] 第 3592/5205 只: 300100.SZ
[22:47:11] [5分钟] 3592/5205: 300100.SZ OK
[22:47:11] [5分钟] 第 3593/5205 只: 001965.SZ
[22:47:11] [5分钟] 3593/5205: 001965.SZ OK
[22:47:11] [5分钟] 第 3594/5205 只: 002343.SZ
[22:47:11] [5分钟] 3594/5205: 002343.SZ OK
[22:47:11] [5分钟] 第 3595/5205 只: 002758.SZ
[22:47:11] [5分钟] 3595/5205: 002758.SZ OK
[22:47:11] [5分钟] 第 3596/5205 只: 300174.SZ
[22:47:11] [5分钟] 3596/5205: 300174.SZ OK
[22:47:11] [5分钟] 第 3597/5205 只: 300842.SZ
[22:47:11] [5分钟] 3597/5205: 300842.SZ OK
[22:47:11] [5分钟] 第 3598/5205 只: 301373.SZ
[22:47:11] [5分钟] 3598/5205: 301373.SZ OK
[22:47:11] [5分钟] 第 3599/5205 只: 300836.SZ
[22:47:11] [5分钟] 3599/5205: 300836.SZ OK
[22:47:11] [5分钟] 第 3600/5205 只: 300587.SZ
[22:47:11] [5分钟] 3600/5205: 300587.SZ OK
[22:47:11] [5分钟 3600/5205] 成功3600，失败0，当前 300587.SZ
[22:47:11] [5分钟] 第 3601/5205 只: 301307.SZ
[22:47:11] [5分钟] 3601/5205: 301307.SZ OK
[22:47:11] [5分钟] 第 3602/5205 只: 300940.SZ
[22:47:11] [5分钟] 3602/5205: 300940.SZ OK
[22:47:11] [5分钟] 第 3603/5205 只: 300485.SZ
[22:47:11] [5分钟] 3603/5205: 300485.SZ OK
[22:47:11] [5分钟] 第 3604/5205 只: 301205.SZ
[22:47:11] [5分钟] 3604/5205: 301205.SZ OK
[22:47:11] [5分钟] 第 3605/5205 只: 003032.SZ
[22:47:11] [5分钟] 3605/5205: 003032.SZ OK
[22:47:11] [5分钟] 第 3606/5205 只: 000739.SZ
[22:47:11] [5分钟] 3606/5205: 000739.SZ OK
[22:47:11] [5分钟] 第 3607/5205 只: 301682.SZ
[22:47:11] [5分钟] 3607/5205: 301682.SZ OK
[22:47:11] [5分钟] 第 3608/5205 只: 301299.SZ
[22:47:11] [5分钟] 3608/5205: 301299.SZ OK
[22:47:11] [5分钟] 第 3609/5205 只: 300002.SZ
[22:47:11] [5分钟] 3609/5205: 300002.SZ OK
[22:47:11] [5分钟] 第 3610/5205 只: 300419.SZ
[22:47:11] [5分钟] 3610/5205: 300419.SZ OK
[22:47:11] [5分钟] 第 3611/5205 只: 002235.SZ
[22:47:11] [5分钟] 3611/5205: 002235.SZ OK
[22:47:11] [5分钟] 第 3612/5205 只: 300076.SZ
[22:47:11] [5分钟] 3612/5205: 300076.SZ OK
[22:47:11] [5分钟] 第 3613/5205 只: 002241.SZ
[22:47:11] [5分钟] 3613/5205: 002241.SZ OK
[22:47:11] [5分钟] 第 3614/5205 只: 300851.SZ
[22:47:11] [5分钟] 3614/5205: 300851.SZ OK
[22:47:11] [5分钟] 第 3615/5205 只: 301360.SZ
[22:47:11] [5分钟] 3615/5205: 301360.SZ OK
[22:47:11] [5分钟] 第 3616/5205 只: 300825.SZ
[22:47:11] [5分钟] 3616/5205: 300825.SZ OK
[22:47:11] [5分钟] 第 3617/5205 只: 300594.SZ
[22:47:11] [5分钟] 3617/5205: 300594.SZ OK
[22:47:11] [5分钟] 第 3618/5205 只: 301314.SZ
[22:47:11] [5分钟] 3618/5205: 301314.SZ OK
[22:47:11] [5分钟] 第 3619/5205 只: 002324.SZ
[22:47:11] [5分钟] 3619/5205: 002324.SZ OK
[22:47:11] [5分钟] 第 3620/5205 只: 000628.SZ
[22:47:11] [5分钟] 3620/5205: 000628.SZ OK
[22:47:11] [5分钟] 第 3621/5205 只: 301388.SZ
[22:47:11] [5分钟] 3621/5205: 301388.SZ OK
[22:47:11] [5分钟] 第 3622/5205 只: 300113.SZ
[22:47:11] [5分钟] 3622/5205: 300113.SZ OK
[22:47:11] [5分钟] 第 3623/5205 只: 300508.SZ
[22:47:11] [5分钟] 3623/5205: 300508.SZ OK
[22:47:11] [5分钟] 第 3624/5205 只: 002350.SZ
[22:47:11] [5分钟] 3624/5205: 002350.SZ OK
[22:47:11] [5分钟] 第 3625/5205 只: 300167.SZ
[22:47:11] [5分钟] 3625/5205: 300167.SZ OK
[22:47:11] [5分钟] 第 3626/5205 只: 300011.SZ
[22:47:11] [5分钟] 3626/5205: 300011.SZ OK
[22:47:11] [5分钟] 第 3627/5205 只: 002226.SZ
[22:47:11] [5分钟] 3627/5205: 002226.SZ OK
[22:47:11] [5分钟] 第 3628/5205 只: 300065.SZ
[22:47:11] [5分钟] 3628/5205: 300065.SZ OK
[22:47:11] [5分钟] 第 3629/5205 只: 002252.SZ
[22:47:11] [5分钟] 3629/5205: 002252.SZ OK
[22:47:11] [5分钟] 第 3630/5205 只: 002649.SZ
[22:47:11] [5分钟] 3630/5205: 002649.SZ OK
[22:47:11] [5分钟] 第 3631/5205 只: 301262.SZ
[22:47:11] [5分钟] 3631/5205: 301262.SZ OK
[22:47:11] [5分钟] 第 3632/5205 只: 300953.SZ
[22:47:11] [5分钟] 3632/5205: 300953.SZ OK
[22:47:11] [5分钟] 第 3633/5205 只: 300496.SZ
[22:47:11] [5分钟] 3633/5205: 300496.SZ OK
[22:47:11] [5分钟] 第 3634/5205 只: 301216.SZ
[22:47:11] [5分钟] 3634/5205: 301216.SZ OK
[22:47:11] [5分钟] 第 3635/5205 只: 003021.SZ
[22:47:11] [5分钟] 3635/5205: 003021.SZ OK
[22:47:11] [5分钟] 第 3636/5205 只: 300927.SZ
[22:47:11] [5分钟] 3636/5205: 300927.SZ OK
[22:47:11] [5分钟] 第 3637/5205 只: 300261.SZ
[22:47:11] [5分钟] 3637/5205: 300261.SZ OK
[22:47:11] [5分钟] 第 3638/5205 只: 002056.SZ
[22:47:11] [5分钟] 3638/5205: 002056.SZ OK
[22:47:11] [5分钟] 第 3639/5205 只: 002988.SZ
[22:47:11] [5分钟] 3639/5205: 002988.SZ OK
[22:47:11] [5分钟] 第 3640/5205 只: 300215.SZ
[22:47:11] [5分钟] 3640/5205: 300215.SZ OK
[22:47:11] [5分钟] 第 3641/5205 只: 002439.SZ
[22:47:11] [5分钟] 3641/5205: 002439.SZ OK
[22:47:11] [5分钟] 第 3642/5205 只: 002022.SZ
[22:47:11] [5分钟] 3642/5205: 002022.SZ OK
[22:47:11] [5分钟] 第 3643/5205 只: 001332.SZ
[22:47:11] [5分钟] 3643/5205: 001332.SZ OK
[22:47:11] [5分钟] 第 3644/5205 只: 300289.SZ
[22:47:11] [5分钟] 3644/5205: 300289.SZ OK
[22:47:11] [5分钟] 第 3645/5205 只: 300692.SZ
[22:47:11] [5分钟] 3645/5205: 300692.SZ OK
[22:47:11] [5分钟] 第 3646/5205 只: 301012.SZ
[22:47:11] [5分钟] 3646/5205: 301012.SZ OK
[22:47:11] [5分钟] 第 3647/5205 只: 000803.SZ
[22:47:11] [5分钟] 3647/5205: 000803.SZ OK
[22:47:11] [5分钟] 第 3648/5205 只: 301066.SZ
[22:47:11] [5分钟] 3648/5205: 301066.SZ OK
[22:47:11] [5分钟] 第 3649/5205 只: 002960.SZ
[22:47:11] [5分钟] 3649/5205: 002960.SZ OK
[22:47:11] [5分钟] 第 3650/5205 只: 000877.SZ
[22:47:11] [5分钟] 3650/5205: 000877.SZ OK
[22:47:11] [5分钟 3650/5205] 成功3650，失败0，当前 000877.SZ
[22:47:11] [5分钟] 第 3651/5205 只: 000901.SZ
[22:47:11] [5分钟] 3651/5205: 000901.SZ OK
[22:47:11] [5分钟] 第 3652/5205 只: 001230.SZ
[22:47:11] [5分钟] 3652/5205: 001230.SZ OK
[22:47:11] [5分钟] 第 3653/5205 只: 300790.SZ
[22:47:11] [5分钟] 3653/5205: 300790.SZ OK
[22:47:11] [5分钟] 第 3654/5205 只: 301110.SZ
[22:47:11] [5分钟] 3654/5205: 301110.SZ OK
[22:47:11] [5分钟] 第 3655/5205 只: 002816.SZ
[22:47:11] [5分钟] 3655/5205: 002816.SZ OK
[22:47:11] [5分钟] 第 3656/5205 只: 000975.SZ
[22:47:11] [5分钟] 3656/5205: 000975.SZ OK
[22:47:11] [5分钟] 第 3657/5205 只: 002862.SZ
[22:47:11] [5分钟] 3657/5205: 002862.SZ OK
[22:47:11] [5分钟] 第 3658/5205 只: 002154.SZ
[22:47:11] [5分钟] 3658/5205: 002154.SZ OK
[22:47:11] [5分钟] 第 3659/5205 只: 300778.SZ
[22:47:11] [5分钟] 3659/5205: 300778.SZ OK
[22:47:11] [5分钟] 第 3660/5205 只: 300363.SZ
[22:47:11] [5分钟] 3660/5205: 300363.SZ OK
[22:47:11] [5分钟] 第 3661/5205 只: 002120.SZ
[22:47:11] [5分钟] 3661/5205: 002120.SZ OK
[22:47:11] [5分钟] 第 3662/5205 只: 000037.SZ
[22:47:11] [5分钟] 3662/5205: 000037.SZ OK
[22:47:11] [5分钟] 第 3663/5205 只: 300317.SZ
[22:47:11] [5分钟] 3663/5205: 300317.SZ OK
[22:47:11] [5分钟] 第 3664/5205 只: 300037.SZ
[22:47:11] [5分钟] 3664/5205: 300037.SZ OK
[22:47:11] [5分钟] 第 3665/5205 只: 002200.SZ
[22:47:11] [5分钟] 3665/5205: 002200.SZ OK
[22:47:11] [5分钟] 第 3666/5205 只: 000778.SZ
[22:47:11] [5分钟] 3666/5205: 000778.SZ OK
[22:47:11] [5分钟] 第 3667/5205 只: 300458.SZ
[22:47:11] [5分钟] 3667/5205: 300458.SZ OK
[22:47:11] [5分钟] 第 3668/5205 只: 300043.SZ
[22:47:11] [5分钟] 3668/5205: 300043.SZ OK
[22:47:11] [5分钟] 第 3669/5205 只: 002274.SZ
[22:47:11] [5分钟] 3669/5205: 002274.SZ OK
[22:47:11] [5分钟] 第 3670/5205 只: 300975.SZ
[22:47:11] [5分钟] 3670/5205: 300975.SZ OK
[22:47:11] [5分钟] 第 3671/5205 只: 000790.SZ
[22:47:11] [5分钟] 3671/5205: 000790.SZ OK
[22:47:11] [5分钟] 第 3672/5205 只: 301230.SZ
[22:47:11] [5分钟] 3672/5205: 301230.SZ OK
[22:47:11] [5分钟] 第 3673/5205 只: 002687.SZ
[22:47:11] [5分钟] 3673/5205: 002687.SZ OK
[22:47:11] [5分钟] 第 3674/5205 只: 300901.SZ
[22:47:11] [5分钟] 3674/5205: 300901.SZ OK
[22:47:11] [5分钟] 第 3675/5205 只: 003007.SZ
[22:47:11] [5分钟] 3675/5205: 003007.SZ OK
[22:47:11] [5分钟] 第 3676/5205 只: 300877.SZ
[22:47:11] [5分钟] 3676/5205: 300877.SZ OK
[22:47:11] [5分钟] 第 3677/5205 只: 002785.SZ
[22:47:11] [5分钟] 3677/5205: 002785.SZ OK
[22:47:11] [5分钟] 第 3678/5205 只: 300803.SZ
[22:47:11] [5分钟] 3678/5205: 300803.SZ OK
[22:47:11] [5分钟] 第 3679/5205 只: 000692.SZ
[22:47:11] [5分钟] 3679/5205: 000692.SZ OK
[22:47:11] [5分钟] 第 3680/5205 只: 301332.SZ
[22:47:11] [5分钟] 3680/5205: 301332.SZ OK
[22:47:11] [5分钟] 第 3681/5205 只: 002719.SZ
[22:47:11] [5分钟] 3681/5205: 002719.SZ OK
[22:47:11] [5分钟] 第 3682/5205 只: 002302.SZ
[22:47:11] [5分钟] 3682/5205: 002302.SZ OK
[22:47:11] [5分钟] 第 3683/5205 只: 300135.SZ
[22:47:11] [5分钟] 3683/5205: 300135.SZ OK
[22:47:11] [5分钟] 第 3684/5205 只: 002376.SZ
[22:47:11] [5分钟] 3684/5205: 002376.SZ OK
[22:47:11] [5分钟] 第 3685/5205 只: 300141.SZ
[22:47:11] [5分钟] 3685/5205: 300141.SZ OK
[22:47:11] [5分钟] 第 3686/5205 只: 002581.SZ
[22:47:11] [5分钟] 3686/5205: 002581.SZ OK
[22:47:11] [5分钟] 第 3687/5205 只: 000927.SZ
[22:47:11] [5分钟] 3687/5205: 000927.SZ OK
[22:47:11] [5分钟] 第 3688/5205 只: 001216.SZ
[22:47:11] [5分钟] 3688/5205: 001216.SZ OK
[22:47:11] [5分钟] 第 3689/5205 只: 002830.SZ
[22:47:11] [5分钟] 3689/5205: 002830.SZ OK
[22:47:11] [5分钟] 第 3690/5205 只: 301136.SZ
[22:47:11] [5分钟] 3690/5205: 301136.SZ OK
[22:47:11] [5分钟] 第 3691/5205 只: 000953.SZ
[22:47:11] [5分钟] 3691/5205: 000953.SZ OK
[22:47:11] [5分钟] 第 3692/5205 只: 301559.SZ
[22:47:11] [5分钟] 3692/5205: 301559.SZ OK
[22:47:11] [5分钟] 第 3693/5205 只: 002172.SZ
[22:47:11] [5分钟] 3693/5205: 002172.SZ OK
[22:47:11] [5分钟] 第 3694/5205 只: 002569.SZ
[22:47:11] [5分钟] 3694/5205: 002569.SZ OK
[22:47:11] [5分钟] 第 3695/5205 只: 000065.SZ
[22:47:11] [5分钟] 3695/5205: 000065.SZ OK
[22:47:11] [5分钟] 第 3696/5205 只: 300345.SZ
[22:47:11] [5分钟] 3696/5205: 300345.SZ OK
[22:47:11] [5分钟] 第 3697/5205 只: 002106.SZ
[22:47:11] [5分钟] 3697/5205: 002106.SZ OK
[22:47:11] [5分钟] 第 3698/5205 只: 000011.SZ
[22:47:11] [5分钟] 3698/5205: 000011.SZ OK
[22:47:11] [5分钟] 第 3699/5205 只: 300331.SZ
[22:47:11] [5分钟] 3699/5205: 300331.SZ OK
[22:47:11] [5分钟] 第 3700/5205 只: 300247.SZ
[22:47:11] [5分钟] 3700/5205: 300247.SZ OK
[22:47:11] [5分钟 3700/5205] 成功3700，失败0，当前 300247.SZ
[22:47:11] [5分钟] 第 3701/5205 只: 001388.SZ
[22:47:11] [5分钟] 3701/5205: 001388.SZ OK
[22:47:11] [5分钟] 第 3702/5205 只: 300233.SZ
[22:47:11] [5分钟] 3702/5205: 300233.SZ OK
[22:47:11] [5分钟] 第 3703/5205 只: 300628.SZ
[22:47:11] [5分钟] 3703/5205: 300628.SZ OK
[22:47:11] [5分钟] 第 3704/5205 只: 002004.SZ
[22:47:11] [5分钟] 3704/5205: 002004.SZ OK
[22:47:11] [5分钟] 第 3705/5205 只: 001314.SZ
[22:47:11] [5分钟] 3705/5205: 001314.SZ OK
[22:47:11] [5分钟] 第 3706/5205 只: 002932.SZ
[22:47:11] [5分钟] 3706/5205: 002932.SZ OK
[22:47:11] [5分钟] 第 3707/5205 只: 002483.SZ
[22:47:11] [5分钟] 3707/5205: 002483.SZ OK
[22:47:11] [5分钟] 第 3708/5205 只: 000825.SZ
[22:47:11] [5分钟] 3708/5205: 000825.SZ OK
[22:47:11] [5分钟] 第 3709/5205 只: 002098.SZ
[22:47:11] [5分钟] 3709/5205: 002098.SZ OK
[22:47:11] [5分钟] 第 3710/5205 只: 001360.SZ
[22:47:11] [5分钟] 3710/5205: 001360.SZ OK
[22:47:11] [5分钟] 第 3711/5205 只: 002946.SZ
[22:47:11] [5分钟] 3711/5205: 002946.SZ OK
[22:47:11] [5分钟] 第 3712/5205 只: 301040.SZ
[22:47:11] [5分钟] 3712/5205: 301040.SZ OK
[22:47:11] [5分钟] 第 3713/5205 只: 002161.SZ
[22:47:11] [5分钟] 3713/5205: 002161.SZ OK
[22:47:11] [5分钟] 第 3714/5205 只: 002115.SZ
[22:47:11] [5分钟] 3714/5205: 002115.SZ OK
[22:47:11] [5分钟] 第 3715/5205 只: 000419.SZ
[22:47:11] [5分钟] 3715/5205: 000419.SZ OK
[22:47:11] [5分钟] 第 3716/5205 只: 000002.SZ
[22:47:11] [5分钟] 3716/5205: 000002.SZ OK
[22:47:11] [5分钟] 第 3717/5205 只: 001299.SZ
[22:47:11] [5分钟] 3717/5205: 001299.SZ OK
[22:47:11] [5分钟] 第 3718/5205 只: 300322.SZ
[22:47:11] [5分钟] 3718/5205: 300322.SZ OK
[22:47:11] [5分钟] 第 3719/5205 只: 300739.SZ
[22:47:11] [5分钟] 3719/5205: 300739.SZ OK
[22:47:11] [5分钟] 第 3720/5205 只: 002592.SZ
[22:47:11] [5分钟] 3720/5205: 002592.SZ OK
[22:47:11] [5分钟] 第 3721/5205 只: 002189.SZ
[22:47:11] [5分钟] 3721/5205: 002189.SZ OK
[22:47:11] [5分钟] 第 3722/5205 只: 001205.SZ
[22:47:11] [5分钟] 3722/5205: 001205.SZ OK
[22:47:11] [5分钟] 第 3723/5205 只: 002823.SZ
[22:47:11] [5分钟] 3723/5205: 002823.SZ OK
[22:47:11] [5分钟] 第 3724/5205 只: 301125.SZ
[22:47:11] [5分钟] 3724/5205: 301125.SZ OK
[22:47:11] [5分钟] 第 3725/5205 只: 301151.SZ
[22:47:11] [5分钟] 3725/5205: 301151.SZ OK
[22:47:11] [5分钟] 第 3726/5205 只: 002857.SZ
[22:47:11] [5分钟] 3726/5205: 002857.SZ OK
[22:47:11] [5分钟] 第 3727/5205 只: 301027.SZ
[22:47:11] [5分钟] 3727/5205: 301027.SZ OK
[22:47:11] [5分钟] 第 3728/5205 只: 002921.SZ
[22:47:11] [5分钟] 3728/5205: 002921.SZ OK
[22:47:11] [5分钟] 第 3729/5205 只: 002490.SZ
[22:47:11] [5分钟] 3729/5205: 002490.SZ OK
[22:47:11] [5分钟] 第 3730/5205 只: 001373.SZ
[22:47:11] [5分钟] 3730/5205: 001373.SZ OK
[22:47:11] [5分钟] 第 3731/5205 只: 002955.SZ
[22:47:11] [5分钟] 3731/5205: 002955.SZ OK
[22:47:11] [5分钟] 第 3732/5205 只: 301053.SZ
[22:47:11] [5分钟] 3732/5205: 301053.SZ OK
[22:47:11] [5分钟] 第 3733/5205 只: 301448.SZ
[22:47:11] [5分钟] 3733/5205: 301448.SZ OK
[22:47:11] [5分钟] 第 3734/5205 只: 300254.SZ
[22:47:11] [5分钟] 3734/5205: 300254.SZ OK
[22:47:11] [5分钟] 第 3735/5205 只: 002063.SZ
[22:47:11] [5分钟] 3735/5205: 002063.SZ OK
[22:47:11] [5分钟] 第 3736/5205 只: 002478.SZ
[22:47:11] [5分钟] 3736/5205: 002478.SZ OK
[22:47:11] [5分钟] 第 3737/5205 只: 000100.SZ
[22:47:11] [5分钟] 3737/5205: 000100.SZ OK
[22:47:11] [5分钟] 第 3738/5205 只: 300220.SZ
[22:47:11] [5分钟] 3738/5205: 300220.SZ OK
[22:47:11] [5分钟] 第 3739/5205 只: 002017.SZ
[22:47:11] [5分钟] 3739/5205: 002017.SZ OK
[22:47:11] [5分钟] 第 3740/5205 只: 301257.SZ
[22:47:11] [5分钟] 3740/5205: 301257.SZ OK
[22:47:11] [5分钟] 第 3741/5205 只: 300966.SZ
[22:47:11] [5分钟] 3741/5205: 300966.SZ OK
[22:47:11] [5分钟] 第 3742/5205 只: 000783.SZ
[22:47:11] [5分钟] 3742/5205: 000783.SZ OK
[22:47:11] [5分钟] 第 3743/5205 只: 301638.SZ
[22:47:11] [5分钟] 3743/5205: 301638.SZ OK
[22:47:11] [5分钟] 第 3744/5205 只: 301223.SZ
[22:47:11] [5分钟] 3744/5205: 301223.SZ OK
[22:47:11] [5分钟] 第 3745/5205 只: 002694.SZ
[22:47:11] [5分钟] 3745/5205: 002694.SZ OK
[22:47:11] [5分钟] 第 3746/5205 只: 300912.SZ
[22:47:11] [5分钟] 3746/5205: 300912.SZ OK
[22:47:11] [5分钟] 第 3747/5205 只: 300024.SZ
[22:47:11] [5分钟] 3747/5205: 300024.SZ OK
[22:47:11] [5分钟] 第 3748/5205 只: 002608.SZ
[22:47:11] [5分钟] 3748/5205: 002608.SZ OK
[22:47:11] [5分钟] 第 3749/5205 只: 002213.SZ
[22:47:11] [5分钟] 3749/5205: 002213.SZ OK
[22:47:11] [5分钟] 第 3750/5205 只: 300050.SZ
[22:47:11] [5分钟] 3750/5205: 300050.SZ OK
[22:47:11] [5分钟 3750/5205] 成功3750，失败0，当前 300050.SZ
[22:47:11] [5分钟] 第 3751/5205 只: 002267.SZ
[22:47:11] [5分钟] 3751/5205: 002267.SZ OK
[22:47:11] [5分钟] 第 3752/5205 只: 002311.SZ
[22:47:11] [5分钟] 3752/5205: 002311.SZ OK
[22:47:11] [5分钟] 第 3753/5205 只: 300126.SZ
[22:47:11] [5分钟] 3753/5205: 300126.SZ OK
[22:47:11] [5分钟] 第 3754/5205 只: 002365.SZ
[22:47:11] [5分钟] 3754/5205: 002365.SZ OK
[22:47:11] [5分钟] 第 3755/5205 只: 000669.SZ
[22:47:11] [5分钟] 3755/5205: 000669.SZ OK
[22:47:11] [5分钟] 第 3756/5205 只: 300549.SZ
[22:47:11] [5分钟] 3756/5205: 300549.SZ OK
[22:47:11] [5分钟] 第 3757/5205 只: 300152.SZ
[22:47:11] [5分钟] 3757/5205: 300152.SZ OK
[22:47:11] [5分钟] 第 3758/5205 只: 300864.SZ
[22:47:11] [5分钟] 3758/5205: 300864.SZ OK
[22:47:11] [5分钟] 第 3759/5205 只: 301355.SZ
[22:47:11] [5分钟] 3759/5205: 301355.SZ OK
[22:47:11] [5分钟] 第 3760/5205 只: 002796.SZ
[22:47:12] [5分钟] 3760/5205: 002796.SZ OK
[22:47:12] [5分钟] 第 3761/5205 只: 300810.SZ
[22:47:12] [5分钟] 3761/5205: 300810.SZ OK
[22:47:12] [5分钟] 第 3762/5205 只: 000681.SZ
[22:47:12] [5分钟] 3762/5205: 000681.SZ OK
[22:47:12] [5分钟] 第 3763/5205 只: 301321.SZ
[22:47:12] [5分钟] 3763/5205: 301321.SZ OK
[22:47:12] [5分钟] 第 3764/5205 只: 300951.SZ
[22:47:12] [5分钟] 3764/5205: 300951.SZ OK
[22:47:12] [5分钟] 第 3765/5205 只: 301260.SZ
[22:47:12] [5分钟] 3765/5205: 301260.SZ OK
[22:47:12] [5分钟] 第 3766/5205 只: 003023.SZ
[22:47:12] [5分钟] 3766/5205: 003023.SZ OK
[22:47:12] [5分钟] 第 3767/5205 只: 300925.SZ
[22:47:12] [5分钟] 3767/5205: 300925.SZ OK
[22:47:12] [5分钟] 第 3768/5205 只: 300494.SZ
[22:47:12] [5分钟] 3768/5205: 300494.SZ OK
[22:47:12] [5分钟] 第 3769/5205 只: 002224.SZ
[22:47:12] [5分钟] 3769/5205: 002224.SZ OK
[22:47:12] [5分钟] 第 3770/5205 只: 300013.SZ
[22:47:12] [5分钟] 3770/5205: 300013.SZ OK
[22:47:12] [5分钟] 第 3771/5205 只: 300408.SZ
[22:47:12] [5分钟] 3771/5205: 300408.SZ OK
[22:47:12] [5分钟] 第 3772/5205 只: 000728.SZ
[22:47:12] [5分钟] 3772/5205: 000728.SZ OK
[22:47:12] [5分钟] 第 3773/5205 只: 000333.SZ
[22:47:12] [5分钟] 3773/5205: 000333.SZ OK
[22:47:12] [5分钟] 第 3774/5205 只: 301288.SZ
[22:47:12] [5分钟] 3774/5205: 301288.SZ OK
[22:47:12] [5分钟] 第 3775/5205 只: 002250.SZ
[22:47:12] [5分钟] 3775/5205: 002250.SZ OK
[22:47:12] [5分钟] 第 3776/5205 只: 300067.SZ
[22:47:12] [5分钟] 3776/5205: 300067.SZ OK
[22:47:12] [5分钟] 第 3777/5205 只: 300111.SZ
[22:47:12] [5分钟] 3777/5205: 300111.SZ OK
[22:47:12] [5分钟] 第 3778/5205 只: 002326.SZ
[22:47:12] [5分钟] 3778/5205: 002326.SZ OK
[22:47:12] [5分钟] 第 3779/5205 只: 300165.SZ
[22:47:12] [5分钟] 3779/5205: 300165.SZ OK
[22:47:12] [5分钟] 第 3780/5205 只: 002352.SZ
[22:47:12] [5分钟] 3780/5205: 002352.SZ OK
[22:47:12] [5分钟] 第 3781/5205 只: 002749.SZ
[22:47:12] [5分钟] 3781/5205: 002749.SZ OK
[22:47:12] [5分钟] 第 3782/5205 只: 301362.SZ
[22:47:12] [5分钟] 3782/5205: 301362.SZ OK
[22:47:12] [5分钟] 第 3783/5205 只: 300853.SZ
[22:47:12] [5分钟] 3783/5205: 300853.SZ OK
[22:47:12] [5分钟] 第 3784/5205 只: 301316.SZ
[22:47:12] [5分钟] 3784/5205: 301316.SZ OK
[22:47:12] [5分钟] 第 3785/5205 只: 300596.SZ
[22:47:12] [5分钟] 3785/5205: 300596.SZ OK
[22:47:12] [5分钟] 第 3786/5205 只: 300827.SZ
[22:47:12] [5分钟] 3786/5205: 300827.SZ OK
[22:47:12] [5分钟] 第 3787/5205 只: 002156.SZ
[22:47:12] [5分钟] 3787/5205: 002156.SZ OK
[22:47:12] [5分钟] 第 3788/5205 只: 300315.SZ
[22:47:12] [5分钟] 3788/5205: 300315.SZ OK
[22:47:12] [5分钟] 第 3789/5205 只: 301595.SZ
[22:47:12] [5分钟] 3789/5205: 301595.SZ OK
[22:47:12] [5分钟] 第 3790/5205 只: 002888.SZ
[22:47:12] [5分钟] 3790/5205: 002888.SZ OK
[22:47:12] [5分钟] 第 3791/5205 只: 000035.SZ
[22:47:12] [5分钟] 3791/5205: 000035.SZ OK
[22:47:12] [5分钟] 第 3792/5205 只: 002539.SZ
[22:47:12] [5分钟] 3792/5205: 002539.SZ OK
[22:47:12] [5分钟] 第 3793/5205 只: 002122.SZ
[22:47:12] [5分钟] 3793/5205: 002122.SZ OK
[22:47:12] [5分钟] 第 3794/5205 只: 301509.SZ
[22:47:12] [5分钟] 3794/5205: 301509.SZ OK
[22:47:12] [5分钟] 第 3795/5205 只: 301112.SZ
[22:47:12] [5分钟] 3795/5205: 301112.SZ OK
[22:47:12] [5分钟] 第 3796/5205 只: 300389.SZ
[22:47:12] [5分钟] 3796/5205: 300389.SZ OK
[22:47:12] [5分钟] 第 3797/5205 只: 300792.SZ
[22:47:12] [5分钟] 3797/5205: 300792.SZ OK
[22:47:12] [5分钟] 第 3798/5205 只: 000903.SZ
[22:47:12] [5分钟] 3798/5205: 000903.SZ OK
[22:47:12] [5分钟] 第 3799/5205 只: 002860.SZ
[22:47:12] [5分钟] 3799/5205: 002860.SZ OK
[22:47:12] [5分钟] 第 3800/5205 只: 301166.SZ
[22:47:12] [5分钟] 3800/5205: 301166.SZ OK
[22:47:12] [5分钟 3800/5205] 成功3800，失败0，当前 301166.SZ
[22:47:12] [5分钟] 第 3801/5205 只: 000977.SZ
[22:47:12] [5分钟] 3801/5205: 000977.SZ OK
[22:47:12] [5分钟] 第 3802/5205 只: 000801.SZ
[22:47:12] [5分钟] 3802/5205: 000801.SZ OK
[22:47:12] [5分钟] 第 3803/5205 只: 002916.SZ
[22:47:12] [5分钟] 3803/5205: 002916.SZ OK
[22:47:12] [5分钟] 第 3804/5205 只: 301010.SZ
[22:47:12] [5分钟] 3804/5205: 301010.SZ OK
[22:47:12] [5分钟] 第 3805/5205 只: 001330.SZ
[22:47:12] [5分钟] 3805/5205: 001330.SZ OK
[22:47:12] [5分钟] 第 3806/5205 只: 300690.SZ
[22:47:12] [5分钟] 3806/5205: 300690.SZ OK
[22:47:12] [5分钟] 第 3807/5205 只: 000875.SZ
[22:47:12] [5分钟] 3807/5205: 000875.SZ OK
[22:47:12] [5分钟] 第 3808/5205 只: 002962.SZ
[22:47:12] [5分钟] 3808/5205: 002962.SZ OK
[22:47:12] [5分钟] 第 3809/5205 只: 002054.SZ
[22:47:12] [5分钟] 3809/5205: 002054.SZ OK
[22:47:12] [5分钟] 第 3810/5205 只: 300678.SZ
[22:47:12] [5分钟] 3810/5205: 300678.SZ OK
[22:47:12] [5分钟] 第 3811/5205 只: 300263.SZ
[22:47:12] [5分钟] 3811/5205: 300263.SZ OK
[22:47:12] [5分钟] 第 3812/5205 只: 000558.SZ
[22:47:12] [5分钟] 3812/5205: 000558.SZ OK
[22:47:12] [5分钟] 第 3813/5205 只: 002020.SZ
[22:47:12] [5分钟] 3813/5205: 002020.SZ OK
[22:47:12] [5分钟] 第 3814/5205 只: 300217.SZ
[22:47:12] [5分钟] 3814/5205: 300217.SZ OK
[22:47:12] [5分钟] 第 3815/5205 只: 301101.SZ
[22:47:12] [5分钟] 3815/5205: 301101.SZ OK
[22:47:12] [5分钟] 第 3816/5205 只: 002807.SZ
[22:47:12] [5分钟] 3816/5205: 002807.SZ OK
[22:47:12] [5分钟] 第 3817/5205 只: 001221.SZ
[22:47:12] [5分钟] 3817/5205: 001221.SZ OK
[22:47:12] [5分钟] 第 3818/5205 只: 300781.SZ
[22:47:12] [5分钟] 3818/5205: 300781.SZ OK
[22:47:12] [5分钟] 第 3819/5205 只: 000910.SZ
[22:47:12] [5分钟] 3819/5205: 000910.SZ OK
[22:47:12] [5分钟] 第 3820/5205 只: 002873.SZ
[22:47:12] [5分钟] 3820/5205: 002873.SZ OK
[22:47:12] [5分钟] 第 3821/5205 只: 301175.SZ
[22:47:12] [5分钟] 3821/5205: 301175.SZ OK
[22:47:12] [5分钟] 第 3822/5205 只: 001255.SZ
[22:47:12] [5分钟] 3822/5205: 001255.SZ OK
[22:47:12] [5分钟] 第 3823/5205 只: 300769.SZ
[22:47:12] [5分钟] 3823/5205: 300769.SZ OK
[22:47:12] [5分钟] 第 3824/5205 只: 002145.SZ
[22:47:12] [5分钟] 3824/5205: 002145.SZ OK
[22:47:12] [5分钟] 第 3825/5205 只: 300306.SZ
[22:47:12] [5分钟] 3825/5205: 300306.SZ OK
[22:47:12] [5分钟] 第 3826/5205 只: 301586.SZ
[22:47:12] [5分钟] 3826/5205: 301586.SZ OK
[22:47:12] [5分钟] 第 3827/5205 只: 000026.SZ
[22:47:12] [5分钟] 3827/5205: 000026.SZ OK
[22:47:12] [5分钟] 第 3828/5205 只: 002131.SZ
[22:47:12] [5分钟] 3828/5205: 002131.SZ OK
[22:47:12] [5分钟] 第 3829/5205 只: 002047.SZ
[22:47:12] [5分钟] 3829/5205: 002047.SZ OK
[22:47:12] [5分钟] 第 3830/5205 只: 300270.SZ
[22:47:12] [5分钟] 3830/5205: 300270.SZ OK
[22:47:12] [5分钟] 第 3831/5205 只: 002428.SZ
[22:47:12] [5分钟] 3831/5205: 002428.SZ OK
[22:47:12] [5分钟] 第 3832/5205 只: 002033.SZ
[22:47:12] [5分钟] 3832/5205: 002033.SZ OK
[22:47:12] [5分钟] 第 3833/5205 只: 300204.SZ
[22:47:12] [5分钟] 3833/5205: 300204.SZ OK
[22:47:12] [5分钟] 第 3834/5205 只: 002999.SZ
[22:47:12] [5分钟] 3834/5205: 002999.SZ OK
[22:47:12] [5分钟] 第 3835/5205 只: 000812.SZ
[22:47:12] [5分钟] 3835/5205: 000812.SZ OK
[22:47:12] [5分钟] 第 3836/5205 只: 301418.SZ
[22:47:12] [5分钟] 3836/5205: 301418.SZ OK
[22:47:12] [5分钟] 第 3837/5205 只: 002905.SZ
[22:47:12] [5分钟] 3837/5205: 002905.SZ OK
[22:47:12] [5分钟] 第 3838/5205 只: 301003.SZ
[22:47:12] [5分钟] 3838/5205: 301003.SZ OK
[22:47:12] [5分钟] 第 3839/5205 只: 001323.SZ
[22:47:12] [5分钟] 3839/5205: 001323.SZ OK
[22:47:12] [5分钟] 第 3840/5205 只: 300298.SZ
[22:47:12] [5分钟] 3840/5205: 300298.SZ OK
[22:47:12] [5分钟] 第 3841/5205 只: 300683.SZ
[22:47:12] [5分钟] 3841/5205: 300683.SZ OK
[22:47:12] [5分钟] 第 3842/5205 只: 301077.SZ
[22:47:12] [5分钟] 3842/5205: 301077.SZ OK
[22:47:12] [5分钟] 第 3843/5205 只: 002971.SZ
[22:47:12] [5分钟] 3843/5205: 002971.SZ OK
[22:47:12] [5分钟] 第 3844/5205 只: 002237.SZ
[22:47:12] [5分钟] 3844/5205: 002237.SZ OK
[22:47:12] [5分钟] 第 3845/5205 只: 301680.SZ
[22:47:12] [5分钟] 3845/5205: 301680.SZ OK
[22:47:12] [5分钟] 第 3846/5205 只: 002243.SZ
[22:47:12] [5分钟] 3846/5205: 002243.SZ OK
[22:47:12] [5分钟] 第 3847/5205 只: 002658.SZ
[22:47:12] [5分钟] 3847/5205: 002658.SZ OK
[22:47:12] [5分钟] 第 3848/5205 只: 300074.SZ
[22:47:12] [5分钟] 3848/5205: 300074.SZ OK
[22:47:12] [5分钟] 第 3849/5205 只: 300942.SZ
[22:47:12] [5分钟] 3849/5205: 300942.SZ OK
[22:47:12] [5分钟] 第 3850/5205 只: 301273.SZ
[22:47:12] [5分钟] 3850/5205: 301273.SZ OK
[22:47:12] [5分钟 3850/5205] 成功3850，失败0，当前 301273.SZ
[22:47:12] [5分钟] 第 3851/5205 只: 301668.SZ
[22:47:12] [5分钟] 3851/5205: 301668.SZ OK
[22:47:12] [5分钟] 第 3852/5205 只: 003030.SZ
[22:47:12] [5分钟] 3852/5205: 003030.SZ OK
[22:47:12] [5分钟] 第 3853/5205 只: 300936.SZ
[22:47:12] [5分钟] 3853/5205: 300936.SZ OK
[22:47:12] [5分钟] 第 3854/5205 只: 301207.SZ
[22:47:12] [5分钟] 3854/5205: 301207.SZ OK
[22:47:12] [5分钟] 第 3855/5205 只: 300487.SZ
[22:47:12] [5分钟] 3855/5205: 300487.SZ OK
[22:47:12] [5分钟] 第 3856/5205 只: 301371.SZ
[22:47:12] [5分钟] 3856/5205: 301371.SZ OK
[22:47:12] [5分钟] 第 3857/5205 只: 300840.SZ
[22:47:12] [5分钟] 3857/5205: 300840.SZ OK
[22:47:12] [5分钟] 第 3858/5205 只: 301305.SZ
[22:47:12] [5分钟] 3858/5205: 301305.SZ OK
[22:47:12] [5分钟] 第 3859/5205 只: 300585.SZ
[22:47:12] [5分钟] 3859/5205: 300585.SZ OK
[22:47:12] [5分钟] 第 3860/5205 只: 300834.SZ
[22:47:12] [5分钟] 3860/5205: 300834.SZ OK
[22:47:12] [5分钟] 第 3861/5205 只: 300102.SZ
[22:47:12] [5分钟] 3861/5205: 300102.SZ OK
[22:47:12] [5分钟] 第 3862/5205 只: 300519.SZ
[22:47:12] [5分钟] 3862/5205: 300519.SZ OK
[22:47:12] [5分钟] 第 3863/5205 只: 000639.SZ
[22:47:12] [5分钟] 3863/5205: 000639.SZ OK
[22:47:12] [5分钟] 第 3864/5205 只: 301399.SZ
[22:47:12] [5分钟] 3864/5205: 301399.SZ OK
[22:47:12] [5分钟] 第 3865/5205 只: 002335.SZ
[22:47:12] [5分钟] 3865/5205: 002335.SZ OK
[22:47:12] [5分钟] 第 3866/5205 只: 300176.SZ
[22:47:12] [5分钟] 3866/5205: 300176.SZ OK
[22:47:12] [5分钟] 第 3867/5205 只: 002061.SZ
[22:47:12] [5分钟] 3867/5205: 002061.SZ OK
[22:47:12] [5分钟] 第 3868/5205 只: 300256.SZ
[22:47:12] [5分钟] 3868/5205: 300256.SZ OK
[22:47:12] [5分钟] 第 3869/5205 只: 002015.SZ
[22:47:12] [5分钟] 3869/5205: 002015.SZ OK
[22:47:12] [5分钟] 第 3870/5205 只: 001399.SZ
[22:47:12] [5分钟] 3870/5205: 001399.SZ OK
[22:47:12] [5分钟] 第 3871/5205 只: 300222.SZ
[22:47:12] [5分钟] 3871/5205: 300222.SZ OK
[22:47:12] [5分钟] 第 3872/5205 只: 300639.SZ
[22:47:12] [5分钟] 3872/5205: 300639.SZ OK
[22:47:12] [5分钟] 第 3873/5205 只: 000519.SZ
[22:47:12] [5分钟] 3873/5205: 000519.SZ OK
[22:47:12] [5分钟] 第 3874/5205 只: 002492.SZ
[22:47:12] [5分钟] 3874/5205: 002492.SZ OK
[22:47:12] [5分钟] 第 3875/5205 只: 301025.SZ
[22:47:12] [5分钟] 3875/5205: 301025.SZ OK
[22:47:12] [5分钟] 第 3876/5205 只: 002923.SZ
[22:47:12] [5分钟] 3876/5205: 002923.SZ OK
[22:47:12] [5分钟] 第 3877/5205 只: 002957.SZ
[22:47:12] [5分钟] 3877/5205: 002957.SZ OK
[22:47:12] [5分钟] 第 3878/5205 只: 301051.SZ
[22:47:12] [5分钟] 3878/5205: 301051.SZ OK
[22:47:12] [5分钟] 第 3879/5205 只: 002821.SZ
[22:47:12] [5分钟] 3879/5205: 002821.SZ OK
[22:47:12] [5分钟] 第 3880/5205 只: 301127.SZ
[22:47:12] [5分钟] 3880/5205: 301127.SZ OK
[22:47:12] [5分钟] 第 3881/5205 只: 001207.SZ
[22:47:12] [5分钟] 3881/5205: 001207.SZ OK
[22:47:12] [5分钟] 第 3882/5205 只: 002590.SZ
[22:47:12] [5分钟] 3882/5205: 002590.SZ OK
[22:47:12] [5分钟] 第 3883/5205 只: 000936.SZ
[22:47:12] [5分钟] 3883/5205: 000936.SZ OK
[22:47:12] [5分钟] 第 3884/5205 只: 301153.SZ
[22:47:12] [5分钟] 3884/5205: 301153.SZ OK
[22:47:12] [5分钟] 第 3885/5205 只: 002855.SZ
[22:47:12] [5分钟] 3885/5205: 002855.SZ OK
[22:47:12] [5分钟] 第 3886/5205 只: 301548.SZ
[22:47:12] [5分钟] 3886/5205: 301548.SZ OK
[22:47:12] [5分钟] 第 3887/5205 只: 300354.SZ
[22:47:12] [5分钟] 3887/5205: 300354.SZ OK
[22:47:12] [5分钟] 第 3888/5205 只: 002163.SZ
[22:47:12] [5分钟] 3888/5205: 002163.SZ OK
[22:47:12] [5分钟] 第 3889/5205 只: 002578.SZ
[22:47:12] [5分钟] 3889/5205: 002578.SZ OK
[22:47:12] [5分钟] 第 3890/5205 只: 300320.SZ
[22:47:12] [5分钟] 3890/5205: 300320.SZ OK
[22:47:12] [5分钟] 第 3891/5205 只: 002117.SZ
[22:47:12] [5分钟] 3891/5205: 002117.SZ OK
[22:47:12] [5分钟] 第 3892/5205 只: 301357.SZ
[22:47:12] [5分钟] 3892/5205: 301357.SZ OK
[22:47:12] [5分钟] 第 3893/5205 只: 300866.SZ
[22:47:12] [5分钟] 3893/5205: 300866.SZ OK
[22:47:12] [5分钟] 第 3894/5205 只: 000683.SZ
[22:47:12] [5分钟] 3894/5205: 000683.SZ OK
[22:47:12] [5分钟] 第 3895/5205 只: 301323.SZ
[22:47:12] [5分钟] 3895/5205: 301323.SZ OK
[22:47:12] [5分钟] 第 3896/5205 只: 300812.SZ
[22:47:12] [5分钟] 3896/5205: 300812.SZ OK
[22:47:12] [5分钟] 第 3897/5205 只: 300124.SZ
[22:47:12] [5分钟] 3897/5205: 300124.SZ OK
[22:47:12] [5分钟] 第 3898/5205 只: 002708.SZ
[22:47:12] [5分钟] 3898/5205: 002708.SZ OK
[22:47:12] [5分钟] 第 3899/5205 只: 002313.SZ
[22:47:12] [5分钟] 3899/5205: 002313.SZ OK
[22:47:12] [5分钟] 第 3900/5205 只: 300150.SZ
[22:47:12] [5分钟] 3900/5205: 300150.SZ OK
[22:47:12] [5分钟 3900/5205] 成功3900，失败0，当前 300150.SZ
[22:47:12] [5分钟] 第 3901/5205 只: 002367.SZ
[22:47:12] [5分钟] 3901/5205: 002367.SZ OK
[22:47:12] [5分钟] 第 3902/5205 只: 002211.SZ
[22:47:12] [5分钟] 3902/5205: 002211.SZ OK
[22:47:12] [5分钟] 第 3903/5205 只: 300026.SZ
[22:47:12] [5分钟] 3903/5205: 300026.SZ OK
[22:47:12] [5分钟] 第 3904/5205 只: 002265.SZ
[22:47:12] [5分钟] 3904/5205: 002265.SZ OK
[22:47:12] [5分钟] 第 3905/5205 只: 300449.SZ
[22:47:12] [5分钟] 3905/5205: 300449.SZ OK
[22:47:12] [5分钟] 第 3906/5205 只: 300052.SZ
[22:47:12] [5分钟] 3906/5205: 300052.SZ OK
[22:47:12] [5分钟] 第 3907/5205 只: 300964.SZ
[22:47:12] [5分钟] 3907/5205: 300964.SZ OK
[22:47:12] [5分钟] 第 3908/5205 只: 301255.SZ
[22:47:12] [5分钟] 3908/5205: 301255.SZ OK
[22:47:12] [5分钟] 第 3909/5205 只: 300910.SZ
[22:47:12] [5分钟] 3909/5205: 300910.SZ OK
[22:47:12] [5分钟] 第 3910/5205 只: 003016.SZ
[22:47:12] [5分钟] 3910/5205: 003016.SZ OK
[22:47:12] [5分钟] 第 3911/5205 只: 002696.SZ
[22:47:12] [5分钟] 3911/5205: 002696.SZ OK
[22:47:12] [5分钟] 第 3912/5205 只: 301221.SZ
[22:47:12] [5分钟] 3912/5205: 301221.SZ OK
[22:47:12] [5分钟] 第 3913/5205 只: 300137.SZ
[22:47:12] [5分钟] 3913/5205: 300137.SZ OK
[22:47:12] [5分钟] 第 3914/5205 只: 002300.SZ
[22:47:12] [5分钟] 3914/5205: 002300.SZ OK
[22:47:12] [5分钟] 第 3915/5205 只: 300558.SZ
[22:47:12] [5分钟] 3915/5205: 300558.SZ OK
[22:47:12] [5分钟] 第 3916/5205 只: 300143.SZ
[22:47:12] [5分钟] 3916/5205: 300143.SZ OK
[22:47:12] [5分钟] 第 3917/5205 只: 000678.SZ
[22:47:12] [5分钟] 3917/5205: 000678.SZ OK
[22:47:12] [5分钟] 第 3918/5205 只: 002374.SZ
[22:47:12] [5分钟] 3918/5205: 002374.SZ OK
[22:47:12] [5分钟] 第 3919/5205 只: 300875.SZ
[22:47:12] [5分钟] 3919/5205: 300875.SZ OK
[22:47:12] [5分钟] 第 3920/5205 只: 000690.SZ
[22:47:12] [5分钟] 3920/5205: 000690.SZ OK
[22:47:12] [5分钟] 第 3921/5205 只: 301330.SZ
[22:47:12] [5分钟] 3921/5205: 301330.SZ OK
[22:47:12] [5分钟] 第 3922/5205 只: 300801.SZ
[22:47:12] [5分钟] 3922/5205: 300801.SZ OK
[22:47:12] [5分钟] 第 3923/5205 只: 002787.SZ
[22:47:12] [5分钟] 3923/5205: 002787.SZ OK
[22:47:12] [5分钟] 第 3924/5205 只: 300977.SZ
[22:47:12] [5分钟] 3924/5205: 300977.SZ OK
[22:47:12] [5分钟] 第 3925/5205 只: 301246.SZ
[22:47:12] [5分钟] 3925/5205: 301246.SZ OK
[22:47:12] [5分钟] 第 3926/5205 只: 300903.SZ
[22:47:12] [5分钟] 3926/5205: 300903.SZ OK
[22:47:12] [5分钟] 第 3927/5205 只: 003005.SZ
[22:47:12] [5分钟] 3927/5205: 003005.SZ OK
[22:47:12] [5分钟] 第 3928/5205 只: 002685.SZ
[22:47:12] [5分钟] 3928/5205: 002685.SZ OK
[22:47:12] [5分钟] 第 3929/5205 只: 000792.SZ
[22:47:12] [5分钟] 3929/5205: 000792.SZ OK
[22:47:12] [5分钟] 第 3930/5205 只: 301629.SZ
[22:47:12] [5分钟] 3930/5205: 301629.SZ OK
[22:47:12] [5分钟] 第 3931/5205 只: 301232.SZ
[22:47:12] [5分钟] 3931/5205: 301232.SZ OK
[22:47:12] [5分钟] 第 3932/5205 只: 002202.SZ
[22:47:12] [5分钟] 3932/5205: 002202.SZ OK
[22:47:12] [5分钟] 第 3933/5205 只: 300035.SZ
[22:47:12] [5分钟] 3933/5205: 300035.SZ OK
[22:47:12] [5分钟] 第 3934/5205 只: 002276.SZ
[22:47:12] [5分钟] 3934/5205: 002276.SZ OK
[22:47:12] [5分钟] 第 3935/5205 只: 300041.SZ
[22:47:12] [5分钟] 3935/5205: 300041.SZ OK
[22:47:12] [5分钟] 第 3936/5205 只: 002481.SZ
[22:47:12] [5分钟] 3936/5205: 002481.SZ OK
[22:47:12] [5分钟] 第 3937/5205 只: 000596.SZ
[22:47:12] [5分钟] 3937/5205: 000596.SZ OK
[22:47:12] [5分钟] 第 3938/5205 只: 301036.SZ
[22:47:12] [5分钟] 3938/5205: 301036.SZ OK
[22:47:12] [5分钟] 第 3939/5205 只: 002930.SZ
[22:47:12] [5分钟] 3939/5205: 002930.SZ OK
[22:47:12] [5分钟] 第 3940/5205 只: 001316.SZ
[22:47:12] [5分钟] 3940/5205: 001316.SZ OK
[22:47:12] [5分钟] 第 3941/5205 只: 301042.SZ
[22:47:12] [5分钟] 3941/5205: 301042.SZ OK
[22:47:12] [5分钟] 第 3942/5205 只: 301459.SZ
[22:47:12] [5分钟] 3942/5205: 301459.SZ OK
[22:47:12] [5分钟] 第 3943/5205 只: 002072.SZ
[22:47:12] [5分钟] 3943/5205: 002072.SZ OK
[22:47:12] [5分钟] 第 3944/5205 只: 002469.SZ
[22:47:12] [5分钟] 3944/5205: 002469.SZ OK
[22:47:12] [5分钟] 第 3945/5205 只: 300245.SZ
[22:47:12] [5分钟] 3945/5205: 300245.SZ OK
[22:47:12] [5分钟] 第 3946/5205 只: 002006.SZ
[22:47:12] [5分钟] 3946/5205: 002006.SZ OK
[22:47:12] [5分钟] 第 3947/5205 只: 300231.SZ
[22:47:12] [5分钟] 3947/5205: 300231.SZ OK
[22:47:12] [5分钟] 第 3948/5205 只: 300347.SZ
[22:47:12] [5分钟] 3948/5205: 300347.SZ OK
[22:47:12] [5分钟] 第 3949/5205 只: 002170.SZ
[22:47:12] [5分钟] 3949/5205: 002170.SZ OK
[22:47:12] [5分钟] 第 3950/5205 只: 001288.SZ
[22:47:12] [5分钟] 3950/5205: 001288.SZ OK
[22:47:12] [5分钟 3950/5205] 成功3950，失败0，当前 001288.SZ
[22:47:12] [5分钟] 第 3951/5205 只: 300333.SZ
[22:47:12] [5分钟] 3951/5205: 300333.SZ OK
[22:47:12] [5分钟] 第 3952/5205 只: 000408.SZ
[22:47:12] [5分钟] 3952/5205: 000408.SZ OK
[22:47:12] [5分钟] 第 3953/5205 只: 002104.SZ
[22:47:12] [5分钟] 3953/5205: 002104.SZ OK
[22:47:12] [5分钟] 第 3954/5205 只: 002832.SZ
[22:47:12] [5分钟] 3954/5205: 002832.SZ OK
[22:47:12] [5分钟] 第 3955/5205 只: 002583.SZ
[22:47:12] [5分钟] 3955/5205: 002583.SZ OK
[22:47:12] [5分钟] 第 3956/5205 只: 000925.SZ
[22:47:12] [5分钟] 3956/5205: 000925.SZ OK
[22:47:12] [5分钟] 第 3957/5205 只: 002198.SZ
[22:47:12] [5分钟] 3957/5205: 002198.SZ OK
[22:47:12] [5分钟] 第 3958/5205 只: 002846.SZ
[22:47:12] [5分钟] 3958/5205: 002846.SZ OK
[22:47:12] [5分钟] 第 3959/5205 只: 001260.SZ
[22:47:12] [5分钟] 3959/5205: 001260.SZ OK
[22:47:12] [5分钟] 第 3960/5205 只: 000951.SZ
[22:47:12] [5分钟] 3960/5205: 000951.SZ OK
[22:47:12] [5分钟] 第 3961/5205 只: 300180.SZ
[22:47:12] [5分钟] 3961/5205: 300180.SZ OK
[22:47:12] [5分钟] 第 3962/5205 只: 300168.SZ
[22:47:12] [5分钟] 3962/5205: 300168.SZ OK
[22:47:12] [5分钟] 第 3963/5205 只: 300573.SZ
[22:47:12] [5分钟] 3963/5205: 300573.SZ OK
[22:47:12] [5分钟] 第 3964/5205 只: 001979.SZ
[22:47:12] [5分钟] 3964/5205: 001979.SZ OK
[22:47:12] [5分钟] 第 3965/5205 只: 300507.SZ
[22:47:12] [5分钟] 3965/5205: 300507.SZ OK
[22:47:12] [5分钟] 第 3966/5205 只: 301387.SZ
[22:47:12] [5分钟] 3966/5205: 301387.SZ OK
[22:47:12] [5分钟] 第 3967/5205 只: 002730.SZ
[22:47:12] [5分钟] 3967/5205: 002730.SZ OK
[22:47:12] [5分钟] 第 3968/5205 只: 002646.SZ
[22:47:12] [5分钟] 3968/5205: 002646.SZ OK
[22:47:12] [5分钟] 第 3969/5205 只: 300471.SZ
[22:47:12] [5分钟] 3969/5205: 300471.SZ OK
[22:47:12] [5分钟] 第 3970/5205 只: 000751.SZ
[22:47:12] [5分钟] 3970/5205: 000751.SZ OK
[22:47:12] [5分钟] 第 3971/5205 只: 002229.SZ
[22:47:12] [5分钟] 3971/5205: 002229.SZ OK
[22:47:12] [5分钟] 第 3972/5205 只: 002632.SZ
[22:47:12] [5分钟] 3972/5205: 002632.SZ OK
[22:47:12] [5分钟] 第 3973/5205 只: 300405.SZ
[22:47:12] [5分钟] 3973/5205: 300405.SZ OK
[22:47:12] [5分钟] 第 3974/5205 只: 301285.SZ
[22:47:12] [5分钟] 3974/5205: 301285.SZ OK
[22:47:12] [5分钟] 第 3975/5205 只: 000725.SZ
[22:47:12] [5分钟] 3975/5205: 000725.SZ OK
[22:47:12] [5分钟] 第 3976/5205 只: 300928.SZ
[22:47:12] [5分钟] 3976/5205: 300928.SZ OK
[22:47:12] [5分钟] 第 3977/5205 只: 301219.SZ
[22:47:12] [5分钟] 3977/5205: 301219.SZ OK
[22:47:12] [5分钟] 第 3978/5205 只: 301602.SZ
[22:47:12] [5分钟] 3978/5205: 301602.SZ OK
[22:47:12] [5分钟] 第 3979/5205 只: 300499.SZ
[22:47:12] [5分钟] 3979/5205: 300499.SZ OK
[22:47:12] [5分钟] 第 3980/5205 只: 300082.SZ
[22:47:12] [5分钟] 3980/5205: 300082.SZ OK
[22:47:12] [5分钟] 第 3981/5205 只: 000890.SZ
[22:47:12] [5分钟] 3981/5205: 000890.SZ OK
[22:47:12] [5分钟] 第 3982/5205 只: 002436.SZ
[22:47:12] [5分钟] 3982/5205: 002436.SZ OK
[22:47:12] [5分钟] 第 3983/5205 只: 300601.SZ
[22:47:12] [5分钟] 3983/5205: 300601.SZ OK
[22:47:12] [5分钟] 第 3984/5205 只: 002987.SZ
[22:47:12] [5分钟] 3984/5205: 002987.SZ OK
[22:47:12] [5分钟] 第 3985/5205 只: 301081.SZ
[22:47:12] [5分钟] 3985/5205: 301081.SZ OK
[22:47:12] [5分钟] 第 3986/5205 只: 000521.SZ
[22:47:12] [5分钟] 3986/5205: 000521.SZ OK
[22:47:12] [5分钟] 第 3987/5205 只: 002442.SZ
[22:47:12] [5分钟] 3987/5205: 002442.SZ OK
[22:47:12] [5分钟] 第 3988/5205 只: 002059.SZ
[22:47:12] [5分钟] 3988/5205: 002059.SZ OK
[22:47:12] [5分钟] 第 3989/5205 只: 300675.SZ
[22:47:12] [5分钟] 3989/5205: 300675.SZ OK
[22:47:12] [5分钟] 第 3990/5205 只: 000555.SZ
[22:47:12] [5分钟] 3990/5205: 000555.SZ OK
[22:47:12] [5分钟] 第 3991/5205 只: 000878.SZ
[22:47:12] [5分钟] 3991/5205: 000878.SZ OK
[22:47:12] [5分钟] 第 3992/5205 只: 301069.SZ
[22:47:12] [5分钟] 3992/5205: 301069.SZ OK
[22:47:12] [5分钟] 第 3993/5205 只: 300286.SZ
[22:47:12] [5分钟] 3993/5205: 300286.SZ OK
[22:47:12] [5分钟] 第 3994/5205 只: 002819.SZ
[22:47:12] [5分钟] 3994/5205: 002819.SZ OK
[22:47:12] [5分钟] 第 3995/5205 只: 300384.SZ
[22:47:12] [5分钟] 3995/5205: 300384.SZ OK
[22:47:12] [5分钟] 第 3996/5205 只: 300703.SZ
[22:47:12] [5分钟] 3996/5205: 300703.SZ OK
[22:47:12] [5分钟] 第 3997/5205 只: 300318.SZ
[22:47:12] [5分钟] 3997/5205: 300318.SZ OK
[22:47:12] [5分钟] 第 3998/5205 只: 301183.SZ
[22:47:12] [5分钟] 3998/5205: 301183.SZ OK
[22:47:12] [5分钟] 第 3999/5205 只: 002885.SZ
[22:47:12] [5分钟] 3999/5205: 002885.SZ OK
[22:47:12] [5分钟] 第 4000/5205 只: 301598.SZ
[22:47:12] [5分钟] 4000/5205: 301598.SZ OK
[22:47:12] [5分钟 4000/5205] 成功4000，失败0，当前 301598.SZ
[22:47:12] [5分钟] 第 4001/5205 只: 000423.SZ
[22:47:12] [5分钟] 4001/5205: 000423.SZ OK
[22:47:12] [5分钟] 第 4002/5205 只: 002534.SZ
[22:47:12] [5分钟] 4002/5205: 002534.SZ OK
[22:47:12] [5分钟] 第 4003/5205 只: 300777.SZ
[22:47:12] [5分钟] 4003/5205: 300777.SZ OK
[22:47:12] [5分钟] 第 4004/5205 只: 002540.SZ
[22:47:12] [5分钟] 4004/5205: 002540.SZ OK
[22:47:12] [5分钟] 第 4005/5205 只: 002908.SZ
[22:47:12] [5分钟] 4005/5205: 002908.SZ OK
[22:47:12] [5分钟] 第 4006/5205 只: 300295.SZ
[22:47:12] [5分钟] 4006/5205: 300295.SZ OK
[22:47:12] [5分钟] 第 4007/5205 只: 000883.SZ
[22:47:12] [5分钟] 4007/5205: 000883.SZ OK
[22:47:12] [5分钟] 第 4008/5205 只: 002425.SZ
[22:47:12] [5分钟] 4008/5205: 002425.SZ OK
[22:47:12] [5分钟] 第 4009/5205 只: 300612.SZ
[22:47:12] [5分钟] 4009/5205: 300612.SZ OK
[22:47:12] [5分钟] 第 4010/5205 只: 300209.SZ
[22:47:12] [5分钟] 4010/5205: 300209.SZ OK
[22:47:12] [5分钟] 第 4011/5205 只: 301092.SZ
[22:47:12] [5分钟] 4011/5205: 301092.SZ OK
[22:47:12] [5分钟] 第 4012/5205 只: 301489.SZ
[22:47:12] [5分钟] 4012/5205: 301489.SZ OK
[22:47:12] [5分钟] 第 4013/5205 只: 000532.SZ
[22:47:12] [5分钟] 4013/5205: 000532.SZ OK
[22:47:12] [5分钟] 第 4014/5205 只: 002451.SZ
[22:47:12] [5分钟] 4014/5205: 002451.SZ OK
[22:47:12] [5分钟] 第 4015/5205 只: 300666.SZ
[22:47:12] [5分钟] 4015/5205: 300666.SZ OK
[22:47:12] [5分钟] 第 4016/5205 只: 000546.SZ
[22:47:12] [5分钟] 4016/5205: 000546.SZ OK
[22:47:12] [5分钟] 第 4017/5205 只: 300710.SZ
[22:47:12] [5分钟] 4017/5205: 300710.SZ OK
[22:47:12] [5分钟] 第 4018/5205 只: 301190.SZ
[22:47:12] [5分钟] 4018/5205: 301190.SZ OK
[22:47:12] [5分钟] 第 4019/5205 只: 002896.SZ
[22:47:12] [5分钟] 4019/5205: 002896.SZ OK
[22:47:12] [5分钟] 第 4020/5205 只: 000430.SZ
[22:47:12] [5分钟] 4020/5205: 000430.SZ OK
[22:47:12] [5分钟] 第 4021/5205 只: 000981.SZ
[22:47:12] [5分钟] 4021/5205: 000981.SZ OK
[22:47:12] [5分钟] 第 4022/5205 只: 002527.SZ
[22:47:12] [5分钟] 4022/5205: 002527.SZ OK
[22:47:12] [5分钟] 第 4023/5205 只: 002553.SZ
[22:47:12] [5分钟] 4023/5205: 002553.SZ OK
[22:47:12] [5分钟] 第 4024/5205 只: 002148.SZ
[22:47:12] [5分钟] 4024/5205: 002148.SZ OK
[22:47:12] [5分钟] 第 4025/5205 只: 301563.SZ
[22:47:12] [5分钟] 4025/5205: 301563.SZ OK
[22:47:12] [5分钟] 第 4026/5205 只: 301178.SZ
[22:47:12] [5分钟] 4026/5205: 301178.SZ OK
[22:47:12] [5分钟] 第 4027/5205 只: 001258.SZ
[22:47:12] [5分钟] 4027/5205: 001258.SZ OK
[22:47:12] [5分钟] 第 4028/5205 只: 000969.SZ
[22:47:12] [5分钟] 4028/5205: 000969.SZ OK
[22:47:12] [5分钟] 第 4029/5205 只: 301517.SZ
[22:47:12] [5分钟] 4029/5205: 301517.SZ OK
[22:47:12] [5分钟] 第 4030/5205 只: 300397.SZ
[22:47:12] [5分钟] 4030/5205: 300397.SZ OK
[22:47:12] [5分钟] 第 4031/5205 只: 300560.SZ
[22:47:12] [5分钟] 4031/5205: 300560.SZ OK
[22:47:12] [5分钟] 第 4032/5205 只: 002757.SZ
[22:47:12] [5分钟] 4032/5205: 002757.SZ OK
[22:47:12] [5分钟] 第 4033/5205 只: 300514.SZ
[22:47:12] [5分钟] 4033/5205: 300514.SZ OK
[22:47:12] [5分钟] 第 4034/5205 只: 002338.SZ
[22:47:12] [5分钟] 4034/5205: 002338.SZ OK
[22:47:12] [5分钟] 第 4035/5205 只: 002723.SZ
[22:47:12] [5分钟] 4035/5205: 002723.SZ OK
[22:47:12] [5分钟] 第 4036/5205 只: 301308.SZ
[22:47:12] [5分钟] 4036/5205: 301308.SZ OK
[22:47:12] [5分钟] 第 4037/5205 只: 300588.SZ
[22:47:12] [5分钟] 4037/5205: 300588.SZ OK
[22:47:12] [5分钟] 第 4038/5205 只: 300193.SZ
[22:47:12] [5分钟] 4038/5205: 300193.SZ OK
[22:47:12] [5分钟] 第 4039/5205 只: 300839.SZ
[22:47:12] [5分钟] 4039/5205: 300839.SZ OK
[22:47:12] [5分钟] 第 4040/5205 只: 301611.SZ
[22:47:12] [5分钟] 4040/5205: 301611.SZ OK
[22:47:12] [5分钟] 第 4041/5205 只: 300091.SZ
[22:47:12] [5分钟] 4041/5205: 300091.SZ OK
[22:47:12] [5分钟] 第 4042/5205 只: 301665.SZ
[22:47:12] [5分钟] 4042/5205: 301665.SZ OK
[22:47:12] [5分钟] 第 4043/5205 只: 002655.SZ
[22:47:12] [5分钟] 4043/5205: 002655.SZ OK
[22:47:12] [5分钟] 第 4044/5205 只: 300079.SZ
[22:47:12] [5分钟] 4044/5205: 300079.SZ OK
[22:47:12] [5分钟] 第 4045/5205 只: 300462.SZ
[22:47:12] [5分钟] 4045/5205: 300462.SZ OK
[22:47:12] [5分钟] 第 4046/5205 只: 300416.SZ
[22:47:12] [5分钟] 4046/5205: 300416.SZ OK
[22:47:12] [5分钟] 第 4047/5205 只: 301296.SZ
[22:47:12] [5分钟] 4047/5205: 301296.SZ OK
[22:47:12] [5分钟] 第 4048/5205 只: 000736.SZ
[22:47:12] [5分钟] 4048/5205: 000736.SZ OK
[22:47:12] [5分钟] 第 4049/5205 只: 300736.SZ
[22:47:12] [5分钟] 4049/5205: 300736.SZ OK
[22:47:12] [5分钟] 第 4050/5205 只: 001296.SZ
[22:47:12] [5分钟] 4050/5205: 001296.SZ OK
[22:47:12] [5分钟 4050/5205] 成功4050，失败0，当前 001296.SZ
[22:47:12] [5分钟] 第 4051/5205 只: 002501.SZ
[22:47:12] [5分钟] 4051/5205: 002501.SZ OK
[22:47:12] [5分钟] 第 4052/5205 只: 300359.SZ
[22:47:12] [5分钟] 4052/5205: 300359.SZ OK
[22:47:12] [5分钟] 第 4053/5205 只: 002575.SZ
[22:47:12] [5分钟] 4053/5205: 002575.SZ OK
[22:47:12] [5分钟] 第 4054/5205 只: 002858.SZ
[22:47:12] [5分钟] 4054/5205: 002858.SZ OK
[22:47:12] [5分钟] 第 4055/5205 只: 301531.SZ
[22:47:12] [5分钟] 4055/5205: 301531.SZ OK
[22:47:12] [5分钟] 第 4056/5205 只: 002186.SZ
[22:47:12] [5分钟] 4056/5205: 002186.SZ OK
[22:47:12] [5分钟] 第 4057/5205 只: 000839.SZ
[22:47:12] [5分钟] 4057/5205: 000839.SZ OK
[22:47:12] [5分钟] 第 4058/5205 只: 002084.SZ
[22:47:12] [5分钟] 4058/5205: 002084.SZ OK
[22:47:12] [5分钟] 第 4059/5205 只: 301028.SZ
[22:47:12] [5分钟] 4059/5205: 301028.SZ OK
[22:47:12] [5分钟] 第 4060/5205 只: 001308.SZ
[22:47:12] [5分钟] 4060/5205: 001308.SZ OK
[22:47:12] [5分钟] 第 4061/5205 只: 002403.SZ
[22:47:12] [5分钟] 4061/5205: 002403.SZ OK
[22:47:12] [5分钟] 第 4062/5205 只: 300634.SZ
[22:47:12] [5分钟] 4062/5205: 300634.SZ OK
[22:47:12] [5分钟] 第 4063/5205 只: 000514.SZ
[22:47:12] [5分钟] 4063/5205: 000514.SZ OK
[22:47:12] [5分钟] 第 4064/5205 只: 300640.SZ
[22:47:12] [5分钟] 4064/5205: 300640.SZ OK
[22:47:12] [5分钟] 第 4065/5205 只: 000560.SZ
[22:47:12] [5分钟] 4065/5205: 000560.SZ OK
[22:47:12] [5分钟] 第 4066/5205 只: 300969.SZ
[22:47:12] [5分钟] 4066/5205: 300969.SZ OK
[22:47:12] [5分钟] 第 4067/5205 只: 301258.SZ
[22:47:12] [5分钟] 4067/5205: 301258.SZ OK
[22:47:12] [5分钟] 第 4068/5205 只: 002673.SZ
[22:47:12] [5分钟] 4068/5205: 002673.SZ OK
[22:47:12] [5分钟] 第 4069/5205 只: 002268.SZ
[22:47:12] [5分钟] 4069/5205: 002268.SZ OK
[22:47:12] [5分钟] 第 4070/5205 只: 300444.SZ
[22:47:12] [5分钟] 4070/5205: 300444.SZ OK
[22:47:12] [5分钟] 第 4071/5205 只: 002607.SZ
[22:47:12] [5分钟] 4071/5205: 002607.SZ OK
[22:47:12] [5分钟] 第 4072/5205 只: 300981.SZ
[22:47:12] [5分钟] 4072/5205: 300981.SZ OK
[22:47:12] [5分钟] 第 4073/5205 只: 300430.SZ
[22:47:12] [5分钟] 4073/5205: 300430.SZ OK
[22:47:12] [5分钟] 第 4074/5205 只: 000710.SZ
[22:47:12] [5分钟] 4074/5205: 000710.SZ OK
[22:47:12] [5分钟] 第 4075/5205 只: 300546.SZ
[22:47:12] [5分钟] 4075/5205: 300546.SZ OK
[22:47:12] [5分钟] 第 4076/5205 只: 002771.SZ
[22:47:12] [5分钟] 4076/5205: 002771.SZ OK
[22:47:12] [5分钟] 第 4077/5205 只: 300532.SZ
[22:47:12] [5分钟] 4077/5205: 300532.SZ OK
[22:47:12] [5分钟] 第 4078/5205 只: 300129.SZ
[22:47:12] [5分钟] 4078/5205: 300129.SZ OK
[22:47:12] [5分钟] 第 4079/5205 只: 000612.SZ
[22:47:12] [5分钟] 4079/5205: 000612.SZ OK
[22:47:12] [5分钟] 第 4080/5205 只: 002705.SZ
[22:47:12] [5分钟] 4080/5205: 002705.SZ OK
[22:47:12] [5分钟] 第 4081/5205 只: 300883.SZ
[22:47:12] [5分钟] 4081/5205: 300883.SZ OK
[22:47:12] [5分钟] 第 4082/5205 只: 002382.SZ
[22:47:12] [5分钟] 4082/5205: 002382.SZ OK
[22:47:12] [5分钟] 第 4083/5205 只: 002799.SZ
[22:47:12] [5分钟] 4083/5205: 002799.SZ OK
[22:47:12] [5分钟] 第 4084/5205 只: 002660.SZ
[22:47:12] [5分钟] 4084/5205: 002660.SZ OK
[22:47:12] [5分钟] 第 4085/5205 只: 300457.SZ
[22:47:12] [5分钟] 4085/5205: 300457.SZ OK
[22:47:12] [5分钟] 第 4086/5205 只: 000777.SZ
[22:47:12] [5分钟] 4086/5205: 000777.SZ OK
[22:47:12] [5分钟] 第 4087/5205 只: 002614.SZ
[22:47:12] [5分钟] 4087/5205: 002614.SZ OK
[22:47:12] [5分钟] 第 4088/5205 只: 300992.SZ
[22:47:12] [5分钟] 4088/5205: 300992.SZ OK
[22:47:12] [5分钟] 第 4089/5205 只: 300423.SZ
[22:47:12] [5分钟] 4089/5205: 300423.SZ OK
[22:47:12] [5分钟] 第 4090/5205 只: 000703.SZ
[22:47:12] [5分钟] 4090/5205: 000703.SZ OK
[22:47:12] [5分钟] 第 4091/5205 只: 003008.SZ
[22:47:12] [5分钟] 4091/5205: 003008.SZ OK
[22:47:12] [5分钟] 第 4092/5205 只: 002293.SZ
[22:47:12] [5分钟] 4092/5205: 002293.SZ OK
[22:47:12] [5分钟] 第 4093/5205 只: 002688.SZ
[22:47:12] [5分钟] 4093/5205: 002688.SZ OK
[22:47:12] [5分钟] 第 4094/5205 只: 002391.SZ
[22:47:12] [5分钟] 4094/5205: 002391.SZ OK
[22:47:12] [5分钟] 第 4095/5205 只: 301349.SZ
[22:47:12] [5分钟] 4095/5205: 301349.SZ OK
[22:47:12] [5分钟] 第 4096/5205 只: 300878.SZ
[22:47:12] [5分钟] 4096/5205: 300878.SZ OK
[22:47:12] [5分钟] 第 4097/5205 只: 300555.SZ
[22:47:12] [5分钟] 4097/5205: 300555.SZ OK
[22:47:12] [5分钟] 第 4098/5205 只: 002762.SZ
[22:47:12] [5分钟] 4098/5205: 002762.SZ OK
[22:47:12] [5分钟] 第 4099/5205 只: 002379.SZ
[22:47:12] [5分钟] 4099/5205: 002379.SZ OK
[22:47:12] [5分钟] 第 4100/5205 只: 300521.SZ
[22:47:12] [5分钟] 4100/5205: 300521.SZ OK
[22:47:12] [5分钟 4100/5205] 成功4100，失败0，当前 300521.SZ
[22:47:12] [5分钟] 第 4101/5205 只: 000601.SZ
[22:47:12] [5分钟] 4101/5205: 000601.SZ OK
[22:47:12] [5分钟] 第 4102/5205 只: 002716.SZ
[22:47:12] [5分钟] 4102/5205: 002716.SZ OK
[22:47:12] [5分钟] 第 4103/5205 只: 300890.SZ
[22:47:12] [5分钟] 4103/5205: 300890.SZ OK
[22:47:12] [5分钟] 第 4104/5205 只: 301556.SZ
[22:47:12] [5分钟] 4104/5205: 301556.SZ OK
[22:47:12] [5分钟] 第 4105/5205 只: 301139.SZ
[22:47:12] [5分钟] 4105/5205: 301139.SZ OK
[22:47:12] [5分钟] 第 4106/5205 只: 301522.SZ
[22:47:12] [5分钟] 4106/5205: 301522.SZ OK
[22:47:12] [5分钟] 第 4107/5205 只: 001219.SZ
[22:47:12] [5分钟] 4107/5205: 001219.SZ OK
[22:47:12] [5分钟] 第 4108/5205 只: 000928.SZ
[22:47:12] [5分钟] 4108/5205: 000928.SZ OK
[22:47:12] [5分钟] 第 4109/5205 只: 002195.SZ
[22:47:12] [5分钟] 4109/5205: 002195.SZ OK
[22:47:12] [5分钟] 第 4110/5205 只: 300725.SZ
[22:47:12] [5分钟] 4110/5205: 300725.SZ OK
[22:47:12] [5分钟] 第 4111/5205 只: 001285.SZ
[22:47:12] [5分钟] 4111/5205: 001285.SZ OK
[22:47:12] [5分钟] 第 4112/5205 只: 002109.SZ
[22:47:12] [5分钟] 4112/5205: 002109.SZ OK
[22:47:12] [5分钟] 第 4113/5205 只: 002512.SZ
[22:47:12] [5分钟] 4113/5205: 002512.SZ OK
[22:47:12] [5分钟] 第 4114/5205 只: 300751.SZ
[22:47:12] [5分钟] 4114/5205: 300751.SZ OK
[22:47:12] [5分钟] 第 4115/5205 只: 002566.SZ
[22:47:12] [5分钟] 4115/5205: 002566.SZ OK
[22:47:12] [5分钟] 第 4116/5205 只: 002410.SZ
[22:47:12] [5分钟] 4116/5205: 002410.SZ OK
[22:47:12] [5分钟] 第 4117/5205 只: 300627.SZ
[22:47:12] [5分钟] 4117/5205: 300627.SZ OK
[22:47:12] [5分钟] 第 4118/5205 只: 001387.SZ
[22:47:12] [5分钟] 4118/5205: 001387.SZ OK
[22:47:12] [5分钟] 第 4119/5205 只: 000507.SZ
[22:47:12] [5分钟] 4119/5205: 000507.SZ OK
[22:47:12] [5分钟] 第 4120/5205 只: 300248.SZ
[22:47:12] [5分钟] 4120/5205: 300248.SZ OK
[22:47:12] [5分钟] 第 4121/5205 只: 300653.SZ
[22:47:12] [5分钟] 4121/5205: 300653.SZ OK
[22:47:12] [5分钟] 第 4122/5205 只: 000573.SZ
[22:47:12] [5分钟] 4122/5205: 000573.SZ OK
[22:47:12] [5分钟] 第 4123/5205 只: 002949.SZ
[22:47:12] [5分钟] 4123/5205: 002949.SZ OK
[22:47:12] [5分钟] 第 4124/5205 只: 002097.SZ
[22:47:12] [5分钟] 4124/5205: 002097.SZ OK
[22:47:12] [5分钟] 第 4125/5205 只: 002878.SZ
[22:47:12] [5分钟] 4125/5205: 002878.SZ OK
[22:47:12] [5分钟] 第 4126/5205 只: 301565.SZ
[22:47:12] [5分钟] 4126/5205: 301565.SZ OK
[22:47:12] [5分钟] 第 4127/5205 只: 301511.SZ
[22:47:12] [5分钟] 4127/5205: 301511.SZ OK
[22:47:12] [5分钟] 第 4128/5205 只: 300716.SZ
[22:47:12] [5分钟] 4128/5205: 300716.SZ OK
[22:47:12] [5分钟] 第 4129/5205 只: 301196.SZ
[22:47:12] [5分钟] 4129/5205: 301196.SZ OK
[22:47:12] [5分钟] 第 4130/5205 只: 002890.SZ
[22:47:12] [5分钟] 4130/5205: 002890.SZ OK
[22:47:12] [5分钟] 第 4131/5205 只: 002521.SZ
[22:47:12] [5分钟] 4131/5205: 002521.SZ OK
[22:47:12] [5分钟] 第 4132/5205 只: 000987.SZ
[22:47:12] [5分钟] 4132/5205: 000987.SZ OK
[22:47:12] [5分钟] 第 4133/5205 只: 300762.SZ
[22:47:12] [5分钟] 4133/5205: 300762.SZ OK
[22:47:12] [5分钟] 第 4134/5205 只: 000059.SZ
[22:47:12] [5分钟] 4134/5205: 000059.SZ OK
[22:47:12] [5分钟] 第 4135/5205 只: 002555.SZ
[22:47:12] [5分钟] 4135/5205: 002555.SZ OK
[22:47:12] [5分钟] 第 4136/5205 只: 002423.SZ
[22:47:12] [5分钟] 4136/5205: 002423.SZ OK
[22:47:12] [5分钟] 第 4137/5205 只: 000885.SZ
[22:47:12] [5分钟] 4137/5205: 000885.SZ OK
[22:47:12] [5分钟] 第 4138/5205 只: 002038.SZ
[22:47:12] [5分钟] 4138/5205: 002038.SZ OK
[22:47:12] [5分钟] 第 4139/5205 只: 300614.SZ
[22:47:12] [5分钟] 4139/5205: 300614.SZ OK
[22:47:12] [5分钟] 第 4140/5205 只: 000534.SZ
[22:47:12] [5分钟] 4140/5205: 000534.SZ OK
[22:47:12] [5分钟] 第 4141/5205 只: 002992.SZ
[22:47:12] [5分钟] 4141/5205: 002992.SZ OK
[22:47:12] [5分钟] 第 4142/5205 只: 002457.SZ
[22:47:12] [5分钟] 4142/5205: 002457.SZ OK
[22:47:12] [5分钟] 第 4143/5205 只: 300660.SZ
[22:47:12] [5分钟] 4143/5205: 300660.SZ OK
[22:47:12] [5分钟] 第 4144/5205 只: 000819.SZ
[22:47:12] [5分钟] 4144/5205: 000819.SZ OK
[22:47:12] [5分钟] 第 4145/5205 只: 301413.SZ
[22:47:12] [5分钟] 4145/5205: 301413.SZ OK
[22:47:12] [5分钟] 第 4146/5205 只: 301008.SZ
[22:47:12] [5分钟] 4146/5205: 301008.SZ OK
[22:47:12] [5分钟] 第 4147/5205 只: 001328.SZ
[22:47:12] [5分钟] 4147/5205: 001328.SZ OK
[22:47:12] [5分钟] 第 4148/5205 只: 300293.SZ
[22:47:12] [5分钟] 4148/5205: 300293.SZ OK
[22:47:12] [5分钟] 第 4149/5205 只: 300688.SZ
[22:47:12] [5分钟] 4149/5205: 300688.SZ OK
[22:47:12] [5分钟] 第 4150/5205 只: 002248.SZ
[22:47:12] [5分钟] 4150/5205: 002248.SZ OK
[22:47:12] [5分钟 4150/5205] 成功4150，失败0，当前 002248.SZ
[22:47:12] [5分钟] 第 4151/5205 只: 002653.SZ
[22:47:12] [5分钟] 4151/5205: 002653.SZ OK
[22:47:12] [5分钟] 第 4152/5205 只: 300464.SZ
[22:47:12] [5分钟] 4152/5205: 300464.SZ OK
[22:47:12] [5分钟] 第 4153/5205 只: 002627.SZ
[22:47:12] [5分钟] 4153/5205: 002627.SZ OK
[22:47:12] [5分钟] 第 4154/5205 只: 300410.SZ
[22:47:12] [5分钟] 4154/5205: 300410.SZ OK
[22:47:12] [5分钟] 第 4155/5205 只: 301290.SZ
[22:47:12] [5分钟] 4155/5205: 301290.SZ OK
[22:47:12] [5分钟] 第 4156/5205 只: 301617.SZ
[22:47:12] [5分钟] 4156/5205: 301617.SZ OK
[22:47:12] [5分钟] 第 4157/5205 只: 300097.SZ
[22:47:12] [5分钟] 4157/5205: 300097.SZ OK
[22:47:12] [5分钟] 第 4158/5205 只: 300949.SZ
[22:47:12] [5分钟] 4158/5205: 300949.SZ OK
[22:47:12] [5分钟] 第 4159/5205 只: 301278.SZ
[22:47:12] [5分钟] 4159/5205: 301278.SZ OK
[22:47:12] [5分钟] 第 4160/5205 只: 300195.SZ
[22:47:12] [5分钟] 4160/5205: 300195.SZ OK
[22:47:12] [5分钟] 第 4161/5205 只: 300566.SZ
[22:47:12] [5分钟] 4161/5205: 300566.SZ OK
[22:47:12] [5分钟] 第 4162/5205 只: 300109.SZ
[22:47:12] [5分钟] 4162/5205: 300109.SZ OK
[22:47:12] [5分钟] 第 4163/5205 只: 300512.SZ
[22:47:12] [5分钟] 4163/5205: 300512.SZ OK
[22:47:12] [5分钟] 第 4164/5205 只: 000632.SZ
[22:47:12] [5分钟] 4164/5205: 000632.SZ OK
[22:47:12] [5分钟] 第 4165/5205 只: 301392.SZ
[22:47:12] [5分钟] 4165/5205: 301392.SZ OK
[22:47:12] [5分钟] 第 4166/5205 只: 002725.SZ
[22:47:12] [5分钟] 4166/5205: 002725.SZ OK
[22:47:12] [5分钟] 第 4167/5205 只: 003028.SZ
[22:47:12] [5分钟] 4167/5205: 003028.SZ OK
[22:47:12] [5分钟] 第 4168/5205 只: 300084.SZ
[22:47:12] [5分钟] 4168/5205: 300084.SZ OK
[22:47:12] [5分钟] 第 4169/5205 只: 002640.SZ
[22:47:12] [5分钟] 4169/5205: 002640.SZ OK
[22:47:12] [5分钟] 第 4170/5205 只: 300477.SZ
[22:47:12] [5分钟] 4170/5205: 300477.SZ OK
[22:47:12] [5分钟] 第 4171/5205 只: 000757.SZ
[22:47:12] [5分钟] 4171/5205: 000757.SZ OK
[22:47:12] [5分钟] 第 4172/5205 只: 002634.SZ
[22:47:12] [5分钟] 4172/5205: 002634.SZ OK
[22:47:12] [5分钟] 第 4173/5205 只: 300018.SZ
[22:47:12] [5分钟] 4173/5205: 300018.SZ OK
[22:47:12] [5分钟] 第 4174/5205 只: 300403.SZ
[22:47:12] [5分钟] 4174/5205: 300403.SZ OK
[22:47:12] [5分钟] 第 4175/5205 只: 000723.SZ
[22:47:12] [5分钟] 4175/5205: 000723.SZ OK
[22:47:12] [5分钟] 第 4176/5205 只: 000338.SZ
[22:47:12] [5分钟] 4176/5205: 000338.SZ OK
[22:47:12] [5分钟] 第 4177/5205 只: 301283.SZ
[22:47:12] [5分钟] 4177/5205: 301283.SZ OK
[22:47:12] [5分钟] 第 4178/5205 只: 300575.SZ
[22:47:12] [5分钟] 4178/5205: 300575.SZ OK
[22:47:12] [5分钟] 第 4179/5205 只: 000655.SZ
[22:47:12] [5分钟] 4179/5205: 000655.SZ OK
[22:47:12] [5分钟] 第 4180/5205 只: 002742.SZ
[22:47:12] [5分钟] 4180/5205: 002742.SZ OK
[22:47:12] [5分钟] 第 4181/5205 只: 300501.SZ
[22:47:12] [5分钟] 4181/5205: 300501.SZ OK
[22:47:12] [5分钟] 第 4182/5205 只: 301381.SZ
[22:47:12] [5分钟] 4182/5205: 301381.SZ OK
[22:47:12] [5分钟] 第 4183/5205 只: 002736.SZ
[22:47:12] [5分钟] 4183/5205: 002736.SZ OK
[22:47:12] [5分钟] 第 4184/5205 只: 301369.SZ
[22:47:12] [5分钟] 4184/5205: 301369.SZ OK
[22:47:12] [5分钟] 第 4185/5205 只: 300858.SZ
[22:47:12] [5分钟] 4185/5205: 300858.SZ OK
[22:47:12] [5分钟] 第 4186/5205 只: 300705.SZ
[22:47:12] [5分钟] 4186/5205: 300705.SZ OK
[22:47:12] [5分钟] 第 4187/5205 只: 000425.SZ
[22:47:12] [5分钟] 4187/5205: 000425.SZ OK
[22:47:12] [5分钟] 第 4188/5205 只: 301185.SZ
[22:47:12] [5分钟] 4188/5205: 301185.SZ OK
[22:47:12] [5分钟] 第 4189/5205 只: 002883.SZ
[22:47:12] [5分钟] 4189/5205: 002883.SZ OK
[22:47:12] [5分钟] 第 4190/5205 只: 002532.SZ
[22:47:12] [5分钟] 4190/5205: 002532.SZ OK
[22:47:12] [5分钟] 第 4191/5205 只: 002129.SZ
[22:47:12] [5分钟] 4191/5205: 002129.SZ OK
[22:47:12] [5分钟] 第 4192/5205 只: 300771.SZ
[22:47:12] [5分钟] 4192/5205: 300771.SZ OK
[22:47:12] [5分钟] 第 4193/5205 只: 002546.SZ
[22:47:12] [5分钟] 4193/5205: 002546.SZ OK
[22:47:12] [5分钟] 第 4194/5205 只: 301502.SZ
[22:47:12] [5分钟] 4194/5205: 301502.SZ OK
[22:47:12] [5分钟] 第 4195/5205 只: 301119.SZ
[22:47:12] [5分钟] 4195/5205: 301119.SZ OK
[22:47:12] [5分钟] 第 4196/5205 只: 001239.SZ
[22:47:12] [5分钟] 4196/5205: 001239.SZ OK
[22:47:12] [5分钟] 第 4197/5205 只: 300382.SZ
[22:47:12] [5分钟] 4197/5205: 300382.SZ OK
[22:47:12] [5分钟] 第 4198/5205 只: 000908.SZ
[22:47:12] [5分钟] 4198/5205: 000908.SZ OK
[22:47:12] [5分钟] 第 4199/5205 只: 002969.SZ
[22:47:12] [5分钟] 4199/5205: 002969.SZ OK
[22:47:12] [5分钟] 第 4200/5205 只: 002430.SZ
[22:47:12] [5分钟] 4200/5205: 002430.SZ OK
[22:47:12] [5分钟 4200/5205] 成功4200，失败0，当前 002430.SZ
[22:47:12] [5分钟] 第 4201/5205 只: 300607.SZ
[22:47:12] [5分钟] 4201/5205: 300607.SZ OK
[22:47:12] [5分钟] 第 4202/5205 只: 002981.SZ
[22:47:12] [5分钟] 4202/5205: 002981.SZ OK
[22:47:12] [5分钟] 第 4203/5205 只: 301087.SZ
[22:47:12] [5分钟] 4203/5205: 301087.SZ OK
[22:47:12] [5分钟] 第 4204/5205 只: 002444.SZ
[22:47:12] [5分钟] 4204/5205: 002444.SZ OK
[22:47:12] [5分钟] 第 4205/5205 只: 300673.SZ
[22:47:12] [5分钟] 4205/5205: 300673.SZ OK
[22:47:12] [5分钟] 第 4206/5205 只: 300268.SZ
[22:47:12] [5分钟] 4206/5205: 300268.SZ OK
[22:47:12] [5分钟] 第 4207/5205 只: 000553.SZ
[22:47:12] [5分钟] 4207/5205: 000553.SZ OK
[22:47:12] [5分钟] 第 4208/5205 只: 300553.SZ
[22:47:12] [5分钟] 4208/5205: 300553.SZ OK
[22:47:12] [5分钟] 第 4209/5205 只: 300148.SZ
[22:47:12] [5分钟] 4209/5205: 300148.SZ OK
[22:47:12] [5分钟] 第 4210/5205 只: 300527.SZ
[22:47:12] [5分钟] 4210/5205: 300527.SZ OK
[22:47:12] [5分钟] 第 4211/5205 只: 000607.SZ
[22:47:12] [5分钟] 4211/5205: 000607.SZ OK
[22:47:12] [5分钟] 第 4212/5205 只: 300896.SZ
[22:47:12] [5分钟] 4212/5205: 300896.SZ OK
[22:47:12] [5分钟] 第 4213/5205 只: 001400.SZ
[22:47:12] [5分钟] 4213/5205: 001400.SZ OK
[22:47:12] [5分钟] 第 4214/5205 只: 002397.SZ
[22:47:12] [5分钟] 4214/5205: 002397.SZ OK
[22:47:12] [5分钟] 第 4215/5205 只: 300908.SZ
[22:47:12] [5分钟] 4215/5205: 300908.SZ OK
[22:47:12] [5分钟] 第 4216/5205 只: 002295.SZ
[22:47:12] [5分钟] 4216/5205: 002295.SZ OK
[22:47:12] [5分钟] 第 4217/5205 只: 000799.SZ
[22:47:12] [5分钟] 4217/5205: 000799.SZ OK
[22:47:12] [5分钟] 第 4218/5205 只: 301622.SZ
[22:47:12] [5分钟] 4218/5205: 301622.SZ OK
[22:47:12] [5分钟] 第 4219/5205 只: 301239.SZ
[22:47:12] [5分钟] 4219/5205: 301239.SZ OK
[22:47:12] [5分钟] 第 4220/5205 只: 301656.SZ
[22:47:12] [5分钟] 4220/5205: 301656.SZ OK
[22:47:12] [5分钟] 第 4221/5205 只: 002666.SZ
[22:47:12] [5分钟] 4221/5205: 002666.SZ OK
[22:47:12] [5分钟] 第 4222/5205 只: 300451.SZ
[22:47:12] [5分钟] 4222/5205: 300451.SZ OK
[22:47:12] [5分钟] 第 4223/5205 只: 002612.SZ
[22:47:12] [5分钟] 4223/5205: 002612.SZ OK
[22:47:12] [5分钟] 第 4224/5205 只: 002209.SZ
[22:47:12] [5分钟] 4224/5205: 002209.SZ OK
[22:47:12] [5分钟] 第 4225/5205 只: 300994.SZ
[22:47:12] [5分钟] 4225/5205: 300994.SZ OK
[22:47:12] [5分钟] 第 4226/5205 只: 300425.SZ
[22:47:12] [5分钟] 4226/5205: 300425.SZ OK
[22:47:12] [5分钟] 第 4227/5205 只: 000705.SZ
[22:47:12] [5分钟] 4227/5205: 000705.SZ OK
[22:47:12] [5分钟] 第 4228/5205 只: 000858.SZ
[22:47:12] [5分钟] 4228/5205: 000858.SZ OK
[22:47:12] [5分钟] 第 4229/5205 只: 301049.SZ
[22:47:12] [5分钟] 4229/5205: 301049.SZ OK
[22:47:12] [5分钟] 第 4230/5205 只: 001369.SZ
[22:47:12] [5分钟] 4230/5205: 001369.SZ OK
[22:47:12] [5分钟] 第 4231/5205 只: 002091.SZ
[22:47:12] [5分钟] 4231/5205: 002091.SZ OK
[22:47:12] [5分钟] 第 4232/5205 只: 002416.SZ
[22:47:12] [5分钟] 4232/5205: 002416.SZ OK
[22:47:12] [5分钟] 第 4233/5205 只: 300621.SZ
[22:47:12] [5分钟] 4233/5205: 300621.SZ OK
[22:47:12] [5分钟] 第 4234/5205 只: 000501.SZ
[22:47:12] [5分钟] 4234/5205: 000501.SZ OK
[22:47:12] [5分钟] 第 4235/5205 只: 002079.SZ
[22:47:12] [5分钟] 4235/5205: 002079.SZ OK
[22:47:12] [5分钟] 第 4236/5205 只: 002462.SZ
[22:47:12] [5分钟] 4236/5205: 002462.SZ OK
[22:47:12] [5分钟] 第 4237/5205 只: 300655.SZ
[22:47:12] [5分钟] 4237/5205: 300655.SZ OK
[22:47:12] [5分钟] 第 4238/5205 只: 001283.SZ
[22:47:12] [5分钟] 4238/5205: 001283.SZ OK
[22:47:12] [5分钟] 第 4239/5205 只: 300338.SZ
[22:47:12] [5分钟] 4239/5205: 300338.SZ OK
[22:47:12] [5分钟] 第 4240/5205 只: 300723.SZ
[22:47:12] [5分钟] 4240/5205: 300723.SZ OK
[22:47:12] [5分钟] 第 4241/5205 只: 000403.SZ
[22:47:12] [5分钟] 4241/5205: 000403.SZ OK
[22:47:12] [5分钟] 第 4242/5205 只: 002514.SZ
[22:47:12] [5分钟] 4242/5205: 002514.SZ OK
[22:47:12] [5分钟] 第 4243/5205 只: 300757.SZ
[22:47:12] [5分钟] 4243/5205: 300757.SZ OK
[22:47:12] [5分钟] 第 4244/5205 只: 002560.SZ
[22:47:12] [5分钟] 4244/5205: 002560.SZ OK
[22:47:12] [5分钟] 第 4245/5205 只: 301550.SZ
[22:47:12] [5分钟] 4245/5205: 301550.SZ OK
[22:47:12] [5分钟] 第 4246/5205 只: 002839.SZ
[22:47:12] [5分钟] 4246/5205: 002839.SZ OK
[22:47:12] [5分钟] 第 4247/5205 只: 002588.SZ
[22:47:12] [5分钟] 4247/5205: 002588.SZ OK
[22:47:12] [5分钟] 第 4248/5205 只: 002193.SZ
[22:47:12] [5分钟] 4248/5205: 002193.SZ OK
[22:47:12] [5分钟] 第 4249/5205 只: 002405.SZ
[22:47:12] [5分钟] 4249/5205: 002405.SZ OK
[22:47:12] [5分钟] 第 4250/5205 只: 300229.SZ
[22:47:12] [5分钟] 4250/5205: 300229.SZ OK
[22:47:12] [5分钟 4250/5205] 成功4250，失败0，当前 300229.SZ
[22:47:12] [5分钟] 第 4251/5205 只: 300632.SZ
[22:47:12] [5分钟] 4251/5205: 300632.SZ OK
[22:47:12] [5分钟] 第 4252/5205 只: 002471.SZ
[22:47:12] [5分钟] 4252/5205: 002471.SZ OK
[22:47:12] [5分钟] 第 4253/5205 只: 000566.SZ
[22:47:12] [5分钟] 4253/5205: 000566.SZ OK
[22:47:12] [5分钟] 第 4254/5205 只: 002082.SZ
[22:47:12] [5分钟] 4254/5205: 002082.SZ OK
[22:47:12] [5分钟] 第 4255/5205 只: 002928.SZ
[22:47:12] [5分钟] 4255/5205: 002928.SZ OK
[22:47:12] [5分钟] 第 4256/5205 只: 301158.SZ
[22:47:12] [5分钟] 4256/5205: 301158.SZ OK
[22:47:12] [5分钟] 第 4257/5205 只: 001278.SZ
[22:47:12] [5分钟] 4257/5205: 001278.SZ OK
[22:47:12] [5分钟] 第 4258/5205 只: 000949.SZ
[22:47:12] [5分钟] 4258/5205: 000949.SZ OK
[22:47:12] [5分钟] 第 4259/5205 只: 002180.SZ
[22:47:12] [5分钟] 4259/5205: 002180.SZ OK
[22:47:12] [5分钟] 第 4260/5205 只: 300730.SZ
[22:47:12] [5分钟] 4260/5205: 300730.SZ OK
[22:47:12] [5分钟] 第 4261/5205 只: 000410.SZ
[22:47:12] [5分钟] 4261/5205: 000410.SZ OK
[22:47:12] [5分钟] 第 4262/5205 只: 002507.SZ
[22:47:12] [5分钟] 4262/5205: 002507.SZ OK
[22:47:12] [5分钟] 第 4263/5205 只: 002168.SZ
[22:47:12] [5分钟] 4263/5205: 002168.SZ OK
[22:47:12] [5分钟] 第 4264/5205 只: 002573.SZ
[22:47:12] [5分钟] 4264/5205: 002573.SZ OK
[22:47:12] [5分钟] 第 4265/5205 只: 000688.SZ
[22:47:12] [5分钟] 4265/5205: 000688.SZ OK
[22:47:12] [5分钟] 第 4266/5205 只: 301328.SZ
[22:47:12] [5分钟] 4266/5205: 301328.SZ OK
[22:47:12] [5分钟] 第 4267/5205 只: 300819.SZ
[22:47:12] [5分钟] 4267/5205: 300819.SZ OK
[22:47:12] [5分钟] 第 4268/5205 只: 002384.SZ
[22:47:12] [5分钟] 4268/5205: 002384.SZ OK
[22:47:12] [5分钟] 第 4269/5205 只: 300540.SZ
[22:47:12] [5分钟] 4269/5205: 300540.SZ OK
[22:47:12] [5分钟] 第 4270/5205 只: 002777.SZ
[22:47:12] [5分钟] 4270/5205: 002777.SZ OK
[22:47:12] [5分钟] 第 4271/5205 只: 300534.SZ
[22:47:12] [5分钟] 4271/5205: 300534.SZ OK
[22:47:12] [5分钟] 第 4272/5205 只: 002703.SZ
[22:47:12] [5分钟] 4272/5205: 002703.SZ OK
[22:47:12] [5分钟] 第 4273/5205 只: 002318.SZ
[22:47:12] [5分钟] 4273/5205: 002318.SZ OK
[22:47:12] [5分钟] 第 4274/5205 只: 300885.SZ
[22:47:12] [5分钟] 4274/5205: 300885.SZ OK
[22:47:12] [5分钟] 第 4275/5205 只: 002675.SZ
[22:47:12] [5分钟] 4275/5205: 002675.SZ OK
[22:47:12] [5分钟] 第 4276/5205 只: 300442.SZ
[22:47:12] [5分钟] 4276/5205: 300442.SZ OK
[22:47:12] [5分钟] 第 4277/5205 只: 300059.SZ
[22:47:12] [5分钟] 4277/5205: 300059.SZ OK
[22:47:12] [5分钟] 第 4278/5205 只: 000762.SZ
[22:47:12] [5分钟] 4278/5205: 000762.SZ OK
[22:47:12] [5分钟] 第 4279/5205 只: 002601.SZ
[22:47:12] [5分钟] 4279/5205: 002601.SZ OK
[22:47:12] [5分钟] 第 4280/5205 只: 300987.SZ
[22:47:12] [5分钟] 4280/5205: 300987.SZ OK
[22:47:12] [5分钟] 第 4281/5205 只: 300436.SZ
[22:47:12] [5分钟] 4281/5205: 300436.SZ OK
[22:47:12] [5分钟] 第 4282/5205 只: 000716.SZ
[22:47:12] [5分钟] 4282/5205: 000716.SZ OK
[22:47:12] [5分钟] 第 4283/5205 只: 002286.SZ
[22:47:12] [5分钟] 4283/5205: 002286.SZ OK
[22:47:12] [5分钟] 第 4284/5205 只: 301631.SZ
[22:47:12] [5分钟] 4284/5205: 301631.SZ OK
[22:47:12] [5分钟] 第 4285/5205 只: 002903.SZ
[22:47:12] [5分钟] 4285/5205: 002903.SZ OK
[22:47:12] [5分钟] 第 4286/5205 只: 301005.SZ
[22:47:12] [5分钟] 4286/5205: 301005.SZ OK
[22:47:12] [5分钟] 第 4287/5205 只: 300685.SZ
[22:47:12] [5分钟] 4287/5205: 300685.SZ OK
[22:47:12] [5分钟] 第 4288/5205 只: 001325.SZ
[22:47:12] [5分钟] 4288/5205: 001325.SZ OK
[22:47:12] [5分钟] 第 4289/5205 只: 000860.SZ
[22:47:12] [5分钟] 4289/5205: 000860.SZ OK
[22:47:12] [5分钟] 第 4290/5205 只: 301071.SZ
[22:47:12] [5分钟] 4290/5205: 301071.SZ OK
[22:47:12] [5分钟] 第 4291/5205 只: 002977.SZ
[22:47:12] [5分钟] 4291/5205: 002977.SZ OK
[22:47:12] [5分钟] 第 4292/5205 只: 002041.SZ
[22:47:12] [5分钟] 4292/5205: 002041.SZ OK
[22:47:12] [5分钟] 第 4293/5205 只: 300276.SZ
[22:47:12] [5分钟] 4293/5205: 300276.SZ OK
[22:47:12] [5分钟] 第 4294/5205 只: 000156.SZ
[22:47:12] [5分钟] 4294/5205: 000156.SZ OK
[22:47:12] [5分钟] 第 4295/5205 只: 000888.SZ
[22:47:12] [5分钟] 4295/5205: 000888.SZ OK
[22:47:12] [5分钟] 第 4296/5205 只: 002035.SZ
[22:47:12] [5分钟] 4296/5205: 002035.SZ OK
[22:47:12] [5分钟] 第 4297/5205 只: 300619.SZ
[22:47:12] [5分钟] 4297/5205: 300619.SZ OK
[22:47:12] [5分钟] 第 4298/5205 只: 301099.SZ
[22:47:12] [5分钟] 4298/5205: 301099.SZ OK
[22:47:12] [5分钟] 第 4299/5205 只: 000539.SZ
[22:47:12] [5分钟] 4299/5205: 000539.SZ OK
[22:47:12] [5分钟] 第 4300/5205 只: 300374.SZ
[22:47:12] [5分钟] 4300/5205: 300374.SZ OK
[22:47:12] [5分钟 4300/5205] 成功4300，失败0，当前 300374.SZ
[22:47:12] [5分钟] 第 4301/5205 只: 002558.SZ
[22:47:12] [5分钟] 4301/5205: 002558.SZ OK
[22:47:12] [5分钟] 第 4302/5205 只: 300300.SZ
[22:47:12] [5分钟] 4302/5205: 300300.SZ OK
[22:47:12] [5分钟] 第 4303/5205 只: 000020.SZ
[22:47:12] [5分钟] 4303/5205: 000020.SZ OK
[22:47:12] [5分钟] 第 4304/5205 只: 301580.SZ
[22:47:12] [5分钟] 4304/5205: 301580.SZ OK
[22:47:12] [5分钟] 第 4305/5205 只: 002137.SZ
[22:47:12] [5分钟] 4305/5205: 002137.SZ OK
[22:47:12] [5分钟] 第 4306/5205 只: 301107.SZ
[22:47:12] [5分钟] 4306/5205: 301107.SZ OK
[22:47:12] [5分钟] 第 4307/5205 只: 002801.SZ
[22:47:12] [5分钟] 4307/5205: 002801.SZ OK
[22:47:12] [5分钟] 第 4308/5205 只: 300787.SZ
[22:47:12] [5分钟] 4308/5205: 300787.SZ OK
[22:47:12] [5分钟] 第 4309/5205 只: 001227.SZ
[22:47:12] [5分钟] 4309/5205: 001227.SZ OK
[22:47:12] [5分钟] 第 4310/5205 只: 301568.SZ
[22:47:12] [5分钟] 4310/5205: 301568.SZ OK
[22:47:12] [5分钟] 第 4311/5205 只: 002875.SZ
[22:47:12] [5分钟] 4311/5205: 002875.SZ OK
[22:47:12] [5分钟] 第 4312/5205 只: 301173.SZ
[22:47:12] [5分钟] 4312/5205: 301173.SZ OK
[22:47:12] [5分钟] 第 4313/5205 只: 000962.SZ
[22:47:12] [5分钟] 4313/5205: 000962.SZ OK
[22:47:12] [5分钟] 第 4314/5205 只: 002333.SZ
[22:47:12] [5分钟] 4314/5205: 002333.SZ OK
[22:47:12] [5分钟] 第 4315/5205 只: 002728.SZ
[22:47:12] [5分钟] 4315/5205: 002728.SZ OK
[22:47:12] [5分钟] 第 4316/5205 只: 300170.SZ
[22:47:12] [5分钟] 4316/5205: 300170.SZ OK
[22:47:12] [5分钟] 第 4317/5205 只: 002347.SZ
[22:47:12] [5分钟] 4317/5205: 002347.SZ OK
[22:47:12] [5分钟] 第 4318/5205 只: 301377.SZ
[22:47:12] [5分钟] 4318/5205: 301377.SZ OK
[22:47:12] [5分钟] 第 4319/5205 只: 300846.SZ
[22:47:12] [5分钟] 4319/5205: 300846.SZ OK
[22:47:12] [5分钟] 第 4320/5205 只: 301303.SZ
[22:47:12] [5分钟] 4320/5205: 301303.SZ OK
[22:47:12] [5分钟] 第 4321/5205 只: 300583.SZ
[22:47:12] [5分钟] 4321/5205: 300583.SZ OK
[22:47:12] [5分钟] 第 4322/5205 只: 300198.SZ
[22:47:12] [5分钟] 4322/5205: 300198.SZ OK
[22:47:12] [5分钟] 第 4323/5205 只: 300832.SZ
[22:47:12] [5分钟] 4323/5205: 300832.SZ OK
[22:47:12] [5分钟] 第 4324/5205 只: 003042.SZ
[22:47:12] [5分钟] 4324/5205: 003042.SZ OK
[22:47:12] [5分钟] 第 4325/5205 只: 301275.SZ
[22:47:12] [5分钟] 4325/5205: 301275.SZ OK
[22:47:12] [5分钟] 第 4326/5205 只: 003036.SZ
[22:47:12] [5分钟] 4326/5205: 003036.SZ OK
[22:47:12] [5分钟] 第 4327/5205 只: 300930.SZ
[22:47:12] [5分钟] 4327/5205: 300930.SZ OK
[22:47:12] [5分钟] 第 4328/5205 只: 301201.SZ
[22:47:12] [5分钟] 4328/5205: 301201.SZ OK
[22:47:12] [5分钟] 第 4329/5205 只: 300481.SZ
[22:47:12] [5分钟] 4329/5205: 300481.SZ OK
[22:47:12] [5分钟] 第 4330/5205 只: 300006.SZ
[22:47:12] [5分钟] 4330/5205: 300006.SZ OK
[22:47:12] [5分钟] 第 4331/5205 只: 002245.SZ
[22:47:12] [5分钟] 4331/5205: 002245.SZ OK
[22:47:12] [5分钟] 第 4332/5205 只: 300072.SZ
[22:47:12] [5分钟] 4332/5205: 300072.SZ OK
[22:47:12] [5分钟] 第 4333/5205 只: 300469.SZ
[22:47:12] [5分钟] 4333/5205: 300469.SZ OK
[22:47:12] [5分钟] 第 4334/5205 只: 300855.SZ
[22:47:12] [5分钟] 4334/5205: 300855.SZ OK
[22:47:12] [5分钟] 第 4335/5205 只: 301310.SZ
[22:47:12] [5分钟] 4335/5205: 301310.SZ OK
[22:47:12] [5分钟] 第 4336/5205 只: 300590.SZ
[22:47:12] [5分钟] 4336/5205: 300590.SZ OK
[22:47:12] [5分钟] 第 4337/5205 只: 300821.SZ
[22:47:12] [5分钟] 4337/5205: 300821.SZ OK
[22:47:12] [5分钟] 第 4338/5205 只: 002320.SZ
[22:47:12] [5分钟] 4338/5205: 002320.SZ OK
[22:47:12] [5分钟] 第 4339/5205 只: 300163.SZ
[22:47:12] [5分钟] 4339/5205: 300163.SZ OK
[22:47:12] [5分钟] 第 4340/5205 只: 300578.SZ
[22:47:12] [5分钟] 4340/5205: 300578.SZ OK
[22:47:12] [5分钟] 第 4341/5205 只: 002354.SZ
[22:47:12] [5分钟] 4341/5205: 002354.SZ OK
[22:47:12] [5分钟] 第 4342/5205 只: 002222.SZ
[22:47:12] [5分钟] 4342/5205: 002222.SZ OK
[22:47:12] [5分钟] 第 4343/5205 只: 002639.SZ
[22:47:12] [5分钟] 4343/5205: 002639.SZ OK
[22:47:12] [5分钟] 第 4344/5205 只: 300015.SZ
[22:47:12] [5分钟] 4344/5205: 300015.SZ OK
[22:47:12] [5分钟] 第 4345/5205 只: 002256.SZ
[22:47:12] [5分钟] 4345/5205: 002256.SZ OK
[22:47:12] [5分钟] 第 4346/5205 只: 300061.SZ
[22:47:12] [5分钟] 4346/5205: 300061.SZ OK
[22:47:12] [5分钟] 第 4347/5205 只: 300957.SZ
[22:47:12] [5分钟] 4347/5205: 300957.SZ OK
[22:47:12] [5分钟] 第 4348/5205 只: 301266.SZ
[22:47:12] [5分钟] 4348/5205: 301266.SZ OK
[22:47:12] [5分钟] 第 4349/5205 只: 003025.SZ
[22:47:12] [5分钟] 4349/5205: 003025.SZ OK
[22:47:12] [5分钟] 第 4350/5205 只: 300923.SZ
[22:47:12] [5分钟] 4350/5205: 300923.SZ OK
[22:47:12] [5分钟 4350/5205] 成功4350，失败0，当前 300923.SZ
[22:47:12] [5分钟] 第 4351/5205 只: 301212.SZ
[22:47:12] [5分钟] 4351/5205: 301212.SZ OK
[22:47:12] [5分钟] 第 4352/5205 只: 301609.SZ
[22:47:12] [5分钟] 4352/5205: 301609.SZ OK
[22:47:12] [5分钟] 第 4353/5205 只: 300492.SZ
[22:47:12] [5分钟] 4353/5205: 300492.SZ OK
[22:47:12] [5分钟] 第 4354/5205 只: 002449.SZ
[22:47:12] [5分钟] 4354/5205: 002449.SZ OK
[22:47:12] [5分钟] 第 4355/5205 只: 002052.SZ
[22:47:12] [5分钟] 4355/5205: 002052.SZ OK
[22:47:12] [5分钟] 第 4356/5205 只: 300265.SZ
[22:47:12] [5分钟] 4356/5205: 300265.SZ OK
[22:47:12] [5分钟] 第 4357/5205 只: 002026.SZ
[22:47:12] [5分钟] 4357/5205: 002026.SZ OK
[22:47:12] [5分钟] 第 4358/5205 只: 300211.SZ
[22:47:12] [5分钟] 4358/5205: 300211.SZ OK
[22:47:12] [5分钟] 第 4359/5205 只: 301491.SZ
[22:47:12] [5分钟] 4359/5205: 301491.SZ OK
[22:47:12] [5分钟] 第 4360/5205 只: 000807.SZ
[22:47:12] [5分钟] 4360/5205: 000807.SZ OK
[22:47:12] [5分钟] 第 4361/5205 只: 002910.SZ
[22:47:12] [5分钟] 4361/5205: 002910.SZ OK
[22:47:12] [5分钟] 第 4362/5205 只: 301016.SZ
[22:47:12] [5分钟] 4362/5205: 301016.SZ OK
[22:47:12] [5分钟] 第 4363/5205 只: 300696.SZ
[22:47:12] [5分钟] 4363/5205: 300696.SZ OK
[22:47:12] [5分钟] 第 4364/5205 只: 001336.SZ
[22:47:12] [5分钟] 4364/5205: 001336.SZ OK
[22:47:12] [5分钟] 第 4365/5205 只: 301479.SZ
[22:47:12] [5分钟] 4365/5205: 301479.SZ OK
[22:47:12] [5分钟] 第 4366/5205 只: 301062.SZ
[22:47:12] [5分钟] 4366/5205: 301062.SZ OK
[22:47:12] [5分钟] 第 4367/5205 只: 002812.SZ
[22:47:12] [5分钟] 4367/5205: 002812.SZ OK
[22:47:12] [5分钟] 第 4368/5205 只: 001234.SZ
[22:47:12] [5分钟] 4368/5205: 001234.SZ OK
[22:47:12] [5分钟] 第 4369/5205 只: 000905.SZ
[22:47:12] [5分钟] 4369/5205: 000905.SZ OK
[22:47:12] [5分钟] 第 4370/5205 只: 002866.SZ
[22:47:12] [5分钟] 4370/5205: 002866.SZ OK
[22:47:12] [5分钟] 第 4371/5205 只: 301160.SZ
[22:47:12] [5分钟] 4371/5205: 301160.SZ OK
[22:47:12] [5分钟] 第 4372/5205 只: 002150.SZ
[22:47:12] [5分钟] 4372/5205: 002150.SZ OK
[22:47:12] [5分钟] 第 4373/5205 只: 300708.SZ
[22:47:12] [5分钟] 4373/5205: 300708.SZ OK
[22:47:12] [5分钟] 第 4374/5205 只: 300313.SZ
[22:47:12] [5分钟] 4374/5205: 300313.SZ OK
[22:47:12] [5分钟] 第 4375/5205 只: 301188.SZ
[22:47:12] [5分钟] 4375/5205: 301188.SZ OK
[22:47:12] [5分钟] 第 4376/5205 只: 000428.SZ
[22:47:12] [5分钟] 4376/5205: 000428.SZ OK
[22:47:12] [5分钟] 第 4377/5205 只: 000999.SZ
[22:47:12] [5分钟] 4377/5205: 000999.SZ OK
[22:47:12] [5分钟] 第 4378/5205 只: 002124.SZ
[22:47:12] [5分钟] 4378/5205: 002124.SZ OK
[22:47:12] [5分钟] 第 4379/5205 只: 002204.SZ
[22:47:12] [5分钟] 4379/5205: 002204.SZ OK
[22:47:12] [5分钟] 第 4380/5205 只: 300999.SZ
[22:47:12] [5分钟] 4380/5205: 300999.SZ OK
[22:47:12] [5分钟] 第 4381/5205 只: 300428.SZ
[22:47:12] [5分钟] 4381/5205: 300428.SZ OK
[22:47:12] [5分钟] 第 4382/5205 只: 300033.SZ
[22:47:12] [5分钟] 4382/5205: 300033.SZ OK
[22:47:12] [5分钟] 第 4383/5205 只: 000708.SZ
[22:47:12] [5分钟] 4383/5205: 000708.SZ OK
[22:47:12] [5分钟] 第 4384/5205 只: 002270.SZ
[22:47:12] [5分钟] 4384/5205: 002270.SZ OK
[22:47:12] [5分钟] 第 4385/5205 只: 300047.SZ
[22:47:12] [5分钟] 4385/5205: 300047.SZ OK
[22:47:12] [5分钟] 第 4386/5205 只: 300971.SZ
[22:47:12] [5分钟] 4386/5205: 300971.SZ OK
[22:47:12] [5分钟] 第 4387/5205 只: 300905.SZ
[22:47:12] [5分钟] 4387/5205: 300905.SZ OK
[22:47:12] [5分钟] 第 4388/5205 只: 003003.SZ
[22:47:12] [5分钟] 4388/5205: 003003.SZ OK
[22:47:12] [5分钟] 第 4389/5205 只: 002298.SZ
[22:47:12] [5分钟] 4389/5205: 002298.SZ OK
[22:47:12] [5分钟] 第 4390/5205 只: 002683.SZ
[22:47:12] [5分钟] 4390/5205: 002683.SZ OK
[22:47:12] [5分钟] 第 4391/5205 只: 301234.SZ
[22:47:12] [5分钟] 4391/5205: 301234.SZ OK
[22:47:12] [5分钟] 第 4392/5205 只: 300873.SZ
[22:47:12] [5分钟] 4392/5205: 300873.SZ OK
[22:47:12] [5分钟] 第 4393/5205 只: 301336.SZ
[22:47:12] [5分钟] 4393/5205: 301336.SZ OK
[22:47:12] [5分钟] 第 4394/5205 只: 300807.SZ
[22:47:12] [5分钟] 4394/5205: 300807.SZ OK
[22:47:12] [5分钟] 第 4395/5205 只: 300131.SZ
[22:47:12] [5分钟] 4395/5205: 300131.SZ OK
[22:47:12] [5分钟] 第 4396/5205 只: 002306.SZ
[22:47:12] [5分钟] 4396/5205: 002306.SZ OK
[22:47:12] [5分钟] 第 4397/5205 只: 300145.SZ
[22:47:12] [5分钟] 4397/5205: 300145.SZ OK
[22:47:12] [5分钟] 第 4398/5205 只: 002769.SZ
[22:47:12] [5分钟] 4398/5205: 002769.SZ OK
[22:47:12] [5分钟] 第 4399/5205 只: 002372.SZ
[22:47:12] [5分钟] 4399/5205: 002372.SZ OK
[22:47:12] [5分钟] 第 4400/5205 只: 301132.SZ
[22:47:12] [5分钟] 4400/5205: 301132.SZ OK
[22:47:12] [5分钟 4400/5205] 成功4400，失败0，当前 301132.SZ
[22:47:12] [5分钟] 第 4401/5205 只: 000089.SZ
[22:47:12] [5分钟] 4401/5205: 000089.SZ OK
[22:47:12] [5分钟] 第 4402/5205 只: 301529.SZ
[22:47:12] [5分钟] 4402/5205: 301529.SZ OK
[22:47:12] [5分钟] 第 4403/5205 只: 001212.SZ
[22:47:12] [5分钟] 4403/5205: 001212.SZ OK
[22:47:12] [5分钟] 第 4404/5205 只: 000923.SZ
[22:47:12] [5分钟] 4404/5205: 000923.SZ OK
[22:47:12] [5分钟] 第 4405/5205 只: 002585.SZ
[22:47:12] [5分钟] 4405/5205: 002585.SZ OK
[22:47:12] [5分钟] 第 4406/5205 只: 002840.SZ
[22:47:12] [5分钟] 4406/5205: 002840.SZ OK
[22:47:12] [5分钟] 第 4407/5205 只: 001266.SZ
[22:47:12] [5分钟] 4407/5205: 001266.SZ OK
[22:47:12] [5分钟] 第 4408/5205 只: 000957.SZ
[22:47:12] [5分钟] 4408/5205: 000957.SZ OK
[22:47:12] [5分钟] 第 4409/5205 只: 300341.SZ
[22:47:12] [5分钟] 4409/5205: 300341.SZ OK
[22:47:12] [5分钟] 第 4410/5205 只: 000061.SZ
[22:47:12] [5分钟] 4410/5205: 000061.SZ OK
[22:47:12] [5分钟] 第 4411/5205 只: 002176.SZ
[22:47:12] [5分钟] 4411/5205: 002176.SZ OK
[22:47:12] [5分钟] 第 4412/5205 只: 300335.SZ
[22:47:12] [5分钟] 4412/5205: 300335.SZ OK
[22:47:12] [5分钟] 第 4413/5205 只: 002102.SZ
[22:47:12] [5分钟] 4413/5205: 002102.SZ OK
[22:47:12] [5分钟] 第 4414/5205 只: 002519.SZ
[22:47:12] [5分钟] 4414/5205: 002519.SZ OK
[22:47:12] [5分钟] 第 4415/5205 只: 002074.SZ
[22:47:12] [5分钟] 4415/5205: 002074.SZ OK
[22:47:12] [5分钟] 第 4416/5205 只: 300243.SZ
[22:47:12] [5分钟] 4416/5205: 300243.SZ OK
[22:47:12] [5分钟] 第 4417/5205 只: 300658.SZ
[22:47:12] [5分钟] 4417/5205: 300658.SZ OK
[22:47:12] [5分钟] 第 4418/5205 只: 300237.SZ
[22:47:12] [5分钟] 4418/5205: 300237.SZ OK
[22:47:12] [5分钟] 第 4419/5205 只: 000821.SZ
[22:47:12] [5分钟] 4419/5205: 000821.SZ OK
[22:47:12] [5分钟] 第 4420/5205 只: 002487.SZ
[22:47:12] [5分钟] 4420/5205: 002487.SZ OK
[22:47:12] [5分钟] 第 4421/5205 只: 301030.SZ
[22:47:12] [5分钟] 4421/5205: 301030.SZ OK
[22:47:12] [5分钟] 第 4422/5205 只: 002936.SZ
[22:47:12] [5分钟] 4422/5205: 002936.SZ OK
[22:47:12] [5分钟] 第 4423/5205 只: 000590.SZ
[22:47:12] [5分钟] 4423/5205: 000590.SZ OK
[22:47:12] [5分钟] 第 4424/5205 只: 002942.SZ
[22:47:12] [5分钟] 4424/5205: 002942.SZ OK
[22:47:12] [5分钟] 第 4425/5205 只: 300352.SZ
[22:47:12] [5分钟] 4425/5205: 300352.SZ OK
[22:47:12] [5分钟] 第 4426/5205 只: 300749.SZ
[22:47:12] [5分钟] 4426/5205: 300749.SZ OK
[22:47:12] [5分钟] 第 4427/5205 只: 002165.SZ
[22:47:12] [5分钟] 4427/5205: 002165.SZ OK
[22:47:12] [5分钟] 第 4428/5205 只: 300326.SZ
[22:47:12] [5分钟] 4428/5205: 300326.SZ OK
[22:47:12] [5分钟] 第 4429/5205 只: 000006.SZ
[22:47:12] [5分钟] 4429/5205: 000006.SZ OK
[22:47:12] [5分钟] 第 4430/5205 只: 002111.SZ
[22:47:12] [5分钟] 4430/5205: 002111.SZ OK
[22:47:12] [5分钟] 第 4431/5205 只: 002827.SZ
[22:47:12] [5分钟] 4431/5205: 002827.SZ OK
[22:47:12] [5分钟] 第 4432/5205 只: 301121.SZ
[22:47:12] [5分钟] 4432/5205: 301121.SZ OK
[22:47:12] [5分钟] 第 4433/5205 只: 001201.SZ
[22:47:12] [5分钟] 4433/5205: 001201.SZ OK
[22:47:12] [5分钟] 第 4434/5205 只: 000930.SZ
[22:47:12] [5分钟] 4434/5205: 000930.SZ OK
[22:47:12] [5分钟] 第 4435/5205 只: 002596.SZ
[22:47:12] [5分钟] 4435/5205: 002596.SZ OK
[22:47:12] [5分钟] 第 4436/5205 只: 301155.SZ
[22:47:12] [5分钟] 4436/5205: 301155.SZ OK
[22:47:12] [5分钟] 第 4437/5205 只: 002853.SZ
[22:47:12] [5分钟] 4437/5205: 002853.SZ OK
[22:47:12] [5分钟] 第 4438/5205 只: 002494.SZ
[22:47:12] [5分钟] 4438/5205: 002494.SZ OK
[22:47:12] [5分钟] 第 4439/5205 只: 301023.SZ
[22:47:12] [5分钟] 4439/5205: 301023.SZ OK
[22:47:12] [5分钟] 第 4440/5205 只: 002925.SZ
[22:47:12] [5分钟] 4440/5205: 002925.SZ OK
[22:47:12] [5分钟] 第 4441/5205 只: 002951.SZ
[22:47:12] [5分钟] 4441/5205: 002951.SZ OK
[22:47:12] [5分钟] 第 4442/5205 只: 301057.SZ
[22:47:12] [5分钟] 4442/5205: 301057.SZ OK
[22:47:12] [5分钟] 第 4443/5205 只: 002067.SZ
[22:47:12] [5分钟] 4443/5205: 002067.SZ OK
[22:47:12] [5分钟] 第 4444/5205 只: 300250.SZ
[22:47:12] [5分钟] 4444/5205: 300250.SZ OK
[22:47:12] [5分钟] 第 4445/5205 只: 002408.SZ
[22:47:12] [5分钟] 4445/5205: 002408.SZ OK
[22:47:12] [5分钟] 第 4446/5205 只: 300224.SZ
[22:47:12] [5分钟] 4446/5205: 300224.SZ OK
[22:47:12] [5分钟] 第 4447/5205 只: 300962.SZ
[22:47:12] [5分钟] 4447/5205: 300962.SZ OK
[22:47:12] [5分钟] 第 4448/5205 只: 300916.SZ
[22:47:12] [5分钟] 4448/5205: 300916.SZ OK
[22:47:12] [5分钟] 第 4449/5205 只: 003010.SZ
[22:47:12] [5分钟] 4449/5205: 003010.SZ OK
[22:47:12] [5分钟] 第 4450/5205 只: 002690.SZ
[22:47:12] [5分钟] 4450/5205: 002690.SZ OK
[22:47:12] [5分钟 4450/5205] 成功4450，失败0，当前 002690.SZ
[22:47:12] [5分钟] 第 4451/5205 只: 301227.SZ
[22:47:12] [5分钟] 4451/5205: 301227.SZ OK
[22:47:12] [5分钟] 第 4452/5205 只: 002217.SZ
[22:47:12] [5分钟] 4452/5205: 002217.SZ OK
[22:47:12] [5分钟] 第 4453/5205 只: 300020.SZ
[22:47:12] [5分钟] 4453/5205: 300020.SZ OK
[22:47:12] [5分钟] 第 4454/5205 只: 002678.SZ
[22:47:12] [5分钟] 4454/5205: 002678.SZ OK
[22:47:12] [5分钟] 第 4455/5205 只: 002263.SZ
[22:47:12] [5分钟] 4455/5205: 002263.SZ OK
[22:47:12] [5分钟] 第 4456/5205 只: 300054.SZ
[22:47:12] [5分钟] 4456/5205: 300054.SZ OK
[22:47:12] [5分钟] 第 4457/5205 只: 300539.SZ
[22:47:12] [5分钟] 4457/5205: 300539.SZ OK
[22:47:12] [5分钟] 第 4458/5205 只: 300122.SZ
[22:47:12] [5分钟] 4458/5205: 300122.SZ OK
[22:47:12] [5分钟] 第 4459/5205 只: 000619.SZ
[22:47:12] [5分钟] 4459/5205: 000619.SZ OK
[22:47:12] [5分钟] 第 4460/5205 只: 002315.SZ
[22:47:12] [5分钟] 4460/5205: 002315.SZ OK
[22:47:12] [5分钟] 第 4461/5205 只: 300888.SZ
[22:47:12] [5分钟] 4461/5205: 300888.SZ OK
[22:47:12] [5分钟] 第 4462/5205 只: 002361.SZ
[22:47:12] [5分钟] 4462/5205: 002361.SZ OK
[22:47:12] [5分钟] 第 4463/5205 只: 300860.SZ
[22:47:12] [5分钟] 4463/5205: 300860.SZ OK
[22:47:12] [5分钟] 第 4464/5205 只: 301325.SZ
[22:47:12] [5分钟] 4464/5205: 301325.SZ OK
[22:47:12] [5分钟] 第 4465/5205 只: 000685.SZ
[22:47:12] [5分钟] 4465/5205: 000685.SZ OK
[22:47:12] [5分钟] 第 4466/5205 只: 300814.SZ
[22:47:12] [5分钟] 4466/5205: 300814.SZ OK
[22:47:12] [5分钟] 第 4467/5205 只: 002389.SZ
[22:47:12] [5分钟] 4467/5205: 002389.SZ OK
[22:47:12] [5分钟] 第 4468/5205 只: 002792.SZ
[22:47:12] [5分钟] 4468/5205: 002792.SZ OK
[22:47:12] [5分钟] 第 4469/5205 只: 000014.SZ
[22:47:12] [5分钟] 4469/5205: 000014.SZ OK
[22:47:12] [5分钟] 第 4470/5205 只: 300334.SZ
[22:47:12] [5分钟] 4470/5205: 300334.SZ OK
[22:47:12] [5分钟] 第 4471/5205 只: 002518.SZ
[22:47:12] [5分钟] 4471/5205: 002518.SZ OK
[22:47:12] [5分钟] 第 4472/5205 只: 002103.SZ
[22:47:12] [5分钟] 4472/5205: 002103.SZ OK
[22:47:12] [5分钟] 第 4473/5205 只: 000060.SZ
[22:47:12] [5分钟] 4473/5205: 000060.SZ OK
[22:47:12] [5分钟] 第 4474/5205 只: 300340.SZ
[22:47:12] [5分钟] 4474/5205: 300340.SZ OK
[22:47:12] [5分钟] 第 4475/5205 只: 002177.SZ
[22:47:12] [5分钟] 4475/5205: 002177.SZ OK
[22:47:12] [5分钟] 第 4476/5205 只: 001267.SZ
[22:47:12] [5分钟] 4476/5205: 001267.SZ OK
[22:47:12] [5分钟] 第 4477/5205 只: 002841.SZ
[22:47:12] [5分钟] 4477/5205: 002841.SZ OK
[22:47:12] [5分钟] 第 4478/5205 只: 001213.SZ
[22:47:12] [5分钟] 4478/5205: 001213.SZ OK
[22:47:12] [5分钟] 第 4479/5205 只: 301528.SZ
[22:47:12] [5分钟] 4479/5205: 301528.SZ OK
[22:47:12] [5分钟] 第 4480/5205 只: 002835.SZ
[22:47:12] [5分钟] 4480/5205: 002835.SZ OK
[22:47:12] [5分钟] 第 4481/5205 只: 301133.SZ
[22:47:12] [5分钟] 4481/5205: 301133.SZ OK
[22:47:12] [5分钟] 第 4482/5205 只: 000088.SZ
[22:47:12] [5分钟] 4482/5205: 000088.SZ OK
[22:47:12] [5分钟] 第 4483/5205 只: 002584.SZ
[22:47:12] [5分钟] 4483/5205: 002584.SZ OK
[22:47:12] [5分钟] 第 4484/5205 只: 000922.SZ
[22:47:12] [5分钟] 4484/5205: 000922.SZ OK
[22:47:12] [5分钟] 第 4485/5205 只: 001365.SZ
[22:47:12] [5分钟] 4485/5205: 001365.SZ OK
[22:47:12] [5分钟] 第 4486/5205 只: 002943.SZ
[22:47:12] [5分钟] 4486/5205: 002943.SZ OK
[22:47:12] [5分钟] 第 4487/5205 只: 301045.SZ
[22:47:12] [5分钟] 4487/5205: 301045.SZ OK
[22:47:12] [5分钟] 第 4488/5205 只: 002486.SZ
[22:47:12] [5分钟] 4488/5205: 002486.SZ OK
[22:47:12] [5分钟] 第 4489/5205 只: 000820.SZ
[22:47:12] [5分钟] 4489/5205: 000820.SZ OK
[22:47:12] [5分钟] 第 4490/5205 只: 001311.SZ
[22:47:12] [5分钟] 4490/5205: 001311.SZ OK
[22:47:12] [5分钟] 第 4491/5205 只: 000591.SZ
[22:47:12] [5分钟] 4491/5205: 000591.SZ OK
[22:47:12] [5分钟] 第 4492/5205 只: 301031.SZ
[22:47:12] [5分钟] 4492/5205: 301031.SZ OK
[22:47:12] [5分钟] 第 4493/5205 只: 002937.SZ
[22:47:12] [5分钟] 4493/5205: 002937.SZ OK
[22:47:12] [5分钟] 第 4494/5205 只: 002001.SZ
[22:47:12] [5分钟] 4494/5205: 002001.SZ OK
[22:47:12] [5分钟] 第 4495/5205 只: 300236.SZ
[22:47:12] [5分钟] 4495/5205: 300236.SZ OK
[22:47:12] [5分钟] 第 4496/5205 只: 002075.SZ
[22:47:12] [5分钟] 4496/5205: 002075.SZ OK
[22:47:12] [5分钟] 第 4497/5205 只: 300659.SZ
[22:47:12] [5分钟] 4497/5205: 300659.SZ OK
[22:47:12] [5分钟] 第 4498/5205 只: 300242.SZ
[22:47:12] [5分钟] 4498/5205: 300242.SZ OK
[22:47:12] [5分钟] 第 4499/5205 只: 002682.SZ
[22:47:12] [5分钟] 4499/5205: 002682.SZ OK
[22:47:12] [5分钟] 第 4500/5205 只: 002299.SZ
[22:47:12] [5分钟] 4500/5205: 002299.SZ OK
[22:47:12] [5分钟 4500/5205] 成功4500，失败0，当前 002299.SZ
[22:47:12] [5分钟] 第 4501/5205 只: 300904.SZ
[22:47:12] [5分钟] 4501/5205: 300904.SZ OK
[22:47:12] [5分钟] 第 4502/5205 只: 003002.SZ
[22:47:12] [5分钟] 4502/5205: 003002.SZ OK
[22:47:12] [5分钟] 第 4503/5205 只: 000795.SZ
[22:47:12] [5分钟] 4503/5205: 000795.SZ OK
[22:47:12] [5分钟] 第 4504/5205 只: 301235.SZ
[22:47:12] [5分钟] 4504/5205: 301235.SZ OK
[22:47:12] [5分钟] 第 4505/5205 只: 300970.SZ
[22:47:12] [5分钟] 4505/5205: 300970.SZ OK
[22:47:12] [5分钟] 第 4506/5205 只: 002271.SZ
[22:47:12] [5分钟] 4506/5205: 002271.SZ OK
[22:47:12] [5分钟] 第 4507/5205 只: 300046.SZ
[22:47:12] [5分钟] 4507/5205: 300046.SZ OK
[22:47:12] [5分钟] 第 4508/5205 只: 300998.SZ
[22:47:12] [5分钟] 4508/5205: 300998.SZ OK
[22:47:12] [5分钟] 第 4509/5205 只: 002205.SZ
[22:47:12] [5分钟] 4509/5205: 002205.SZ OK
[22:47:12] [5分钟] 第 4510/5205 只: 000709.SZ
[22:47:12] [5分钟] 4510/5205: 000709.SZ OK
[22:47:12] [5分钟] 第 4511/5205 只: 300032.SZ
[22:47:12] [5分钟] 4511/5205: 300032.SZ OK
[22:47:12] [5分钟] 第 4512/5205 只: 300429.SZ
[22:47:12] [5分钟] 4512/5205: 300429.SZ OK
[22:47:12] [5分钟] 第 4513/5205 只: 300144.SZ
[22:47:12] [5分钟] 4513/5205: 300144.SZ OK
[22:47:12] [5分钟] 第 4514/5205 只: 002373.SZ
[22:47:12] [5分钟] 4514/5205: 002373.SZ OK
[22:47:12] [5分钟] 第 4515/5205 只: 002768.SZ
[22:47:12] [5分钟] 4515/5205: 002768.SZ OK
[22:47:12] [5分钟] 第 4516/5205 只: 300130.SZ
[22:47:12] [5分钟] 4516/5205: 300130.SZ OK
[22:47:12] [5分钟] 第 4517/5205 只: 002307.SZ
[22:47:12] [5分钟] 4517/5205: 002307.SZ OK
[22:47:12] [5分钟] 第 4518/5205 只: 000697.SZ
[22:47:12] [5分钟] 4518/5205: 000697.SZ OK
[22:47:12] [5分钟] 第 4519/5205 只: 301337.SZ
[22:47:12] [5分钟] 4519/5205: 301337.SZ OK
[22:47:12] [5分钟] 第 4520/5205 只: 002780.SZ
[22:47:12] [5分钟] 4520/5205: 002780.SZ OK
[22:47:12] [5分钟] 第 4521/5205 只: 300806.SZ
[22:47:12] [5分钟] 4521/5205: 300806.SZ OK
[22:47:12] [5分钟] 第 4522/5205 只: 300872.SZ
[22:47:12] [5分钟] 4522/5205: 300872.SZ OK
[22:47:12] [5分钟] 第 4523/5205 只: 002262.SZ
[22:47:12] [5分钟] 4523/5205: 002262.SZ OK
[22:47:12] [5分钟] 第 4524/5205 只: 002679.SZ
[22:47:12] [5分钟] 4524/5205: 002679.SZ OK
[22:47:12] [5分钟] 第 4525/5205 只: 300055.SZ
[22:47:12] [5分钟] 4525/5205: 300055.SZ OK
[22:47:12] [5分钟] 第 4526/5205 只: 002216.SZ
[22:47:12] [5分钟] 4526/5205: 002216.SZ OK
[22:47:12] [5分钟] 第 4527/5205 只: 000301.SZ
[22:47:12] [5分钟] 4527/5205: 000301.SZ OK
[22:47:12] [5分钟] 第 4528/5205 只: 300021.SZ
[22:47:12] [5分钟] 4528/5205: 300021.SZ OK
[22:47:12] [5分钟] 第 4529/5205 只: 002691.SZ
[22:47:12] [5分钟] 4529/5205: 002691.SZ OK
[22:47:12] [5分钟] 第 4530/5205 只: 300917.SZ
[22:47:12] [5分钟] 4530/5205: 300917.SZ OK
[22:47:12] [5分钟] 第 4531/5205 只: 003011.SZ
[22:47:12] [5分钟] 4531/5205: 003011.SZ OK
[22:47:12] [5分钟] 第 4532/5205 只: 000786.SZ
[22:47:12] [5分钟] 4532/5205: 000786.SZ OK
[22:47:12] [5分钟] 第 4533/5205 只: 301226.SZ
[22:47:12] [5分钟] 4533/5205: 301226.SZ OK
[22:47:12] [5分钟] 第 4534/5205 只: 300963.SZ
[22:47:12] [5分钟] 4534/5205: 300963.SZ OK
[22:47:12] [5分钟] 第 4535/5205 只: 301252.SZ
[22:47:12] [5分钟] 4535/5205: 301252.SZ OK
[22:47:12] [5分钟] 第 4536/5205 只: 002793.SZ
[22:47:12] [5分钟] 4536/5205: 002793.SZ OK
[22:47:12] [5分钟] 第 4537/5205 只: 002388.SZ
[22:47:12] [5分钟] 4537/5205: 002388.SZ OK
[22:47:12] [5分钟] 第 4538/5205 只: 300815.SZ
[22:47:12] [5分钟] 4538/5205: 300815.SZ OK
[22:47:12] [5分钟] 第 4539/5205 只: 300861.SZ
[22:47:12] [5分钟] 4539/5205: 300861.SZ OK
[22:47:12] [5分钟] 第 4540/5205 只: 300157.SZ
[22:47:12] [5分钟] 4540/5205: 300157.SZ OK
[22:47:12] [5分钟] 第 4541/5205 只: 002360.SZ
[22:47:12] [5分钟] 4541/5205: 002360.SZ OK
[22:47:12] [5分钟] 第 4542/5205 只: 300123.SZ
[22:47:12] [5分钟] 4542/5205: 300123.SZ OK
[22:47:12] [5分钟] 第 4543/5205 只: 300538.SZ
[22:47:12] [5分钟] 4543/5205: 300538.SZ OK
[22:47:12] [5分钟] 第 4544/5205 只: 300889.SZ
[22:47:12] [5分钟] 4544/5205: 300889.SZ OK
[22:47:12] [5分钟] 第 4545/5205 只: 002314.SZ
[22:47:12] [5分钟] 4545/5205: 002314.SZ OK
[22:47:12] [5分钟] 第 4546/5205 只: 002852.SZ
[22:47:12] [5分钟] 4546/5205: 002852.SZ OK
[22:47:12] [5分钟] 第 4547/5205 只: 002826.SZ
[22:47:12] [5分钟] 4547/5205: 002826.SZ OK
[22:47:12] [5分钟] 第 4548/5205 只: 301120.SZ
[22:47:12] [5分钟] 4548/5205: 301120.SZ OK
[22:47:12] [5分钟] 第 4549/5205 只: 002597.SZ
[22:47:12] [5分钟] 4549/5205: 002597.SZ OK
[22:47:12] [5分钟] 第 4550/5205 只: 000931.SZ
[22:47:12] [5分钟] 4550/5205: 000931.SZ OK
[22:47:12] [5分钟 4550/5205] 成功4550，失败0，当前 000931.SZ
[22:47:12] [5分钟] 第 4551/5205 只: 000007.SZ
[22:47:12] [5分钟] 4551/5205: 000007.SZ OK
[22:47:12] [5分钟] 第 4552/5205 只: 300327.SZ
[22:47:12] [5分钟] 4552/5205: 300327.SZ OK
[22:47:12] [5分钟] 第 4553/5205 只: 002110.SZ
[22:47:12] [5分钟] 4553/5205: 002110.SZ OK
[22:47:12] [5分钟] 第 4554/5205 只: 300748.SZ
[22:47:12] [5分钟] 4554/5205: 300748.SZ OK
[22:47:12] [5分钟] 第 4555/5205 只: 300353.SZ
[22:47:12] [5分钟] 4555/5205: 300353.SZ OK
[22:47:12] [5分钟] 第 4556/5205 只: 002164.SZ
[22:47:12] [5分钟] 4556/5205: 002164.SZ OK
[22:47:12] [5分钟] 第 4557/5205 只: 002409.SZ
[22:47:12] [5分钟] 4557/5205: 002409.SZ OK
[22:47:12] [5分钟] 第 4558/5205 只: 002012.SZ
[22:47:12] [5分钟] 4558/5205: 002012.SZ OK
[22:47:12] [5分钟] 第 4559/5205 只: 300225.SZ
[22:47:12] [5分钟] 4559/5205: 300225.SZ OK
[22:47:12] [5分钟] 第 4560/5205 只: 002066.SZ
[22:47:12] [5分钟] 4560/5205: 002066.SZ OK
[22:47:12] [5分钟] 第 4561/5205 只: 300251.SZ
[22:47:12] [5分钟] 4561/5205: 300251.SZ OK
[22:47:12] [5分钟] 第 4562/5205 只: 001376.SZ
[22:47:12] [5分钟] 4562/5205: 001376.SZ OK
[22:47:12] [5分钟] 第 4563/5205 只: 002950.SZ
[22:47:12] [5分钟] 4563/5205: 002950.SZ OK
[22:47:12] [5分钟] 第 4564/5205 只: 301056.SZ
[22:47:12] [5分钟] 4564/5205: 301056.SZ OK
[22:47:12] [5分钟] 第 4565/5205 只: 002495.SZ
[22:47:12] [5分钟] 4565/5205: 002495.SZ OK
[22:47:12] [5分钟] 第 4566/5205 只: 000833.SZ
[22:47:12] [5分钟] 4566/5205: 000833.SZ OK
[22:47:12] [5分钟] 第 4567/5205 只: 301439.SZ
[22:47:12] [5分钟] 4567/5205: 301439.SZ OK
[22:47:12] [5分钟] 第 4568/5205 只: 000582.SZ
[22:47:12] [5分钟] 4568/5205: 000582.SZ OK
[22:47:12] [5分钟] 第 4569/5205 只: 301022.SZ
[22:47:12] [5分钟] 4569/5205: 301022.SZ OK
[22:47:12] [5分钟] 第 4570/5205 只: 300199.SZ
[22:47:12] [5分钟] 4570/5205: 300199.SZ OK
[22:47:12] [5分钟] 第 4571/5205 只: 300582.SZ
[22:47:12] [5分钟] 4571/5205: 300582.SZ OK
[22:47:12] [5分钟] 第 4572/5205 只: 301302.SZ
[22:47:12] [5分钟] 4572/5205: 301302.SZ OK
[22:47:12] [5分钟] 第 4573/5205 只: 300833.SZ
[22:47:12] [5分钟] 4573/5205: 300833.SZ OK
[22:47:12] [5分钟] 第 4574/5205 只: 301376.SZ
[22:47:12] [5分钟] 4574/5205: 301376.SZ OK
[22:47:12] [5分钟] 第 4575/5205 只: 300847.SZ
[22:47:12] [5分钟] 4575/5205: 300847.SZ OK
[22:47:12] [5分钟] 第 4576/5205 只: 300171.SZ
[22:47:12] [5分钟] 4576/5205: 300171.SZ OK
[22:47:12] [5分钟] 第 4577/5205 只: 002346.SZ
[22:47:12] [5分钟] 4577/5205: 002346.SZ OK
[22:47:12] [5分钟] 第 4578/5205 只: 300105.SZ
[22:47:12] [5分钟] 4578/5205: 300105.SZ OK
[22:47:12] [5分钟] 第 4579/5205 只: 001914.SZ
[22:47:12] [5分钟] 4579/5205: 001914.SZ OK
[22:47:12] [5分钟] 第 4580/5205 只: 002729.SZ
[22:47:12] [5分钟] 4580/5205: 002729.SZ OK
[22:47:12] [5分钟] 第 4581/5205 只: 002332.SZ
[22:47:12] [5分钟] 4581/5205: 002332.SZ OK
[22:47:12] [5分钟] 第 4582/5205 只: 002244.SZ
[22:47:12] [5分钟] 4582/5205: 002244.SZ OK
[22:47:12] [5分钟] 第 4583/5205 只: 300468.SZ
[22:47:12] [5分钟] 4583/5205: 300468.SZ OK
[22:47:12] [5分钟] 第 4584/5205 只: 300073.SZ
[22:47:12] [5分钟] 4584/5205: 300073.SZ OK
[22:47:12] [5分钟] 第 4585/5205 只: 002230.SZ
[22:47:12] [5分钟] 4585/5205: 002230.SZ OK
[22:47:12] [5分钟] 第 4586/5205 只: 301687.SZ
[22:47:12] [5分钟] 4586/5205: 301687.SZ OK
[22:47:12] [5分钟] 第 4587/5205 只: 300007.SZ
[22:47:12] [5分钟] 4587/5205: 300007.SZ OK
[22:47:12] [5分钟] 第 4588/5205 只: 003037.SZ
[22:47:12] [5分钟] 4588/5205: 003037.SZ OK
[22:47:12] [5分钟] 第 4589/5205 只: 300931.SZ
[22:47:12] [5分钟] 4589/5205: 300931.SZ OK
[22:47:12] [5分钟] 第 4590/5205 只: 300480.SZ
[22:47:12] [5分钟] 4590/5205: 300480.SZ OK
[22:47:12] [5分钟] 第 4591/5205 只: 301200.SZ
[22:47:12] [5分钟] 4591/5205: 301200.SZ OK
[22:47:12] [5分钟] 第 4592/5205 只: 300945.SZ
[22:47:12] [5分钟] 4592/5205: 300945.SZ OK
[22:47:12] [5分钟] 第 4593/5205 只: 003043.SZ
[22:47:12] [5分钟] 4593/5205: 003043.SZ OK
[22:47:12] [5分钟] 第 4594/5205 只: 000889.SZ
[22:47:12] [5分钟] 4594/5205: 000889.SZ OK
[22:47:12] [5分钟] 第 4595/5205 只: 002034.SZ
[22:47:12] [5分钟] 4595/5205: 002034.SZ OK
[22:47:12] [5分钟] 第 4596/5205 只: 000538.SZ
[22:47:12] [5分钟] 4596/5205: 000538.SZ OK
[22:47:12] [5分钟] 第 4597/5205 只: 301098.SZ
[22:47:12] [5分钟] 4597/5205: 301098.SZ OK
[22:47:12] [5分钟] 第 4598/5205 只: 300203.SZ
[22:47:12] [5分钟] 4598/5205: 300203.SZ OK
[22:47:12] [5分钟] 第 4599/5205 只: 300618.SZ
[22:47:12] [5分钟] 4599/5205: 300618.SZ OK
[22:47:12] [5分钟] 第 4600/5205 只: 002040.SZ
[22:47:12] [5分钟] 4600/5205: 002040.SZ OK
[22:47:12] [5分钟 4600/5205] 成功4600，失败0，当前 002040.SZ
[22:47:12] [5分钟] 第 4601/5205 只: 000157.SZ
[22:47:12] [5分钟] 4601/5205: 000157.SZ OK
[22:47:12] [5分钟] 第 4602/5205 只: 300277.SZ
[22:47:12] [5分钟] 4602/5205: 300277.SZ OK
[22:47:12] [5分钟] 第 4603/5205 只: 301070.SZ
[22:47:12] [5分钟] 4603/5205: 301070.SZ OK
[22:47:12] [5分钟] 第 4604/5205 只: 002976.SZ
[22:47:12] [5分钟] 4604/5205: 002976.SZ OK
[22:47:12] [5分钟] 第 4605/5205 只: 000815.SZ
[22:47:12] [5分钟] 4605/5205: 000815.SZ OK
[22:47:12] [5分钟] 第 4606/5205 只: 001324.SZ
[22:47:12] [5分钟] 4606/5205: 001324.SZ OK
[22:47:12] [5分钟] 第 4607/5205 只: 300684.SZ
[22:47:12] [5分钟] 4607/5205: 300684.SZ OK
[22:47:12] [5分钟] 第 4608/5205 只: 002902.SZ
[22:47:12] [5分钟] 4608/5205: 002902.SZ OK
[22:47:12] [5分钟] 第 4609/5205 只: 301004.SZ
[22:47:12] [5分钟] 4609/5205: 301004.SZ OK
[22:47:12] [5分钟] 第 4610/5205 只: 301172.SZ
[22:47:12] [5分钟] 4610/5205: 301172.SZ OK
[22:47:12] [5分钟] 第 4611/5205 只: 000963.SZ
[22:47:12] [5分钟] 4611/5205: 000963.SZ OK
[22:47:12] [5分钟] 第 4612/5205 只: 001226.SZ
[22:47:12] [5分钟] 4612/5205: 001226.SZ OK
[22:47:12] [5分钟] 第 4613/5205 只: 300786.SZ
[22:47:12] [5分钟] 4613/5205: 300786.SZ OK
[22:47:12] [5分钟] 第 4614/5205 只: 301106.SZ
[22:47:12] [5分钟] 4614/5205: 301106.SZ OK
[22:47:12] [5分钟] 第 4615/5205 只: 002800.SZ
[22:47:12] [5分钟] 4615/5205: 002800.SZ OK
[22:47:12] [5分钟] 第 4616/5205 只: 000917.SZ
[22:47:12] [5分钟] 4616/5205: 000917.SZ OK
[22:47:12] [5分钟] 第 4617/5205 只: 301581.SZ
[22:47:12] [5分钟] 4617/5205: 301581.SZ OK
[22:47:12] [5分钟] 第 4618/5205 只: 000021.SZ
[22:47:12] [5分钟] 4618/5205: 000021.SZ OK
[22:47:12] [5分钟] 第 4619/5205 只: 300301.SZ
[22:47:12] [5分钟] 4619/5205: 300301.SZ OK
[22:47:12] [5分钟] 第 4620/5205 只: 002136.SZ
[22:47:12] [5分钟] 4620/5205: 002136.SZ OK
[22:47:12] [5分钟] 第 4621/5205 只: 000055.SZ
[22:47:12] [5分钟] 4621/5205: 000055.SZ OK
[22:47:12] [5分钟] 第 4622/5205 只: 300375.SZ
[22:47:12] [5分钟] 4622/5205: 300375.SZ OK
[22:47:12] [5分钟] 第 4623/5205 只: 002142.SZ
[22:47:12] [5分钟] 4623/5205: 002142.SZ OK
[22:47:12] [5分钟] 第 4624/5205 只: 002559.SZ
[22:47:12] [5分钟] 4624/5205: 002559.SZ OK
[22:47:12] [5分钟] 第 4625/5205 只: 301063.SZ
[22:47:12] [5分钟] 4625/5205: 301063.SZ OK
[22:47:12] [5分钟] 第 4626/5205 只: 002965.SZ
[22:47:12] [5分钟] 4626/5205: 002965.SZ OK
[22:47:12] [5分钟] 第 4627/5205 只: 001337.SZ
[22:47:12] [5分钟] 4627/5205: 001337.SZ OK
[22:47:12] [5分钟] 第 4628/5205 只: 300697.SZ
[22:47:12] [5分钟] 4628/5205: 300697.SZ OK
[22:47:12] [5分钟] 第 4629/5205 只: 002911.SZ
[22:47:12] [5分钟] 4629/5205: 002911.SZ OK
[22:47:12] [5分钟] 第 4630/5205 只: 301017.SZ
[22:47:12] [5分钟] 4630/5205: 301017.SZ OK
[22:47:12] [5分钟] 第 4631/5205 只: 002027.SZ
[22:47:12] [5分钟] 4631/5205: 002027.SZ OK
[22:47:12] [5分钟] 第 4632/5205 只: 300210.SZ
[22:47:12] [5分钟] 4632/5205: 300210.SZ OK
[22:47:12] [5分钟] 第 4633/5205 只: 002053.SZ
[22:47:12] [5分钟] 4633/5205: 002053.SZ OK
[22:47:12] [5分钟] 第 4634/5205 只: 002448.SZ
[22:47:12] [5分钟] 4634/5205: 002448.SZ OK
[22:47:12] [5分钟] 第 4635/5205 只: 300264.SZ
[22:47:12] [5分钟] 4635/5205: 300264.SZ OK
[22:47:12] [5分钟] 第 4636/5205 只: 301592.SZ
[22:47:12] [5分钟] 4636/5205: 301592.SZ OK
[22:47:12] [5分钟] 第 4637/5205 只: 000429.SZ
[22:47:12] [5分钟] 4637/5205: 000429.SZ OK
[22:47:12] [5分钟] 第 4638/5205 只: 301189.SZ
[22:47:12] [5分钟] 4638/5205: 301189.SZ OK
[22:47:12] [5分钟] 第 4639/5205 只: 000032.SZ
[22:47:12] [5分钟] 4639/5205: 000032.SZ OK
[22:47:12] [5分钟] 第 4640/5205 只: 300709.SZ
[22:47:12] [5分钟] 4640/5205: 300709.SZ OK
[22:47:12] [5分钟] 第 4641/5205 只: 000998.SZ
[22:47:12] [5分钟] 4641/5205: 000998.SZ OK
[22:47:12] [5分钟] 第 4642/5205 只: 002125.SZ
[22:47:12] [5分钟] 4642/5205: 002125.SZ OK
[22:47:12] [5分钟] 第 4643/5205 只: 300366.SZ
[22:47:12] [5分钟] 4643/5205: 300366.SZ OK
[22:47:12] [5分钟] 第 4644/5205 只: 002151.SZ
[22:47:12] [5分钟] 4644/5205: 002151.SZ OK
[22:47:12] [5分钟] 第 4645/5205 只: 002867.SZ
[22:47:12] [5分钟] 4645/5205: 002867.SZ OK
[22:47:12] [5分钟] 第 4646/5205 只: 301161.SZ
[22:47:12] [5分钟] 4646/5205: 301161.SZ OK
[22:47:12] [5分钟] 第 4647/5205 只: 000970.SZ
[22:47:12] [5分钟] 4647/5205: 000970.SZ OK
[22:47:12] [5分钟] 第 4648/5205 只: 300795.SZ
[22:47:12] [5分钟] 4648/5205: 300795.SZ OK
[22:47:12] [5分钟] 第 4649/5205 只: 301115.SZ
[22:47:12] [5分钟] 4649/5205: 301115.SZ OK
[22:47:12] [5分钟] 第 4650/5205 只: 002813.SZ
[22:47:12] [5分钟] 4650/5205: 002813.SZ OK
[22:47:12] [5分钟 4650/5205] 成功4650，失败0，当前 002813.SZ
[22:47:12] [5分钟] 第 4651/5205 只: 000659.SZ
[22:47:12] [5分钟] 4651/5205: 000659.SZ OK
[22:47:12] [5分钟] 第 4652/5205 只: 300579.SZ
[22:47:12] [5分钟] 4652/5205: 300579.SZ OK
[22:47:12] [5分钟] 第 4653/5205 只: 300162.SZ
[22:47:12] [5分钟] 4653/5205: 300162.SZ OK
[22:47:12] [5分钟] 第 4654/5205 只: 002355.SZ
[22:47:12] [5分钟] 4654/5205: 002355.SZ OK
[22:47:12] [5分钟] 第 4655/5205 只: 002321.SZ
[22:47:12] [5分钟] 4655/5205: 002321.SZ OK
[22:47:12] [5分钟] 第 4656/5205 只: 300591.SZ
[22:47:12] [5分钟] 4656/5205: 300591.SZ OK
[22:47:12] [5分钟] 第 4657/5205 只: 301311.SZ
[22:47:12] [5分钟] 4657/5205: 301311.SZ OK
[22:47:12] [5分钟] 第 4658/5205 只: 300820.SZ
[22:47:12] [5分钟] 4658/5205: 300820.SZ OK
[22:47:12] [5分钟] 第 4659/5205 只: 301365.SZ
[22:47:12] [5分钟] 4659/5205: 301365.SZ OK
[22:47:12] [5分钟] 第 4660/5205 只: 300854.SZ
[22:47:12] [5分钟] 4660/5205: 300854.SZ OK
[22:47:12] [5分钟] 第 4661/5205 只: 300922.SZ
[22:47:12] [5分钟] 4661/5205: 300922.SZ OK
[22:47:12] [5分钟] 第 4662/5205 只: 300088.SZ
[22:47:12] [5分钟] 4662/5205: 300088.SZ OK
[22:47:12] [5分钟] 第 4663/5205 只: 300493.SZ
[22:47:12] [5分钟] 4663/5205: 300493.SZ OK
[22:47:12] [5分钟] 第 4664/5205 只: 301608.SZ
[22:47:12] [5分钟] 4664/5205: 301608.SZ OK
[22:47:12] [5分钟] 第 4665/5205 只: 301213.SZ
[22:47:12] [5分钟] 4665/5205: 301213.SZ OK
[22:47:12] [5分钟] 第 4666/5205 只: 300956.SZ
[22:47:12] [5分钟] 4666/5205: 300956.SZ OK
[22:47:12] [5分钟] 第 4667/5205 只: 301267.SZ
[22:47:12] [5分钟] 4667/5205: 301267.SZ OK
[22:47:12] [5分钟] 第 4668/5205 只: 002638.SZ
[22:47:12] [5分钟] 4668/5205: 002638.SZ OK
[22:47:12] [5分钟] 第 4669/5205 只: 002223.SZ
[22:47:12] [5分钟] 4669/5205: 002223.SZ OK
[22:47:12] [5分钟] 第 4670/5205 只: 300014.SZ
[22:47:12] [5分钟] 4670/5205: 300014.SZ OK
[22:47:12] [5分钟] 第 4671/5205 只: 002463.SZ
[22:47:12] [5分钟] 4671/5205: 002463.SZ OK
[22:47:12] [5分钟] 第 4672/5205 只: 002078.SZ
[22:47:12] [5分钟] 4672/5205: 002078.SZ OK
[22:47:12] [5分钟] 第 4673/5205 只: 300654.SZ
[22:47:12] [5分钟] 4673/5205: 300654.SZ OK
[22:47:12] [5分钟] 第 4674/5205 只: 300620.SZ
[22:47:12] [5分钟] 4674/5205: 300620.SZ OK
[22:47:12] [5分钟] 第 4675/5205 只: 001380.SZ
[22:47:12] [5分钟] 4675/5205: 001380.SZ OK
[22:47:12] [5分钟] 第 4676/5205 只: 002090.SZ
[22:47:12] [5分钟] 4676/5205: 002090.SZ OK
[22:47:12] [5分钟] 第 4677/5205 只: 000859.SZ
[22:47:12] [5分钟] 4677/5205: 000859.SZ OK
[22:47:12] [5分钟] 第 4678/5205 只: 001368.SZ
[22:47:12] [5分钟] 4678/5205: 001368.SZ OK
[22:47:12] [5分钟] 第 4679/5205 只: 301048.SZ
[22:47:12] [5分钟] 4679/5205: 301048.SZ OK
[22:47:12] [5分钟] 第 4680/5205 只: 002838.SZ
[22:47:12] [5分钟] 4680/5205: 002838.SZ OK
[22:47:12] [5分钟] 第 4681/5205 只: 301525.SZ
[22:47:12] [5分钟] 4681/5205: 301525.SZ OK
[22:47:12] [5分钟] 第 4682/5205 只: 002192.SZ
[22:47:12] [5分钟] 4682/5205: 002192.SZ OK
[22:47:12] [5分钟] 第 4683/5205 只: 002589.SZ
[22:47:12] [5分钟] 4683/5205: 002589.SZ OK
[22:47:12] [5分钟] 第 4684/5205 只: 301551.SZ
[22:47:12] [5分钟] 4684/5205: 301551.SZ OK
[22:47:12] [5分钟] 第 4685/5205 只: 300756.SZ
[22:47:12] [5分钟] 4685/5205: 300756.SZ OK
[22:47:12] [5分钟] 第 4686/5205 只: 002561.SZ
[22:47:12] [5分钟] 4686/5205: 002561.SZ OK
[22:47:12] [5分钟] 第 4687/5205 只: 000019.SZ
[22:47:12] [5分钟] 4687/5205: 000019.SZ OK
[22:47:12] [5分钟] 第 4688/5205 只: 000402.SZ
[22:47:12] [5分钟] 4688/5205: 000402.SZ OK
[22:47:12] [5分钟] 第 4689/5205 只: 300722.SZ
[22:47:12] [5分钟] 4689/5205: 300722.SZ OK
[22:47:12] [5分钟] 第 4690/5205 只: 001282.SZ
[22:47:12] [5分钟] 4690/5205: 001282.SZ OK
[22:47:12] [5分钟] 第 4691/5205 只: 300339.SZ
[22:47:12] [5分钟] 4691/5205: 300339.SZ OK
[22:47:12] [5分钟] 第 4692/5205 只: 002515.SZ
[22:47:12] [5分钟] 4692/5205: 002515.SZ OK
[22:47:12] [5分钟] 第 4693/5205 只: 002396.SZ
[22:47:12] [5分钟] 4693/5205: 002396.SZ OK
[22:47:12] [5分钟] 第 4694/5205 只: 300897.SZ
[22:47:12] [5分钟] 4694/5205: 300897.SZ OK
[22:47:12] [5分钟] 第 4695/5205 只: 000672.SZ
[22:47:12] [5分钟] 4695/5205: 000672.SZ OK
[22:47:12] [5分钟] 第 4696/5205 只: 300149.SZ
[22:47:12] [5分钟] 4696/5205: 300149.SZ OK
[22:47:12] [5分钟] 第 4697/5205 只: 300552.SZ
[22:47:12] [5分钟] 4697/5205: 300552.SZ OK
[22:47:12] [5分钟] 第 4698/5205 只: 002765.SZ
[22:47:12] [5分钟] 4698/5205: 002765.SZ OK
[22:47:12] [5分钟] 第 4699/5205 只: 300995.SZ
[22:47:12] [5分钟] 4699/5205: 300995.SZ OK
[22:47:12] [5分钟] 第 4700/5205 只: 002208.SZ
[22:47:12] [5分钟] 4700/5205: 002208.SZ OK
[22:47:12] [5分钟 4700/5205] 成功4700，失败0，当前 002208.SZ
[22:47:12] [5分钟] 第 4701/5205 只: 002613.SZ
[22:47:12] [5分钟] 4701/5205: 002613.SZ OK
[22:47:12] [5分钟] 第 4702/5205 只: 300424.SZ
[22:47:12] [5分钟] 4702/5205: 300424.SZ OK
[22:47:12] [5分钟] 第 4703/5205 只: 002667.SZ
[22:47:12] [5分钟] 4703/5205: 002667.SZ OK
[22:47:12] [5分钟] 第 4704/5205 只: 300450.SZ
[22:47:12] [5分钟] 4704/5205: 300450.SZ OK
[22:47:12] [5分钟] 第 4705/5205 只: 002294.SZ
[22:47:12] [5分钟] 4705/5205: 002294.SZ OK
[22:47:12] [5分钟] 第 4706/5205 只: 300909.SZ
[22:47:12] [5分钟] 4706/5205: 300909.SZ OK
[22:47:12] [5分钟] 第 4707/5205 只: 301238.SZ
[22:47:12] [5分钟] 4707/5205: 301238.SZ OK
[22:47:12] [5分钟] 第 4708/5205 只: 000798.SZ
[22:47:12] [5分钟] 4708/5205: 000798.SZ OK
[22:47:12] [5分钟] 第 4709/5205 只: 000615.SZ
[22:47:12] [5分钟] 4709/5205: 000615.SZ OK
[22:47:12] [5分钟] 第 4710/5205 只: 300535.SZ
[22:47:12] [5分钟] 4710/5205: 300535.SZ OK
[22:47:12] [5分钟] 第 4711/5205 只: 300884.SZ
[22:47:12] [5分钟] 4711/5205: 300884.SZ OK
[22:47:12] [5分钟] 第 4712/5205 只: 002319.SZ
[22:47:12] [5分钟] 4712/5205: 002319.SZ OK
[22:47:12] [5分钟] 第 4713/5205 只: 002702.SZ
[22:47:12] [5分钟] 4713/5205: 002702.SZ OK
[22:47:12] [5分钟] 第 4714/5205 只: 000661.SZ
[22:47:12] [5分钟] 4714/5205: 000661.SZ OK
[22:47:12] [5分钟] 第 4715/5205 只: 300541.SZ
[22:47:12] [5分钟] 4715/5205: 300541.SZ OK
[22:47:12] [5分钟] 第 4716/5205 只: 301329.SZ
[22:47:12] [5分钟] 4716/5205: 301329.SZ OK
[22:47:12] [5分钟] 第 4717/5205 只: 002385.SZ
[22:47:12] [5分钟] 4717/5205: 002385.SZ OK
[22:47:12] [5分钟] 第 4718/5205 只: 300818.SZ
[22:47:12] [5分钟] 4718/5205: 300818.SZ OK
[22:47:12] [5分钟] 第 4719/5205 只: 002287.SZ
[22:47:12] [5分钟] 4719/5205: 002287.SZ OK
[22:47:12] [5分钟] 第 4720/5205 只: 301630.SZ
[22:47:12] [5分钟] 4720/5205: 301630.SZ OK
[22:47:12] [5分钟] 第 4721/5205 只: 300986.SZ
[22:47:12] [5分钟] 4721/5205: 300986.SZ OK
[22:47:12] [5分钟] 第 4722/5205 只: 002600.SZ
[22:47:12] [5分钟] 4722/5205: 002600.SZ OK
[22:47:12] [5分钟] 第 4723/5205 只: 000717.SZ
[22:47:12] [5分钟] 4723/5205: 000717.SZ OK
[22:47:12] [5分钟] 第 4724/5205 只: 300437.SZ
[22:47:12] [5分钟] 4724/5205: 300437.SZ OK
[22:47:12] [5分钟] 第 4725/5205 只: 002674.SZ
[22:47:12] [5分钟] 4725/5205: 002674.SZ OK
[22:47:12] [5分钟] 第 4726/5205 只: 300058.SZ
[22:47:12] [5分钟] 4726/5205: 300058.SZ OK
[22:47:12] [5分钟] 第 4727/5205 只: 300443.SZ
[22:47:12] [5分钟] 4727/5205: 300443.SZ OK
[22:47:12] [5分钟] 第 4728/5205 只: 002083.SZ
[22:47:12] [5分钟] 4728/5205: 002083.SZ OK
[22:47:12] [5分钟] 第 4729/5205 只: 002498.SZ
[22:47:12] [5分钟] 4729/5205: 002498.SZ OK
[22:47:12] [5分钟] 第 4730/5205 只: 002929.SZ
[22:47:12] [5分钟] 4730/5205: 002929.SZ OK
[22:47:12] [5分钟] 第 4731/5205 只: 002470.SZ
[22:47:12] [5分钟] 4731/5205: 002470.SZ OK
[22:47:12] [5分钟] 第 4732/5205 只: 000567.SZ
[22:47:12] [5分钟] 4732/5205: 000567.SZ OK
[22:47:12] [5分钟] 第 4733/5205 只: 300647.SZ
[22:47:12] [5分钟] 4733/5205: 300647.SZ OK
[22:47:12] [5分钟] 第 4734/5205 只: 002404.SZ
[22:47:12] [5分钟] 4734/5205: 002404.SZ OK
[22:47:12] [5分钟] 第 4735/5205 只: 000513.SZ
[22:47:12] [5分钟] 4735/5205: 000513.SZ OK
[22:47:12] [5分钟] 第 4736/5205 只: 300633.SZ
[22:47:12] [5分钟] 4736/5205: 300633.SZ OK
[22:47:12] [5分钟] 第 4737/5205 只: 001393.SZ
[22:47:12] [5分钟] 4737/5205: 001393.SZ OK
[22:47:12] [5分钟] 第 4738/5205 只: 300228.SZ
[22:47:12] [5分钟] 4738/5205: 300228.SZ OK
[22:47:12] [5分钟] 第 4739/5205 只: 300745.SZ
[22:47:12] [5分钟] 4739/5205: 300745.SZ OK
[22:47:12] [5分钟] 第 4740/5205 只: 002572.SZ
[22:47:12] [5分钟] 4740/5205: 002572.SZ OK
[22:47:12] [5分钟] 第 4741/5205 只: 002169.SZ
[22:47:12] [5分钟] 4741/5205: 002169.SZ OK
[22:47:12] [5分钟] 第 4742/5205 只: 000411.SZ
[22:47:12] [5分钟] 4742/5205: 000411.SZ OK
[22:47:12] [5分钟] 第 4743/5205 只: 300731.SZ
[22:47:12] [5分钟] 4743/5205: 300731.SZ OK
[22:47:12] [5分钟] 第 4744/5205 只: 002506.SZ
[22:47:12] [5分钟] 4744/5205: 002506.SZ OK
[22:47:12] [5分钟] 第 4745/5205 只: 000096.SZ
[22:47:12] [5分钟] 4745/5205: 000096.SZ OK
[22:47:12] [5分钟] 第 4746/5205 只: 301536.SZ
[22:47:12] [5分钟] 4746/5205: 301536.SZ OK
[22:47:12] [5分钟] 第 4747/5205 只: 002181.SZ
[22:47:12] [5分钟] 4747/5205: 002181.SZ OK
[22:47:12] [5分钟] 第 4748/5205 只: 001279.SZ
[22:47:12] [5分钟] 4748/5205: 001279.SZ OK
[22:47:12] [5分钟] 第 4749/5205 只: 301159.SZ
[22:47:12] [5分钟] 4749/5205: 301159.SZ OK
[22:47:12] [5分钟] 第 4750/5205 只: 000948.SZ
[22:47:12] [5分钟] 4750/5205: 000948.SZ OK
[22:47:12] [5分钟 4750/5205] 成功4750，失败0，当前 000948.SZ
[22:47:12] [5分钟] 第 4751/5205 只: 300948.SZ
[22:47:12] [5分钟] 4751/5205: 300948.SZ OK
[22:47:12] [5分钟] 第 4752/5205 只: 301662.SZ
[22:47:12] [5分钟] 4752/5205: 301662.SZ OK
[22:47:12] [5分钟] 第 4753/5205 只: 301279.SZ
[22:47:12] [5分钟] 4753/5205: 301279.SZ OK
[22:47:12] [5分钟] 第 4754/5205 只: 300096.SZ
[22:47:12] [5分钟] 4754/5205: 300096.SZ OK
[22:47:12] [5分钟] 第 4755/5205 只: 301616.SZ
[22:47:12] [5分钟] 4755/5205: 301616.SZ OK
[22:47:12] [5分钟] 第 4756/5205 只: 002626.SZ
[22:47:12] [5分钟] 4756/5205: 002626.SZ OK
[22:47:12] [5分钟] 第 4757/5205 只: 301291.SZ
[22:47:12] [5分钟] 4757/5205: 301291.SZ OK
[22:47:12] [5分钟] 第 4758/5205 只: 000731.SZ
[22:47:12] [5分钟] 4758/5205: 000731.SZ OK
[22:47:12] [5分钟] 第 4759/5205 只: 300411.SZ
[22:47:12] [5分钟] 4759/5205: 300411.SZ OK
[22:47:12] [5分钟] 第 4760/5205 只: 002652.SZ
[22:47:12] [5分钟] 4760/5205: 002652.SZ OK
[22:47:12] [5分钟] 第 4761/5205 只: 002249.SZ
[22:47:12] [5分钟] 4761/5205: 002249.SZ OK
[22:47:12] [5分钟] 第 4762/5205 只: 300465.SZ
[22:47:12] [5分钟] 4762/5205: 300465.SZ OK
[22:47:12] [5分钟] 第 4763/5205 只: 301393.SZ
[22:47:12] [5分钟] 4763/5205: 301393.SZ OK
[22:47:12] [5分钟] 第 4764/5205 只: 000633.SZ
[22:47:12] [5分钟] 4764/5205: 000633.SZ OK
[22:47:12] [5分钟] 第 4765/5205 只: 300513.SZ
[22:47:12] [5分钟] 4765/5205: 300513.SZ OK
[22:47:12] [5分钟] 第 4766/5205 只: 002724.SZ
[22:47:12] [5分钟] 4766/5205: 002724.SZ OK
[22:47:12] [5分钟] 第 4767/5205 只: 300567.SZ
[22:47:12] [5分钟] 4767/5205: 300567.SZ OK
[22:47:12] [5分钟] 第 4768/5205 只: 300194.SZ
[22:47:12] [5分钟] 4768/5205: 300194.SZ OK
[22:47:12] [5分钟] 第 4769/5205 只: 000058.SZ
[22:47:12] [5分钟] 4769/5205: 000058.SZ OK
[22:47:12] [5分钟] 第 4770/5205 只: 300378.SZ
[22:47:12] [5分钟] 4770/5205: 300378.SZ OK
[22:47:12] [5分钟] 第 4771/5205 只: 300763.SZ
[22:47:12] [5分钟] 4771/5205: 300763.SZ OK
[22:47:12] [5分钟] 第 4772/5205 只: 002554.SZ
[22:47:12] [5分钟] 4772/5205: 002554.SZ OK
[22:47:12] [5分钟] 第 4773/5205 只: 301197.SZ
[22:47:12] [5分钟] 4773/5205: 301197.SZ OK
[22:47:12] [5分钟] 第 4774/5205 只: 002891.SZ
[22:47:12] [5分钟] 4774/5205: 002891.SZ OK
[22:47:12] [5分钟] 第 4775/5205 只: 300717.SZ
[22:47:12] [5分钟] 4775/5205: 300717.SZ OK
[22:47:12] [5分钟] 第 4776/5205 只: 002520.SZ
[22:47:12] [5分钟] 4776/5205: 002520.SZ OK
[22:47:12] [5分钟] 第 4777/5205 只: 300390.SZ
[22:47:12] [5分钟] 4777/5205: 300390.SZ OK
[22:47:12] [5分钟] 第 4778/5205 只: 301510.SZ
[22:47:12] [5分钟] 4778/5205: 301510.SZ OK
[22:47:12] [5分钟] 第 4779/5205 只: 002879.SZ
[22:47:12] [5分钟] 4779/5205: 002879.SZ OK
[22:47:12] [5分钟] 第 4780/5205 只: 000818.SZ
[22:47:12] [5分钟] 4780/5205: 000818.SZ OK
[22:47:12] [5分钟] 第 4781/5205 只: 300689.SZ
[22:47:12] [5分钟] 4781/5205: 300689.SZ OK
[22:47:12] [5分钟] 第 4782/5205 只: 300292.SZ
[22:47:12] [5分钟] 4782/5205: 300292.SZ OK
[22:47:12] [5分钟] 第 4783/5205 只: 301009.SZ
[22:47:12] [5分钟] 4783/5205: 301009.SZ OK
[22:47:12] [5分钟] 第 4784/5205 只: 002456.SZ
[22:47:12] [5分钟] 4784/5205: 002456.SZ OK
[22:47:12] [5分钟] 第 4785/5205 只: 000541.SZ
[22:47:12] [5分钟] 4785/5205: 000541.SZ OK
[22:47:12] [5分钟] 第 4786/5205 只: 300661.SZ
[22:47:12] [5分钟] 4786/5205: 300661.SZ OK
[22:47:12] [5分钟] 第 4787/5205 只: 002039.SZ
[22:47:12] [5分钟] 4787/5205: 002039.SZ OK
[22:47:12] [5分钟] 第 4788/5205 只: 002422.SZ
[22:47:12] [5分钟] 4788/5205: 002422.SZ OK
[22:47:12] [5分钟] 第 4789/5205 只: 002993.SZ
[22:47:12] [5分钟] 4789/5205: 002993.SZ OK
[22:47:12] [5分钟] 第 4790/5205 只: 301095.SZ
[22:47:12] [5分钟] 4790/5205: 301095.SZ OK
[22:47:12] [5分钟] 第 4791/5205 只: 300615.SZ
[22:47:12] [5分钟] 4791/5205: 300615.SZ OK
[22:47:12] [5分钟] 第 4792/5205 只: 300798.SZ
[22:47:12] [5分钟] 4792/5205: 300798.SZ OK
[22:47:12] [5分钟] 第 4793/5205 只: 001238.SZ
[22:47:12] [5分钟] 4793/5205: 001238.SZ OK
[22:47:12] [5分钟] 第 4794/5205 只: 300383.SZ
[22:47:12] [5分钟] 4794/5205: 300383.SZ OK
[22:47:12] [5分钟] 第 4795/5205 只: 301118.SZ
[22:47:12] [5分钟] 4795/5205: 301118.SZ OK
[22:47:12] [5分钟] 第 4796/5205 只: 301503.SZ
[22:47:12] [5分钟] 4796/5205: 301503.SZ OK
[22:47:12] [5分钟] 第 4797/5205 只: 000909.SZ
[22:47:12] [5分钟] 4797/5205: 000909.SZ OK
[22:47:12] [5分钟] 第 4798/5205 只: 301577.SZ
[22:47:12] [5分钟] 4798/5205: 301577.SZ OK
[22:47:12] [5分钟] 第 4799/5205 只: 300770.SZ
[22:47:12] [5分钟] 4799/5205: 300770.SZ OK
[22:47:12] [5分钟] 第 4800/5205 只: 002547.SZ
[22:47:12] [5分钟] 4800/5205: 002547.SZ OK
[22:47:12] [5分钟 4800/5205] 成功4800，失败0，当前 002547.SZ
[22:47:12] [5分钟] 第 4801/5205 只: 002882.SZ
[22:47:12] [5分钟] 4801/5205: 002882.SZ OK
[22:47:12] [5分钟] 第 4802/5205 只: 000995.SZ
[22:47:12] [5分钟] 4802/5205: 000995.SZ OK
[22:47:12] [5分钟] 第 4803/5205 只: 002128.SZ
[22:47:12] [5分钟] 4803/5205: 002128.SZ OK
[22:47:12] [5分钟] 第 4804/5205 只: 002533.SZ
[22:47:12] [5分钟] 4804/5205: 002533.SZ OK
[22:47:12] [5分钟] 第 4805/5205 只: 002445.SZ
[22:47:12] [5分钟] 4805/5205: 002445.SZ OK
[22:47:12] [5分钟] 第 4806/5205 只: 000552.SZ
[22:47:12] [5分钟] 4806/5205: 000552.SZ OK
[22:47:12] [5分钟] 第 4807/5205 只: 300269.SZ
[22:47:12] [5分钟] 4807/5205: 300269.SZ OK
[22:47:12] [5分钟] 第 4808/5205 只: 300672.SZ
[22:47:12] [5分钟] 4808/5205: 300672.SZ OK
[22:47:12] [5分钟] 第 4809/5205 只: 000897.SZ
[22:47:12] [5分钟] 4809/5205: 000897.SZ OK
[22:47:12] [5分钟] 第 4810/5205 只: 002431.SZ
[22:47:12] [5分钟] 4810/5205: 002431.SZ OK
[22:47:12] [5分钟] 第 4811/5205 只: 002980.SZ
[22:47:12] [5分钟] 4811/5205: 002980.SZ OK
[22:47:12] [5分钟] 第 4812/5205 只: 301086.SZ
[22:47:12] [5分钟] 4812/5205: 301086.SZ OK
[22:47:12] [5分钟] 第 4813/5205 只: 000526.SZ
[22:47:12] [5分钟] 4813/5205: 000526.SZ OK
[22:47:12] [5分钟] 第 4814/5205 只: 300606.SZ
[22:47:12] [5分钟] 4814/5205: 300606.SZ OK
[22:47:12] [5分钟] 第 4815/5205 只: 300281.SZ
[22:47:12] [5分钟] 4815/5205: 300281.SZ OK
[22:47:12] [5分钟] 第 4816/5205 只: 002968.SZ
[22:47:12] [5分钟] 4816/5205: 002968.SZ OK
[22:47:12] [5分钟] 第 4817/5205 只: 002635.SZ
[22:47:12] [5分钟] 4817/5205: 002635.SZ OK
[22:47:12] [5分钟] 第 4818/5205 只: 301282.SZ
[22:47:12] [5分钟] 4818/5205: 301282.SZ OK
[22:47:12] [5分钟] 第 4819/5205 只: 000722.SZ
[22:47:12] [5分钟] 4819/5205: 000722.SZ OK
[22:47:12] [5分钟] 第 4820/5205 只: 300402.SZ
[22:47:12] [5分钟] 4820/5205: 300402.SZ OK
[22:47:12] [5分钟] 第 4821/5205 只: 300019.SZ
[22:47:12] [5分钟] 4821/5205: 300019.SZ OK
[22:47:12] [5分钟] 第 4822/5205 只: 002641.SZ
[22:47:13] [5分钟] 4822/5205: 002641.SZ OK
[22:47:13] [5分钟] 第 4823/5205 只: 000756.SZ
[22:47:13] [5分钟] 4823/5205: 000756.SZ OK
[22:47:13] [5分钟] 第 4824/5205 只: 300476.SZ
[22:47:13] [5分钟] 4824/5205: 300476.SZ OK
[22:47:13] [5分钟] 第 4825/5205 只: 003029.SZ
[22:47:13] [5分钟] 4825/5205: 003029.SZ OK
[22:47:13] [5分钟] 第 4826/5205 只: 300085.SZ
[22:47:13] [5分钟] 4826/5205: 300085.SZ OK
[22:47:13] [5分钟] 第 4827/5205 只: 301368.SZ
[22:47:13] [5分钟] 4827/5205: 301368.SZ OK
[22:47:13] [5分钟] 第 4828/5205 只: 300859.SZ
[22:47:13] [5分钟] 4828/5205: 300859.SZ OK
[22:47:13] [5分钟] 第 4829/5205 只: 300187.SZ
[22:47:13] [5分钟] 4829/5205: 300187.SZ OK
[22:47:13] [5分钟] 第 4830/5205 只: 301380.SZ
[22:47:13] [5分钟] 4830/5205: 301380.SZ OK
[22:47:13] [5分钟] 第 4831/5205 只: 000620.SZ
[22:47:13] [5分钟] 4831/5205: 000620.SZ OK
[22:47:13] [5分钟] 第 4832/5205 只: 300500.SZ
[22:47:13] [5分钟] 4832/5205: 300500.SZ OK
[22:47:13] [5分钟] 第 4833/5205 只: 002737.SZ
[22:47:13] [5分钟] 4833/5205: 002737.SZ OK
[22:47:13] [5分钟] 第 4834/5205 只: 002743.SZ
[22:47:13] [5分钟] 4834/5205: 002743.SZ OK
[22:47:13] [5分钟] 第 4835/5205 只: 002358.SZ
[22:47:13] [5分钟] 4835/5205: 002358.SZ OK
[22:47:13] [5分钟] 第 4836/5205 只: 300980.SZ
[22:47:13] [5分钟] 4836/5205: 300980.SZ OK
[22:47:13] [5分钟] 第 4837/5205 只: 002606.SZ
[22:47:13] [5分钟] 4837/5205: 002606.SZ OK
[22:47:13] [5分钟] 第 4838/5205 只: 000711.SZ
[22:47:13] [5分钟] 4838/5205: 000711.SZ OK
[22:47:13] [5分钟] 第 4839/5205 只: 002269.SZ
[22:47:13] [5分钟] 4839/5205: 002269.SZ OK
[22:47:13] [5分钟] 第 4840/5205 只: 002672.SZ
[22:47:13] [5分钟] 4840/5205: 002672.SZ OK
[22:47:13] [5分钟] 第 4841/5205 只: 300445.SZ
[22:47:13] [5分钟] 4841/5205: 300445.SZ OK
[22:47:13] [5分钟] 第 4842/5205 只: 300968.SZ
[22:47:13] [5分钟] 4842/5205: 300968.SZ OK
[22:47:13] [5分钟] 第 4843/5205 只: 301259.SZ
[22:47:13] [5分钟] 4843/5205: 301259.SZ OK
[22:47:13] [5分钟] 第 4844/5205 只: 002281.SZ
[22:47:13] [5分钟] 4844/5205: 002281.SZ OK
[22:47:13] [5分钟] 第 4845/5205 只: 301636.SZ
[22:47:13] [5分钟] 4845/5205: 301636.SZ OK
[22:47:13] [5分钟] 第 4846/5205 只: 002798.SZ
[22:47:13] [5分钟] 4846/5205: 002798.SZ OK
[22:47:13] [5分钟] 第 4847/5205 只: 002383.SZ
[22:47:13] [5分钟] 4847/5205: 002383.SZ OK
[22:47:13] [5分钟] 第 4848/5205 只: 300128.SZ
[22:47:13] [5分钟] 4848/5205: 300128.SZ OK
[22:47:13] [5分钟] 第 4849/5205 只: 300533.SZ
[22:47:13] [5分钟] 4849/5205: 300533.SZ OK
[22:47:13] [5分钟] 第 4850/5205 只: 300882.SZ
[22:47:13] [5分钟] 4850/5205: 300882.SZ OK
[22:47:13] [5分钟 4850/5205] 成功4850，失败0，当前 300882.SZ
[22:47:13] [5分钟] 第 4851/5205 只: 300547.SZ
[22:47:13] [5分钟] 4851/5205: 300547.SZ OK
[22:47:13] [5分钟] 第 4852/5205 只: 000090.SZ
[22:47:13] [5分钟] 4852/5205: 000090.SZ OK
[22:47:13] [5分钟] 第 4853/5205 只: 002187.SZ
[22:47:13] [5分钟] 4853/5205: 002187.SZ OK
[22:47:13] [5分钟] 第 4854/5205 只: 002859.SZ
[22:47:13] [5分钟] 4854/5205: 002859.SZ OK
[22:47:13] [5分钟] 第 4855/5205 只: 000078.SZ
[22:47:13] [5分钟] 4855/5205: 000078.SZ OK
[22:47:13] [5分钟] 第 4856/5205 只: 300743.SZ
[22:47:13] [5分钟] 4856/5205: 300743.SZ OK
[22:47:13] [5分钟] 第 4857/5205 只: 300358.SZ
[22:47:13] [5分钟] 4857/5205: 300358.SZ OK
[22:47:13] [5分钟] 第 4858/5205 只: 002574.SZ
[22:47:13] [5分钟] 4858/5205: 002574.SZ OK
[22:47:13] [5分钟] 第 4859/5205 只: 000417.SZ
[22:47:13] [5分钟] 4859/5205: 000417.SZ OK
[22:47:13] [5分钟] 第 4860/5205 只: 300737.SZ
[22:47:13] [5分钟] 4860/5205: 300737.SZ OK
[22:47:13] [5分钟] 第 4861/5205 只: 002500.SZ
[22:47:13] [5分钟] 4861/5205: 002500.SZ OK
[22:47:13] [5分钟] 第 4862/5205 只: 002476.SZ
[22:47:13] [5分钟] 4862/5205: 002476.SZ OK
[22:47:13] [5分钟] 第 4863/5205 只: 000561.SZ
[22:47:13] [5分钟] 4863/5205: 000561.SZ OK
[22:47:13] [5分钟] 第 4864/5205 只: 300641.SZ
[22:47:13] [5分钟] 4864/5205: 300641.SZ OK
[22:47:13] [5分钟] 第 4865/5205 只: 002402.SZ
[22:47:13] [5分钟] 4865/5205: 002402.SZ OK
[22:47:13] [5分钟] 第 4866/5205 只: 002019.SZ
[22:47:13] [5分钟] 4866/5205: 002019.SZ OK
[22:47:13] [5分钟] 第 4867/5205 只: 001395.SZ
[22:47:13] [5分钟] 4867/5205: 001395.SZ OK
[22:47:13] [5分钟] 第 4868/5205 只: 300635.SZ
[22:47:13] [5分钟] 4868/5205: 300635.SZ OK
[22:47:13] [5分钟] 第 4869/5205 只: 000838.SZ
[22:47:13] [5分钟] 4869/5205: 000838.SZ OK
[22:47:13] [5分钟] 第 4870/5205 只: 002085.SZ
[22:47:13] [5分钟] 4870/5205: 002085.SZ OK
[22:47:13] [5分钟] 第 4871/5205 只: 001309.SZ
[22:47:13] [5分钟] 4871/5205: 001309.SZ OK
[22:47:13] [5分钟] 第 4872/5205 只: 000589.SZ
[22:47:13] [5分钟] 4872/5205: 000589.SZ OK
[22:47:13] [5分钟] 第 4873/5205 只: 301029.SZ
[22:47:13] [5分钟] 4873/5205: 301029.SZ OK
[22:47:13] [5分钟] 第 4874/5205 只: 301446.SZ
[22:47:13] [5分钟] 4874/5205: 301446.SZ OK
[22:47:13] [5分钟] 第 4875/5205 只: 300750.SZ
[22:47:13] [5分钟] 4875/5205: 300750.SZ OK
[22:47:13] [5分钟] 第 4876/5205 只: 002567.SZ
[22:47:13] [5分钟] 4876/5205: 002567.SZ OK
[22:47:13] [5分钟] 第 4877/5205 只: 000404.SZ
[22:47:13] [5分钟] 4877/5205: 000404.SZ OK
[22:47:13] [5分钟] 第 4878/5205 只: 300724.SZ
[22:47:13] [5分钟] 4878/5205: 300724.SZ OK
[22:47:13] [5分钟] 第 4879/5205 只: 002513.SZ
[22:47:13] [5分钟] 4879/5205: 002513.SZ OK
[22:47:13] [5分钟] 第 4880/5205 只: 002108.SZ
[22:47:13] [5分钟] 4880/5205: 002108.SZ OK
[22:47:13] [5分钟] 第 4881/5205 只: 001218.SZ
[22:47:13] [5分钟] 4881/5205: 001218.SZ OK
[22:47:13] [5分钟] 第 4882/5205 只: 000498.SZ
[22:47:13] [5分钟] 4882/5205: 000498.SZ OK
[22:47:13] [5分钟] 第 4883/5205 只: 301138.SZ
[22:47:13] [5分钟] 4883/5205: 301138.SZ OK
[22:47:13] [5分钟] 第 4884/5205 只: 000929.SZ
[22:47:13] [5分钟] 4884/5205: 000929.SZ OK
[22:47:13] [5分钟] 第 4885/5205 只: 002194.SZ
[22:47:13] [5分钟] 4885/5205: 002194.SZ OK
[22:47:13] [5分钟] 第 4886/5205 只: 301557.SZ
[22:47:13] [5分钟] 4886/5205: 301557.SZ OK
[22:47:13] [5分钟] 第 4887/5205 只: 002096.SZ
[22:47:13] [5分钟] 4887/5205: 002096.SZ OK
[22:47:13] [5分钟] 第 4888/5205 只: 301421.SZ
[22:47:13] [5分钟] 4888/5205: 301421.SZ OK
[22:47:13] [5分钟] 第 4889/5205 只: 002948.SZ
[22:47:13] [5分钟] 4889/5205: 002948.SZ OK
[22:47:13] [5分钟] 第 4890/5205 只: 002465.SZ
[22:47:13] [5分钟] 4890/5205: 002465.SZ OK
[22:47:13] [5分钟] 第 4891/5205 只: 000572.SZ
[22:47:13] [5分钟] 4891/5205: 000572.SZ OK
[22:47:13] [5分钟] 第 4892/5205 只: 300652.SZ
[22:47:13] [5分钟] 4892/5205: 300652.SZ OK
[22:47:13] [5分钟] 第 4893/5205 只: 300249.SZ
[22:47:13] [5分钟] 4893/5205: 300249.SZ OK
[22:47:13] [5分钟] 第 4894/5205 只: 000506.SZ
[22:47:13] [5分钟] 4894/5205: 000506.SZ OK
[22:47:13] [5分钟] 第 4895/5205 只: 001386.SZ
[22:47:13] [5分钟] 4895/5205: 001386.SZ OK
[22:47:13] [5分钟] 第 4896/5205 只: 300626.SZ
[22:47:13] [5分钟] 4896/5205: 300626.SZ OK
[22:47:13] [5分钟] 第 4897/5205 只: 002689.SZ
[22:47:13] [5分钟] 4897/5205: 002689.SZ OK
[22:47:13] [5分钟] 第 4898/5205 只: 002292.SZ
[22:47:13] [5分钟] 4898/5205: 002292.SZ OK
[22:47:13] [5分钟] 第 4899/5205 只: 003009.SZ
[22:47:13] [5分钟] 4899/5205: 003009.SZ OK
[22:47:13] [5分钟] 第 4900/5205 只: 300993.SZ
[22:47:13] [5分钟] 4900/5205: 300993.SZ OK
[22:47:13] [5分钟 4900/5205] 成功4900，失败0，当前 300993.SZ
[22:47:13] [5分钟] 第 4901/5205 只: 002615.SZ
[22:47:13] [5分钟] 4901/5205: 002615.SZ OK
[22:47:13] [5分钟] 第 4902/5205 只: 000702.SZ
[22:47:13] [5分钟] 4902/5205: 000702.SZ OK
[22:47:13] [5分钟] 第 4903/5205 只: 300039.SZ
[22:47:13] [5分钟] 4903/5205: 300039.SZ OK
[22:47:13] [5分钟] 第 4904/5205 只: 300422.SZ
[22:47:13] [5分钟] 4904/5205: 300422.SZ OK
[22:47:13] [5分钟] 第 4905/5205 只: 002661.SZ
[22:47:13] [5分钟] 4905/5205: 002661.SZ OK
[22:47:13] [5分钟] 第 4906/5205 只: 000776.SZ
[22:47:13] [5分钟] 4906/5205: 000776.SZ OK
[22:47:13] [5分钟] 第 4907/5205 只: 300456.SZ
[22:47:13] [5分钟] 4907/5205: 300456.SZ OK
[22:47:13] [5分钟] 第 4908/5205 只: 000600.SZ
[22:47:13] [5分钟] 4908/5205: 000600.SZ OK
[22:47:13] [5分钟] 第 4909/5205 只: 300520.SZ
[22:47:13] [5分钟] 4909/5205: 300520.SZ OK
[22:47:13] [5分钟] 第 4910/5205 只: 300891.SZ
[22:47:13] [5分钟] 4910/5205: 300891.SZ OK
[22:47:13] [5分钟] 第 4911/5205 只: 002717.SZ
[22:47:13] [5分钟] 4911/5205: 002717.SZ OK
[22:47:13] [5分钟] 第 4912/5205 只: 300554.SZ
[22:47:13] [5分钟] 4912/5205: 300554.SZ OK
[22:47:13] [5分钟] 第 4913/5205 只: 002378.SZ
[22:47:13] [5分钟] 4913/5205: 002378.SZ OK
[22:47:13] [5分钟] 第 4914/5205 只: 002763.SZ
[22:47:13] [5分钟] 4914/5205: 002763.SZ OK
[22:47:13] [5分钟] 第 4915/5205 只: 301348.SZ
[22:47:13] [5分钟] 4915/5205: 301348.SZ OK
[22:47:13] [5分钟] 第 4916/5205 只: 300879.SZ
[22:47:13] [5分钟] 4916/5205: 300879.SZ OK
[22:47:13] [5分钟] 第 4917/5205 只: 002390.SZ
[22:47:13] [5分钟] 4917/5205: 002390.SZ OK
[22:47:13] [5分钟] 第 4918/5205 只: 300287.SZ
[22:47:13] [5分钟] 4918/5205: 300287.SZ OK
[22:47:13] [5分钟] 第 4919/5205 只: 301068.SZ
[22:47:13] [5分钟] 4919/5205: 301068.SZ OK
[22:47:13] [5分钟] 第 4920/5205 只: 002058.SZ
[22:47:13] [5分钟] 4920/5205: 002058.SZ OK
[22:47:13] [5分钟] 第 4921/5205 只: 002443.SZ
[22:47:13] [5分钟] 4921/5205: 002443.SZ OK
[22:47:13] [5分钟] 第 4922/5205 只: 000554.SZ
[22:47:13] [5分钟] 4922/5205: 000554.SZ OK
[22:47:13] [5分钟] 第 4923/5205 只: 300674.SZ
[22:47:13] [5分钟] 4923/5205: 300674.SZ OK
[22:47:13] [5分钟] 第 4924/5205 只: 002437.SZ
[22:47:13] [5分钟] 4924/5205: 002437.SZ OK
[22:47:13] [5分钟] 第 4925/5205 只: 000520.SZ
[22:47:13] [5分钟] 4925/5205: 000520.SZ OK
[22:47:13] [5分钟] 第 4926/5205 只: 002986.SZ
[22:47:13] [5分钟] 4926/5205: 002986.SZ OK
[22:47:13] [5分钟] 第 4927/5205 只: 301080.SZ
[22:47:13] [5分钟] 4927/5205: 301080.SZ OK
[22:47:13] [5分钟] 第 4928/5205 只: 300600.SZ
[22:47:13] [5分钟] 4928/5205: 300600.SZ OK
[22:47:13] [5分钟] 第 4929/5205 只: 300776.SZ
[22:47:13] [5分钟] 4929/5205: 300776.SZ OK
[22:47:13] [5分钟] 第 4930/5205 只: 002541.SZ
[22:47:13] [5分钟] 4930/5205: 002541.SZ OK
[22:47:13] [5分钟] 第 4931/5205 只: 301599.SZ
[22:47:13] [5分钟] 4931/5205: 301599.SZ OK
[22:47:13] [5分钟] 第 4932/5205 只: 000422.SZ
[22:47:13] [5分钟] 4932/5205: 000422.SZ OK
[22:47:13] [5分钟] 第 4933/5205 只: 301182.SZ
[22:47:13] [5分钟] 4933/5205: 301182.SZ OK
[22:47:13] [5分钟] 第 4934/5205 只: 002884.SZ
[22:47:13] [5分钟] 4934/5205: 002884.SZ OK
[22:47:13] [5分钟] 第 4935/5205 只: 000039.SZ
[22:47:13] [5分钟] 4935/5205: 000039.SZ OK
[22:47:13] [5分钟] 第 4936/5205 只: 300319.SZ
[22:47:13] [5分钟] 4936/5205: 300319.SZ OK
[22:47:13] [5分钟] 第 4937/5205 只: 300702.SZ
[22:47:13] [5分钟] 4937/5205: 300702.SZ OK
[22:47:13] [5分钟] 第 4938/5205 只: 002535.SZ
[22:47:13] [5分钟] 4938/5205: 002535.SZ OK
[22:47:13] [5分钟] 第 4939/5205 只: 000993.SZ
[22:47:13] [5分钟] 4939/5205: 000993.SZ OK
[22:47:13] [5分钟] 第 4940/5205 只: 300385.SZ
[22:47:13] [5分钟] 4940/5205: 300385.SZ OK
[22:47:13] [5分钟] 第 4941/5205 只: 301505.SZ
[22:47:13] [5分钟] 4941/5205: 301505.SZ OK
[22:47:13] [5分钟] 第 4942/5205 只: 002818.SZ
[22:47:13] [5分钟] 4942/5205: 002818.SZ OK
[22:47:13] [5分钟] 第 4943/5205 只: 301571.SZ
[22:47:13] [5分钟] 4943/5205: 301571.SZ OK
[22:47:13] [5分钟] 第 4944/5205 只: 000626.SZ
[22:47:13] [5分钟] 4944/5205: 000626.SZ OK
[22:47:13] [5分钟] 第 4945/5205 只: 301386.SZ
[22:47:13] [5分钟] 4945/5205: 301386.SZ OK
[22:47:13] [5分钟] 第 4946/5205 只: 300506.SZ
[22:47:13] [5分钟] 4946/5205: 300506.SZ OK
[22:47:13] [5分钟] 第 4947/5205 只: 002731.SZ
[22:47:13] [5分钟] 4947/5205: 002731.SZ OK
[22:47:13] [5分钟] 第 4948/5205 只: 000652.SZ
[22:47:13] [5分钟] 4948/5205: 000652.SZ OK
[22:47:13] [5分钟] 第 4949/5205 只: 300572.SZ
[22:47:13] [5分钟] 4949/5205: 300572.SZ OK
[22:47:13] [5分钟] 第 4950/5205 只: 300169.SZ
[22:47:13] [5分钟] 4950/5205: 300169.SZ OK
[22:47:13] [5分钟 4950/5205] 成功4950，失败0，当前 300169.SZ
[22:47:13] [5分钟] 第 4951/5205 只: 002745.SZ
[22:47:13] [5分钟] 4951/5205: 002745.SZ OK
[22:47:13] [5分钟] 第 4952/5205 只: 300181.SZ
[22:47:13] [5分钟] 4952/5205: 300181.SZ OK
[22:47:13] [5分钟] 第 4953/5205 只: 300929.SZ
[22:47:13] [5分钟] 4953/5205: 300929.SZ OK
[22:47:13] [5分钟] 第 4954/5205 只: 300083.SZ
[22:47:13] [5分钟] 4954/5205: 300083.SZ OK
[22:47:13] [5分钟] 第 4955/5205 只: 300498.SZ
[22:47:13] [5分钟] 4955/5205: 300498.SZ OK
[22:47:13] [5分钟] 第 4956/5205 只: 301603.SZ
[22:47:13] [5分钟] 4956/5205: 301603.SZ OK
[22:47:13] [5分钟] 第 4957/5205 只: 301218.SZ
[22:47:13] [5分钟] 4957/5205: 301218.SZ OK
[22:47:13] [5分钟] 第 4958/5205 只: 002633.SZ
[22:47:13] [5分钟] 4958/5205: 002633.SZ OK
[22:47:13] [5分钟] 第 4959/5205 只: 002228.SZ
[22:47:13] [5分钟] 4959/5205: 002228.SZ OK
[22:47:13] [5分钟] 第 4960/5205 只: 300404.SZ
[22:47:13] [5分钟] 4960/5205: 300404.SZ OK
[22:47:13] [5分钟] 第 4961/5205 只: 002647.SZ
[22:47:13] [5分钟] 4961/5205: 002647.SZ OK
[22:47:13] [5分钟] 第 4962/5205 只: 000750.SZ
[22:47:13] [5分钟] 4962/5205: 000750.SZ OK
[22:47:13] [5分钟] 第 4963/5205 只: 300470.SZ
[22:47:13] [5分钟] 4963/5205: 300470.SZ OK
[22:47:13] [5分钟] 第 4964/5205 只: 300192.SZ
[22:47:13] [5分钟] 4964/5205: 300192.SZ OK
[22:47:13] [5分钟] 第 4965/5205 只: 300589.SZ
[22:47:13] [5分钟] 4965/5205: 300589.SZ OK
[22:47:13] [5分钟] 第 4966/5205 只: 301309.SZ
[22:47:13] [5分钟] 4966/5205: 301309.SZ OK
[22:47:13] [5分钟] 第 4967/5205 只: 300838.SZ
[22:47:13] [5分钟] 4967/5205: 300838.SZ OK
[22:47:13] [5分钟] 第 4968/5205 只: 000635.SZ
[22:47:13] [5分钟] 4968/5205: 000635.SZ OK
[22:47:13] [5分钟] 第 4969/5205 只: 301395.SZ
[22:47:13] [5分钟] 4969/5205: 301395.SZ OK
[22:47:13] [5分钟] 第 4970/5205 只: 300515.SZ
[22:47:13] [5分钟] 4970/5205: 300515.SZ OK
[22:47:13] [5分钟] 第 4971/5205 只: 002722.SZ
[22:47:13] [5分钟] 4971/5205: 002722.SZ OK
[22:47:13] [5分钟] 第 4972/5205 只: 002339.SZ
[22:47:13] [5分钟] 4972/5205: 002339.SZ OK
[22:47:13] [5分钟] 第 4973/5205 只: 300561.SZ
[22:47:13] [5分钟] 4973/5205: 300561.SZ OK
[22:47:13] [5分钟] 第 4974/5205 只: 002756.SZ
[22:47:13] [5分钟] 4974/5205: 002756.SZ OK
[22:47:13] [5分钟] 第 4975/5205 只: 002620.SZ
[22:47:13] [5分钟] 4975/5205: 002620.SZ OK
[22:47:13] [5分钟] 第 4976/5205 只: 000737.SZ
[22:47:13] [5分钟] 4976/5205: 000737.SZ OK
[22:47:13] [5分钟] 第 4977/5205 只: 301297.SZ
[22:47:13] [5分钟] 4977/5205: 301297.SZ OK
[22:47:13] [5分钟] 第 4978/5205 只: 300417.SZ
[22:47:13] [5分钟] 4978/5205: 300417.SZ OK
[22:47:13] [5分钟] 第 4979/5205 只: 002654.SZ
[22:47:13] [5分钟] 4979/5205: 002654.SZ OK
[22:47:13] [5分钟] 第 4980/5205 只: 300463.SZ
[22:47:13] [5分钟] 4980/5205: 300463.SZ OK
[22:47:13] [5分钟] 第 4981/5205 只: 300078.SZ
[22:47:13] [5分钟] 4981/5205: 300078.SZ OK
[22:47:13] [5分钟] 第 4982/5205 只: 000547.SZ
[22:47:13] [5分钟] 4982/5205: 000547.SZ OK
[22:47:13] [5分钟] 第 4983/5205 只: 300667.SZ
[22:47:13] [5分钟] 4983/5205: 300667.SZ OK
[22:47:13] [5分钟] 第 4984/5205 只: 002424.SZ
[22:47:13] [5分钟] 4984/5205: 002424.SZ OK
[22:47:13] [5分钟] 第 4985/5205 只: 000882.SZ
[22:47:13] [5分钟] 4985/5205: 000882.SZ OK
[22:47:13] [5分钟] 第 4986/5205 只: 301488.SZ
[22:47:13] [5分钟] 4986/5205: 301488.SZ OK
[22:47:13] [5分钟] 第 4987/5205 只: 000533.SZ
[22:47:13] [5分钟] 4987/5205: 000533.SZ OK
[22:47:13] [5分钟] 第 4988/5205 只: 002995.SZ
[22:47:13] [5分钟] 4988/5205: 002995.SZ OK
[22:47:13] [5分钟] 第 4989/5205 只: 301093.SZ
[22:47:13] [5分钟] 4989/5205: 301093.SZ OK
[22:47:13] [5分钟] 第 4990/5205 只: 300613.SZ
[22:47:13] [5分钟] 4990/5205: 300613.SZ OK
[22:47:13] [5分钟] 第 4991/5205 只: 300294.SZ
[22:47:13] [5分钟] 4991/5205: 300294.SZ OK
[22:47:13] [5分钟] 第 4992/5205 只: 002909.SZ
[22:47:13] [5分钟] 4992/5205: 002909.SZ OK
[22:47:13] [5分钟] 第 4993/5205 只: 300396.SZ
[22:47:13] [5分钟] 4993/5205: 300396.SZ OK
[22:47:13] [5分钟] 第 4994/5205 只: 301516.SZ
[22:47:13] [5分钟] 4994/5205: 301516.SZ OK
[22:47:13] [5分钟] 第 4995/5205 只: 001259.SZ
[22:47:13] [5分钟] 4995/5205: 001259.SZ OK
[22:47:13] [5分钟] 第 4996/5205 只: 301179.SZ
[22:47:13] [5分钟] 4996/5205: 301179.SZ OK
[22:47:13] [5分钟] 第 4997/5205 只: 000968.SZ
[22:47:13] [5分钟] 4997/5205: 000968.SZ OK
[22:47:13] [5分钟] 第 4998/5205 只: 300765.SZ
[22:47:13] [5分钟] 4998/5205: 300765.SZ OK
[22:47:13] [5分钟] 第 4999/5205 只: 002149.SZ
[22:47:13] [5分钟] 4999/5205: 002149.SZ OK
[22:47:13] [5分钟] 第 5000/5205 只: 002552.SZ
[22:47:13] [5分钟] 5000/5205: 002552.SZ OK
[22:47:13] [5分钟 5000/5205] 成功5000，失败0，当前 002552.SZ
[22:47:13] [5分钟] 第 5001/5205 只: 301191.SZ
[22:47:13] [5分钟] 5001/5205: 301191.SZ OK
[22:47:13] [5分钟] 第 5002/5205 只: 002897.SZ
[22:47:13] [5分钟] 5002/5205: 002897.SZ OK
[22:47:13] [5分钟] 第 5003/5205 只: 300711.SZ
[22:47:13] [5分钟] 5003/5205: 300711.SZ OK
[22:47:13] [5分钟] 第 5004/5205 只: 002526.SZ
[22:47:13] [5分钟] 5004/5205: 002526.SZ OK
[22:47:13] [5分钟] 第 5005/5205 只: 000980.SZ
[22:47:13] [5分钟] 5005/5205: 000980.SZ OK
[22:47:13] [5分钟] 第 5006/5205 只: 300151.SZ
[22:47:13] [5分钟] 5006/5205: 300151.SZ OK
[22:47:13] [5分钟] 第 5007/5205 只: 002366.SZ
[22:47:13] [5分钟] 5007/5205: 002366.SZ OK
[22:47:13] [5分钟] 第 5008/5205 只: 300125.SZ
[22:47:13] [5分钟] 5008/5205: 300125.SZ OK
[22:47:13] [5分钟] 第 5009/5205 只: 002312.SZ
[22:47:13] [5分钟] 5009/5205: 002312.SZ OK
[22:47:13] [5分钟] 第 5010/5205 只: 002709.SZ
[22:47:13] [5分钟] 5010/5205: 002709.SZ OK
[22:47:13] [5分钟] 第 5011/5205 只: 301322.SZ
[22:47:13] [5分钟] 5011/5205: 301322.SZ OK
[22:47:13] [5分钟] 第 5012/5205 只: 000682.SZ
[22:47:13] [5分钟] 5012/5205: 000682.SZ OK
[22:47:13] [5分钟] 第 5013/5205 只: 002795.SZ
[22:47:13] [5分钟] 5013/5205: 002795.SZ OK
[22:47:13] [5分钟] 第 5014/5205 只: 300813.SZ
[22:47:13] [5分钟] 5014/5205: 300813.SZ OK
[22:47:13] [5分钟] 第 5015/5205 只: 301356.SZ
[22:47:13] [5分钟] 5015/5205: 301356.SZ OK
[22:47:13] [5分钟] 第 5016/5205 只: 300867.SZ
[22:47:13] [5分钟] 5016/5205: 300867.SZ OK
[22:47:13] [5分钟] 第 5017/5205 只: 002697.SZ
[22:47:13] [5分钟] 5017/5205: 002697.SZ OK
[22:47:13] [5分钟] 第 5018/5205 只: 300911.SZ
[22:47:13] [5分钟] 5018/5205: 300911.SZ OK
[22:47:13] [5分钟] 第 5019/5205 只: 003017.SZ
[22:47:13] [5分钟] 5019/5205: 003017.SZ OK
[22:47:13] [5分钟] 第 5020/5205 只: 301220.SZ
[22:47:13] [5分钟] 5020/5205: 301220.SZ OK
[22:47:13] [5分钟] 第 5021/5205 只: 300965.SZ
[22:47:13] [5分钟] 5021/5205: 300965.SZ OK
[22:47:13] [5分钟] 第 5022/5205 只: 002264.SZ
[22:47:13] [5分钟] 5022/5205: 002264.SZ OK
[22:47:13] [5分钟] 第 5023/5205 只: 000768.SZ
[22:47:13] [5分钟] 5023/5205: 000768.SZ OK
[22:47:13] [5分钟] 第 5024/5205 只: 300053.SZ
[22:47:13] [5分钟] 5024/5205: 300053.SZ OK
[22:47:13] [5分钟] 第 5025/5205 只: 300448.SZ
[22:47:13] [5分钟] 5025/5205: 300448.SZ OK
[22:47:13] [5分钟] 第 5026/5205 只: 002210.SZ
[22:47:13] [5分钟] 5026/5205: 002210.SZ OK
[22:47:13] [5分钟] 第 5027/5205 只: 300027.SZ
[22:47:13] [5分钟] 5027/5205: 300027.SZ OK
[22:47:13] [5分钟] 第 5028/5205 只: 002956.SZ
[22:47:13] [5分钟] 5028/5205: 002956.SZ OK
[22:47:13] [5分钟] 第 5029/5205 只: 301050.SZ
[22:47:13] [5分钟] 5029/5205: 301050.SZ OK
[22:47:13] [5分钟] 第 5030/5205 只: 002088.SZ
[22:47:13] [5分钟] 5030/5205: 002088.SZ OK
[22:47:13] [5分钟] 第 5031/5205 只: 002493.SZ
[22:47:13] [5分钟] 5031/5205: 002493.SZ OK
[22:47:13] [5分钟] 第 5032/5205 只: 301024.SZ
[22:47:13] [5分钟] 5032/5205: 301024.SZ OK
[22:47:13] [5分钟] 第 5033/5205 只: 002922.SZ
[22:47:13] [5分钟] 5033/5205: 002922.SZ OK
[22:47:13] [5分钟] 第 5034/5205 只: 002014.SZ
[22:47:13] [5分钟] 5034/5205: 002014.SZ OK
[22:47:13] [5分钟] 第 5035/5205 只: 000518.SZ
[22:47:13] [5分钟] 5035/5205: 000518.SZ OK
[22:47:13] [5分钟] 第 5036/5205 只: 300638.SZ
[22:47:13] [5分钟] 5036/5205: 300638.SZ OK
[22:47:13] [5分钟] 第 5037/5205 只: 300223.SZ
[22:47:13] [5分钟] 5037/5205: 300223.SZ OK
[22:47:13] [5分钟] 第 5038/5205 只: 002060.SZ
[22:47:13] [5分钟] 5038/5205: 002060.SZ OK
[22:47:13] [5分钟] 第 5039/5205 只: 300257.SZ
[22:47:13] [5分钟] 5039/5205: 300257.SZ OK
[22:47:13] [5分钟] 第 5040/5205 只: 000001.SZ
[22:47:13] [5分钟] 5040/5205: 000001.SZ OK
[22:47:13] [5分钟] 第 5041/5205 只: 300321.SZ
[22:47:13] [5分钟] 5041/5205: 300321.SZ OK
[22:47:13] [5分钟] 第 5042/5205 只: 002116.SZ
[22:47:13] [5分钟] 5042/5205: 002116.SZ OK
[22:47:13] [5分钟] 第 5043/5205 只: 300355.SZ
[22:47:13] [5分钟] 5043/5205: 300355.SZ OK
[22:47:13] [5分钟] 第 5044/5205 只: 002579.SZ
[22:47:13] [5分钟] 5044/5205: 002579.SZ OK
[22:47:13] [5分钟] 第 5045/5205 只: 002162.SZ
[22:47:13] [5分钟] 5045/5205: 002162.SZ OK
[22:47:13] [5分钟] 第 5046/5205 只: 301152.SZ
[22:47:13] [5分钟] 5046/5205: 301152.SZ OK
[22:47:13] [5分钟] 第 5047/5205 只: 001206.SZ
[22:47:13] [5分钟] 5047/5205: 001206.SZ OK
[22:47:13] [5分钟] 第 5048/5205 只: 002820.SZ
[22:47:13] [5分钟] 5048/5205: 002820.SZ OK
[22:47:13] [5分钟] 第 5049/5205 只: 301126.SZ
[22:47:13] [5分钟] 5049/5205: 301126.SZ OK
[22:47:13] [5分钟] 第 5050/5205 只: 000937.SZ
[22:47:13] [5分钟] 5050/5205: 000937.SZ OK
[22:47:13] [5分钟 5050/5205] 成功5050，失败0，当前 000937.SZ
[22:47:13] [5分钟] 第 5051/5205 只: 002591.SZ
[22:47:13] [5分钟] 5051/5205: 002591.SZ OK
[22:47:13] [5分钟] 第 5052/5205 只: 002007.SZ
[22:47:13] [5分钟] 5052/5205: 002007.SZ OK
[22:47:13] [5分钟] 第 5053/5205 只: 300230.SZ
[22:47:13] [5分钟] 5053/5205: 300230.SZ OK
[22:47:13] [5分钟] 第 5054/5205 只: 002468.SZ
[22:47:13] [5分钟] 5054/5205: 002468.SZ OK
[22:47:13] [5分钟] 第 5055/5205 只: 002073.SZ
[22:47:13] [5分钟] 5055/5205: 002073.SZ OK
[22:47:13] [5分钟] 第 5056/5205 只: 300244.SZ
[22:47:13] [5分钟] 5056/5205: 300244.SZ OK
[22:47:13] [5分钟] 第 5057/5205 只: 000852.SZ
[22:47:13] [5分钟] 5057/5205: 000852.SZ OK
[22:47:13] [5分钟] 第 5058/5205 只: 301458.SZ
[22:47:13] [5分钟] 5058/5205: 301458.SZ OK
[22:47:13] [5分钟] 第 5059/5205 只: 002945.SZ
[22:47:13] [5分钟] 5059/5205: 002945.SZ OK
[22:47:13] [5分钟] 第 5060/5205 只: 301043.SZ
[22:47:13] [5分钟] 5060/5205: 301043.SZ OK
[22:47:13] [5分钟] 第 5061/5205 只: 000826.SZ
[22:47:13] [5分钟] 5061/5205: 000826.SZ OK
[22:47:13] [5分钟] 第 5062/5205 只: 002480.SZ
[22:47:13] [5分钟] 5062/5205: 002480.SZ OK
[22:47:13] [5分钟] 第 5063/5205 只: 001317.SZ
[22:47:13] [5分钟] 5063/5205: 001317.SZ OK
[22:47:13] [5分钟] 第 5064/5205 只: 301037.SZ
[22:47:13] [5分钟] 5064/5205: 301037.SZ OK
[22:47:13] [5分钟] 第 5065/5205 只: 002931.SZ
[22:47:13] [5分钟] 5065/5205: 002931.SZ OK
[22:47:13] [5分钟] 第 5066/5205 只: 000597.SZ
[22:47:13] [5分钟] 5066/5205: 000597.SZ OK
[22:47:13] [5分钟] 第 5067/5205 只: 301141.SZ
[22:47:13] [5分钟] 5067/5205: 301141.SZ OK
[22:47:13] [5分钟] 第 5068/5205 只: 002847.SZ
[22:47:13] [5分钟] 5068/5205: 002847.SZ OK
[22:47:13] [5分钟] 第 5069/5205 只: 000950.SZ
[22:47:13] [5分钟] 5069/5205: 000950.SZ OK
[22:47:13] [5分钟] 第 5070/5205 只: 001215.SZ
[22:47:13] [5分钟] 5070/5205: 001215.SZ OK
[22:47:13] [5分钟] 第 5071/5205 只: 002833.SZ
[22:47:13] [5分钟] 5071/5205: 002833.SZ OK
[22:47:13] [5分钟] 第 5072/5205 只: 301135.SZ
[22:47:13] [5分钟] 5072/5205: 301135.SZ OK
[22:47:13] [5分钟] 第 5073/5205 只: 002199.SZ
[22:47:13] [5分钟] 5073/5205: 002199.SZ OK
[22:47:13] [5分钟] 第 5074/5205 只: 002582.SZ
[22:47:13] [5分钟] 5074/5205: 002582.SZ OK
[22:47:13] [5分钟] 第 5075/5205 只: 000012.SZ
[22:47:13] [5分钟] 5075/5205: 000012.SZ OK
[22:47:13] [5分钟] 第 5076/5205 只: 000409.SZ
[22:47:13] [5分钟] 5076/5205: 000409.SZ OK
[22:47:13] [5分钟] 第 5077/5205 只: 300729.SZ
[22:47:13] [5分钟] 5077/5205: 300729.SZ OK
[22:47:13] [5分钟] 第 5078/5205 只: 001289.SZ
[22:47:13] [5分钟] 5078/5205: 001289.SZ OK
[22:47:13] [5分钟] 第 5079/5205 只: 300332.SZ
[22:47:13] [5分钟] 5079/5205: 300332.SZ OK
[22:47:13] [5分钟] 第 5080/5205 只: 002105.SZ
[22:47:13] [5分钟] 5080/5205: 002105.SZ OK
[22:47:13] [5分钟] 第 5081/5205 只: 000066.SZ
[22:47:13] [5分钟] 5081/5205: 000066.SZ OK
[22:47:13] [5分钟] 第 5082/5205 只: 300346.SZ
[22:47:13] [5分钟] 5082/5205: 300346.SZ OK
[22:47:13] [5分钟] 第 5083/5205 只: 002171.SZ
[22:47:13] [5分钟] 5083/5205: 002171.SZ OK
[22:47:13] [5分钟] 第 5084/5205 只: 301331.SZ
[22:47:13] [5分钟] 5084/5205: 301331.SZ OK
[22:47:13] [5分钟] 第 5085/5205 只: 000691.SZ
[22:47:13] [5分钟] 5085/5205: 000691.SZ OK
[22:47:13] [5分钟] 第 5086/5205 只: 002786.SZ
[22:47:13] [5分钟] 5086/5205: 002786.SZ OK
[22:47:13] [5分钟] 第 5087/5205 只: 300800.SZ
[22:47:13] [5分钟] 5087/5205: 300800.SZ OK
[22:47:13] [5分钟] 第 5088/5205 只: 301345.SZ
[22:47:13] [5分钟] 5088/5205: 301345.SZ OK
[22:47:13] [5分钟] 第 5089/5205 只: 000679.SZ
[22:47:13] [5分钟] 5089/5205: 000679.SZ OK
[22:47:13] [5分钟] 第 5090/5205 只: 300142.SZ
[22:47:13] [5分钟] 5090/5205: 300142.SZ OK
[22:47:13] [5分钟] 第 5091/5205 只: 300559.SZ
[22:47:13] [5分钟] 5091/5205: 300559.SZ OK
[22:47:13] [5分钟] 第 5092/5205 只: 002375.SZ
[22:47:13] [5分钟] 5092/5205: 002375.SZ OK
[22:47:13] [5分钟] 第 5093/5205 只: 300136.SZ
[22:47:13] [5分钟] 5093/5205: 300136.SZ OK
[22:47:13] [5分钟] 第 5094/5205 只: 002301.SZ
[22:47:13] [5分钟] 5094/5205: 002301.SZ OK
[22:47:13] [5分钟] 第 5095/5205 只: 002277.SZ
[22:47:13] [5分钟] 5095/5205: 002277.SZ OK
[22:47:13] [5分钟] 第 5096/5205 只: 300040.SZ
[22:47:13] [5分钟] 5096/5205: 300040.SZ OK
[22:47:13] [5分钟] 第 5097/5205 只: 002203.SZ
[22:47:13] [5分钟] 5097/5205: 002203.SZ OK
[22:47:13] [5分钟] 第 5098/5205 只: 300034.SZ
[22:47:13] [5分钟] 5098/5205: 300034.SZ OK
[22:47:13] [5分钟] 第 5099/5205 只: 300902.SZ
[22:47:13] [5分钟] 5099/5205: 300902.SZ OK
[22:47:13] [5分钟] 第 5100/5205 只: 003004.SZ
[22:47:13] [5分钟] 5100/5205: 003004.SZ OK
[22:47:13] [5分钟 5100/5205] 成功5100，失败0，当前 003004.SZ
[22:47:13] [5分钟] 第 5101/5205 只: 301233.SZ
[22:47:13] [5分钟] 5101/5205: 301233.SZ OK
[22:47:13] [5分钟] 第 5102/5205 只: 000793.SZ
[22:47:13] [5分钟] 5102/5205: 000793.SZ OK
[22:47:13] [5分钟] 第 5103/5205 只: 301628.SZ
[22:47:13] [5分钟] 5103/5205: 301628.SZ OK
[22:47:13] [5分钟] 第 5104/5205 只: 300976.SZ
[22:47:13] [5分钟] 5104/5205: 300976.SZ OK
[22:47:13] [5分钟] 第 5105/5205 只: 002861.SZ
[22:47:13] [5分钟] 5105/5205: 002861.SZ OK
[22:47:13] [5分钟] 第 5106/5205 只: 301167.SZ
[22:47:13] [5分钟] 5106/5205: 301167.SZ OK
[22:47:13] [5分钟] 第 5107/5205 只: 300793.SZ
[22:47:13] [5分钟] 5107/5205: 300793.SZ OK
[22:47:13] [5分钟] 第 5108/5205 只: 001233.SZ
[22:47:13] [5分钟] 5108/5205: 001233.SZ OK
[22:47:13] [5分钟] 第 5109/5205 只: 300388.SZ
[22:47:13] [5分钟] 5109/5205: 300388.SZ OK
[22:47:13] [5分钟] 第 5110/5205 只: 301113.SZ
[22:47:13] [5分钟] 5110/5205: 301113.SZ OK
[22:47:13] [5分钟] 第 5111/5205 只: 002815.SZ
[22:47:13] [5分钟] 5111/5205: 002815.SZ OK
[22:47:13] [5分钟] 第 5112/5205 只: 301508.SZ
[22:47:13] [5分钟] 5112/5205: 301508.SZ OK
[22:47:13] [5分钟] 第 5113/5205 只: 000902.SZ
[22:47:13] [5分钟] 5113/5205: 000902.SZ OK
[22:47:13] [5分钟] 第 5114/5205 只: 002889.SZ
[22:47:13] [5分钟] 5114/5205: 002889.SZ OK
[22:47:13] [5分钟] 第 5115/5205 只: 000034.SZ
[22:47:13] [5分钟] 5115/5205: 000034.SZ OK
[22:47:13] [5分钟] 第 5116/5205 只: 300314.SZ
[22:47:13] [5分钟] 5116/5205: 300314.SZ OK
[22:47:13] [5分钟] 第 5117/5205 只: 002123.SZ
[22:47:13] [5分钟] 5117/5205: 002123.SZ OK
[22:47:13] [5分钟] 第 5118/5205 只: 002538.SZ
[22:47:13] [5分钟] 5118/5205: 002538.SZ OK
[22:47:13] [5分钟] 第 5119/5205 只: 300360.SZ
[22:47:13] [5分钟] 5119/5205: 300360.SZ OK
[22:47:13] [5分钟] 第 5120/5205 只: 002157.SZ
[22:47:13] [5分钟] 5120/5205: 002157.SZ OK
[22:47:13] [5分钟] 第 5121/5205 只: 002021.SZ
[22:47:13] [5分钟] 5121/5205: 002021.SZ OK
[22:47:13] [5分钟] 第 5122/5205 只: 002055.SZ
[22:47:13] [5分钟] 5122/5205: 002055.SZ OK
[22:47:13] [5分钟] 第 5123/5205 只: 000559.SZ
[22:47:13] [5分钟] 5123/5205: 000559.SZ OK
[22:47:13] [5分钟] 第 5124/5205 只: 300679.SZ
[22:47:13] [5分钟] 5124/5205: 300679.SZ OK
[22:47:13] [5分钟] 第 5125/5205 只: 301065.SZ
[22:47:13] [5分钟] 5125/5205: 301065.SZ OK
[22:47:13] [5分钟] 第 5126/5205 只: 002963.SZ
[22:47:13] [5分钟] 5126/5205: 002963.SZ OK
[22:47:13] [5分钟] 第 5127/5205 只: 000800.SZ
[22:47:13] [5分钟] 5127/5205: 000800.SZ OK
[22:47:13] [5分钟] 第 5128/5205 只: 300691.SZ
[22:47:13] [5分钟] 5128/5205: 300691.SZ OK
[22:47:13] [5分钟] 第 5129/5205 只: 001331.SZ
[22:47:13] [5分钟] 5129/5205: 001331.SZ OK
[22:47:13] [5分钟] 第 5130/5205 只: 002917.SZ
[22:47:13] [5分钟] 5130/5205: 002917.SZ OK
[22:47:13] [5分钟] 第 5131/5205 只: 301011.SZ
[22:47:13] [5分钟] 5131/5205: 301011.SZ OK
[22:47:13] [5分钟] 第 5132/5205 只: 002251.SZ
[22:47:13] [5分钟] 5132/5205: 002251.SZ OK
[22:47:13] [5分钟] 第 5133/5205 只: 300066.SZ
[22:47:13] [5分钟] 5133/5205: 300066.SZ OK
[22:47:13] [5分钟] 第 5134/5205 只: 002225.SZ
[22:47:13] [5分钟] 5134/5205: 002225.SZ OK
[22:47:13] [5分钟] 第 5135/5205 只: 301289.SZ
[22:47:13] [5分钟] 5135/5205: 301289.SZ OK
[22:47:13] [5分钟] 第 5136/5205 只: 000729.SZ
[22:47:13] [5分钟] 5136/5205: 000729.SZ OK
[22:47:13] [5分钟] 第 5137/5205 只: 300409.SZ
[22:47:13] [5分钟] 5137/5205: 300409.SZ OK
[22:47:13] [5分钟] 第 5138/5205 只: 300012.SZ
[22:47:13] [5分钟] 5138/5205: 300012.SZ OK
[22:47:13] [5分钟] 第 5139/5205 只: 003022.SZ
[22:47:13] [5分钟] 5139/5205: 003022.SZ OK
[22:47:13] [5分钟] 第 5140/5205 只: 301215.SZ
[22:47:13] [5分钟] 5140/5205: 301215.SZ OK
[22:47:13] [5分钟] 第 5141/5205 只: 300950.SZ
[22:47:13] [5分钟] 5141/5205: 300950.SZ OK
[22:47:13] [5分钟] 第 5142/5205 只: 301261.SZ
[22:47:13] [5分钟] 5142/5205: 301261.SZ OK
[22:47:13] [5分钟] 第 5143/5205 只: 300597.SZ
[22:47:13] [5分钟] 5143/5205: 300597.SZ OK
[22:47:13] [5分钟] 第 5144/5205 只: 301317.SZ
[22:47:13] [5分钟] 5144/5205: 301317.SZ OK
[22:47:13] [5分钟] 第 5145/5205 只: 300826.SZ
[22:47:13] [5分钟] 5145/5205: 300826.SZ OK
[22:47:13] [5分钟] 第 5146/5205 只: 301363.SZ
[22:47:13] [5分钟] 5146/5205: 301363.SZ OK
[22:47:13] [5分钟] 第 5147/5205 只: 300852.SZ
[22:47:13] [5分钟] 5147/5205: 300852.SZ OK
[22:47:13] [5分钟] 第 5148/5205 只: 300164.SZ
[22:47:13] [5分钟] 5148/5205: 300164.SZ OK
[22:47:13] [5分钟] 第 5149/5205 只: 002748.SZ
[22:47:13] [5分钟] 5149/5205: 002748.SZ OK
[22:47:13] [5分钟] 第 5150/5205 只: 002353.SZ
[22:47:13] [5分钟] 5150/5205: 002353.SZ OK
[22:47:13] [5分钟 5150/5205] 成功5150，失败0，当前 002353.SZ
[22:47:13] [5分钟] 第 5151/5205 只: 300110.SZ
[22:47:13] [5分钟] 5151/5205: 300110.SZ OK
[22:47:13] [5分钟] 第 5152/5205 只: 003816.SZ
[22:47:13] [5分钟] 5152/5205: 003816.SZ OK
[22:47:13] [5分钟] 第 5153/5205 只: 002327.SZ
[22:47:13] [5分钟] 5153/5205: 002327.SZ OK
[22:47:13] [5分钟] 第 5154/5205 只: 003031.SZ
[22:47:13] [5分钟] 5154/5205: 003031.SZ OK
[22:47:13] [5分钟] 第 5155/5205 只: 300937.SZ
[22:47:13] [5分钟] 5155/5205: 300937.SZ OK
[22:47:13] [5分钟] 第 5156/5205 只: 300486.SZ
[22:47:13] [5分钟] 5156/5205: 300486.SZ OK
[22:47:13] [5分钟] 第 5157/5205 只: 301206.SZ
[22:47:13] [5分钟] 5157/5205: 301206.SZ OK
[22:47:13] [5分钟] 第 5158/5205 只: 300943.SZ
[22:47:13] [5分钟] 5158/5205: 300943.SZ OK
[22:47:13] [5分钟] 第 5159/5205 只: 301669.SZ
[22:47:13] [5分钟] 5159/5205: 301669.SZ OK
[22:47:13] [5分钟] 第 5160/5205 只: 301272.SZ
[22:47:13] [5分钟] 5160/5205: 301272.SZ OK
[22:47:13] [5分钟] 第 5161/5205 只: 002659.SZ
[22:47:13] [5分钟] 5161/5205: 002659.SZ OK
[22:47:13] [5分钟] 第 5162/5205 只: 002242.SZ
[22:47:13] [5分钟] 5162/5205: 002242.SZ OK
[22:47:13] [5分钟] 第 5163/5205 只: 300075.SZ
[22:47:13] [5分钟] 5163/5205: 300075.SZ OK
[22:47:13] [5分钟] 第 5164/5205 只: 002236.SZ
[22:47:13] [5分钟] 5164/5205: 002236.SZ OK
[22:47:13] [5分钟] 第 5165/5205 只: 300001.SZ
[22:47:13] [5分钟] 5165/5205: 300001.SZ OK
[22:47:13] [5分钟] 第 5166/5205 只: 300177.SZ
[22:47:13] [5分钟] 5166/5205: 300177.SZ OK
[22:47:13] [5分钟] 第 5167/5205 只: 002340.SZ
[22:47:13] [5分钟] 5167/5205: 002340.SZ OK
[22:47:13] [5分钟] 第 5168/5205 只: 301398.SZ
[22:47:13] [5分钟] 5168/5205: 301398.SZ OK
[22:47:13] [5分钟] 第 5169/5205 只: 300518.SZ
[22:47:13] [5分钟] 5169/5205: 300518.SZ OK
[22:47:13] [5分钟] 第 5170/5205 只: 300103.SZ
[22:47:13] [5分钟] 5170/5205: 300103.SZ OK
[22:47:13] [5分钟] 第 5171/5205 只: 002334.SZ
[22:47:13] [5分钟] 5171/5205: 002334.SZ OK
[22:47:13] [5分钟] 第 5172/5205 只: 300584.SZ
[22:47:13] [5分钟] 5172/5205: 300584.SZ OK
[22:47:13] [5分钟] 第 5173/5205 只: 300835.SZ
[22:47:13] [5分钟] 5173/5205: 300835.SZ OK
[22:47:13] [5分钟] 第 5174/5205 只: 301370.SZ
[22:47:13] [5分钟] 5174/5205: 301370.SZ OK
[22:47:13] [5分钟] 第 5175/5205 只: 300841.SZ
[22:47:13] [5分钟] 5175/5205: 300841.SZ OK
[22:47:13] [5分钟] 第 5176/5205 只: 000027.SZ
[22:47:13] [5分钟] 5176/5205: 000027.SZ OK
[22:47:13] [5分钟] 第 5177/5205 只: 301587.SZ
[22:47:13] [5分钟] 5177/5205: 301587.SZ OK
[22:47:13] [5分钟] 第 5178/5205 只: 300307.SZ
[22:47:13] [5分钟] 5178/5205: 300307.SZ OK
[22:47:13] [5分钟] 第 5179/5205 只: 002130.SZ
[22:47:13] [5分钟] 5179/5205: 002130.SZ OK
[22:47:13] [5分钟] 第 5180/5205 只: 300373.SZ
[22:47:13] [5分钟] 5180/5205: 300373.SZ OK
[22:47:13] [5分钟] 第 5181/5205 只: 300768.SZ
[22:47:13] [5分钟] 5181/5205: 300768.SZ OK
[22:47:13] [5分钟] 第 5182/5205 只: 002144.SZ
[22:47:13] [5分钟] 5182/5205: 002144.SZ OK
[22:47:13] [5分钟] 第 5183/5205 只: 002872.SZ
[22:47:13] [5分钟] 5183/5205: 002872.SZ OK
[22:47:13] [5分钟] 第 5184/5205 只: 000965.SZ
[22:47:13] [5分钟] 5184/5205: 000965.SZ OK
[22:47:13] [5分钟] 第 5185/5205 只: 300780.SZ
[22:47:13] [5分钟] 5185/5205: 300780.SZ OK
[22:47:13] [5分钟] 第 5186/5205 只: 001220.SZ
[22:47:13] [5分钟] 5186/5205: 001220.SZ OK
[22:47:13] [5分钟] 第 5187/5205 只: 301100.SZ
[22:47:13] [5分钟] 5187/5205: 301100.SZ OK
[22:47:13] [5分钟] 第 5188/5205 只: 002806.SZ
[22:47:13] [5分钟] 5188/5205: 002806.SZ OK
[22:47:13] [5分钟] 第 5189/5205 只: 000911.SZ
[22:47:13] [5分钟] 5189/5205: 000911.SZ OK
[22:47:13] [5分钟] 第 5190/5205 只: 001356.SZ
[22:47:13] [5分钟] 5190/5205: 001356.SZ OK
[22:47:13] [5分钟] 第 5191/5205 只: 301076.SZ
[22:47:13] [5分钟] 5191/5205: 301076.SZ OK
[22:47:13] [5分钟] 第 5192/5205 只: 002970.SZ
[22:47:13] [5分钟] 5192/5205: 002970.SZ OK
[22:47:13] [5分钟] 第 5193/5205 只: 000813.SZ
[22:47:13] [5分钟] 5193/5205: 000813.SZ OK
[22:47:13] [5分钟] 第 5194/5205 只: 300682.SZ
[22:47:13] [5分钟] 5194/5205: 300682.SZ OK
[22:47:13] [5分钟] 第 5195/5205 只: 001322.SZ
[22:47:13] [5分钟] 5195/5205: 001322.SZ OK
[22:47:13] [5分钟] 第 5196/5205 只: 300299.SZ
[22:47:13] [5分钟] 5196/5205: 300299.SZ OK
[22:47:13] [5分钟] 第 5197/5205 只: 301002.SZ
[22:47:13] [5分钟] 5197/5205: 301002.SZ OK
[22:47:13] [5分钟] 第 5198/5205 只: 301419.SZ
[22:47:13] [5分钟] 5198/5205: 301419.SZ OK
[22:47:13] [5分钟] 第 5199/5205 只: 002032.SZ
[22:47:13] [5分钟] 5199/5205: 002032.SZ OK
[22:47:13] [5分钟] 第 5200/5205 只: 002429.SZ
[22:47:13] [5分钟] 5200/5205: 002429.SZ OK
[22:47:13] [5分钟 5200/5205] 成功5200，失败0，当前 002429.SZ
[22:47:13] [5分钟] 第 5201/5205 只: 002998.SZ
[22:47:13] [5分钟] 5201/5205: 002998.SZ OK
[22:47:13] [5分钟] 第 5202/5205 只: 300205.SZ
[22:47:13] [5分钟] 5202/5205: 300205.SZ OK
[22:47:13] [5分钟] 第 5203/5205 只: 002046.SZ
[22:47:13] [5分钟] 5203/5205: 002046.SZ OK
[22:47:13] [5分钟] 第 5204/5205 只: 000151.SZ
[22:47:13] [5分钟] 5204/5205: 000151.SZ OK
[22:47:13] [5分钟] 第 5205/5205 只: 300271.SZ
[22:47:13] [5分钟] 5205/5205: 300271.SZ OK
[22:47:13] [5分钟 5205/5205] 成功5205，失败0，当前 300271.SZ
[22:47:13] 【5分钟完成】成功 5205/5205，失败 0
[22:47:13] 全部下载任务结束：
  成功 5205 / 5205
  失败 0
  周期 5分钟，区间 20150101~20160101
